TimeStamp;RH;C
2020-09-24 11:17;63,59;17,72
2020-09-24 11:32;63,59;17,72
2020-09-24 11:47;63,59;18,02
2020-09-24 12:02;63,59;18,32
2020-09-24 12:17;63,59;18,32
2020-09-24 12:32;63,59;18,32
2020-09-24 12:47;63,59;18,32
2020-09-24 13:02;63,59;18,32
2020-09-24 13:17;63,59;18,32
2020-09-24 13:32;63,59;18,32
2020-09-24 13:47;63,59;18,32
2020-09-24 14:02;63,59;18,32
2020-09-24 14:17;63,08;18,32
2020-09-24 14:32;63,08;18,32
2020-09-24 14:47;63,08;18,32
2020-09-24 15:02;63,08;18,32
2020-09-24 15:17;63,08;18,32
2020-09-24 15:32;63,08;18,32
2020-09-24 15:47;63,08;18,02
2020-09-24 16:02;63,08;18,02
2020-09-24 16:17;63,08;18,02
2020-09-24 16:32;63,08;18,02
2020-09-24 16:47;63,08;18,02
2020-09-24 17:02;63,08;18,02
2020-09-24 17:17;63,08;18,02
2020-09-24 17:32;63,08;18,02
2020-09-24 17:47;63,08;18,02
2020-09-24 18:02;63,08;18,02
2020-09-24 18:17;63,08;18,02
2020-09-24 18:32;63,08;18,02
2020-09-24 18:47;63,08;18,02
2020-09-24 19:02;63,08;18,02
2020-09-24 19:17;63,08;18,02
2020-09-24 19:32;63,08;18,02
2020-09-24 19:47;63,08;18,02
2020-09-24 20:02;63,08;18,02
2020-09-24 20:17;63,08;18,02
2020-09-24 20:32;63,08;18,02
2020-09-24 20:47;63,08;18,02
2020-09-24 21:02;63,08;18,02
2020-09-24 21:17;63,08;18,02
2020-09-24 21:32;63,08;18,02
2020-09-24 21:47;63,08;18,02
2020-09-24 22:02;63,08;18,02
2020-09-24 22:17;63,08;18,02
2020-09-24 22:32;63,08;18,02
2020-09-24 22:47;63,08;18,02
2020-09-24 23:02;63,08;18,02
2020-09-24 23:17;63,08;18,02
2020-09-24 23:32;63,08;18,02
2020-09-24 23:47;63,08;18,02
2020-09-25 00:02;63,08;18,02
2020-09-25 00:17;63,59;18,32
2020-09-25 00:32;63,59;18,32
2020-09-25 00:47;63,59;18,32
2020-09-25 01:02;63,59;18,32
2020-09-25 01:17;63,59;18,02
2020-09-25 01:32;63,59;18,02
2020-09-25 01:47;63,08;18,02
2020-09-25 02:02;63,08;18,02
2020-09-25 02:17;63,08;18,02
2020-09-25 02:32;63,08;18,02
2020-09-25 02:47;63,08;18,02
2020-09-25 03:02;63,08;18,02
2020-09-25 03:17;63,08;18,02
2020-09-25 03:32;63,08;18,32
2020-09-25 03:47;63,08;18,32
2020-09-25 04:02;63,08;18,02
2020-09-25 04:17;63,08;18,02
2020-09-25 04:32;63,08;18,32
2020-09-25 04:47;63,08;18,32
2020-09-25 05:02;63,08;18,02
2020-09-25 05:17;63,08;18,02
2020-09-25 05:32;63,08;18,32
2020-09-25 05:47;63,08;18,32
2020-09-25 06:02;63,08;18,32
2020-09-25 06:17;63,08;18,32
2020-09-25 06:32;63,08;18,32
2020-09-25 06:47;63,08;18,32
2020-09-25 07:02;63,08;18,32
2020-09-25 07:17;70,21;18,02
2020-09-25 07:32;70,21;17,42
2020-09-25 07:47;68,68;17,72
2020-09-25 08:02;68,18;17,72
2020-09-25 08:17;67,67;17,42
2020-09-25 08:32;67,16;17,72
2020-09-25 08:47;66,65;17,42
2020-09-25 09:02;66,14;18,02
2020-09-25 09:17;66,14;17,72
2020-09-25 09:32;65,63;17,72
2020-09-25 09:47;65,63;18,02
2020-09-25 10:02;65,63;18,02
2020-09-25 10:17;65,63;18,02
2020-09-25 10:32;65,63;18,02
2020-09-25 10:47;65,63;18,32
2020-09-25 11:02;65,63;18,32
2020-09-25 11:17;65,63;18,02
2020-09-25 11:32;65,63;18,02
2020-09-25 11:47;65,63;18,02
2020-09-25 12:02;65,63;18,02
2020-09-25 12:17;65,63;18,02
2020-09-25 12:32;65,12;18,02
2020-09-25 12:47;65,12;18,32
2020-09-25 13:02;65,12;18,32
2020-09-25 13:17;65,12;18,32
2020-09-25 13:32;65,12;18,62
2020-09-25 13:47;65,12;18,62
2020-09-25 14:02;65,12;18,62
2020-09-25 14:17;64,61;18,32
2020-09-25 14:32;64,61;18,32
2020-09-25 14:47;64,61;18,32
2020-09-25 15:02;64,61;18,32
2020-09-25 15:17;64,61;18,02
2020-09-25 15:32;64,61;18,02
2020-09-25 15:47;64,61;18,02
2020-09-25 16:02;64,61;18,32
2020-09-25 16:17;64,1;18,62
2020-09-25 16:32;64,1;18,62
2020-09-25 16:47;64,1;18,62
2020-09-25 17:02;64,1;18,62
2020-09-25 17:17;64,1;18,62
2020-09-25 17:32;64,1;18,62
2020-09-25 17:47;64,1;18,62
2020-09-25 18:02;64,1;18,62
2020-09-25 18:17;64,1;18,62
2020-09-25 18:32;64,1;18,62
2020-09-25 18:47;64,1;18,32
2020-09-25 19:02;64,1;18,32
2020-09-25 19:17;64,1;18,32
2020-09-25 19:32;64,1;18,32
2020-09-25 19:47;64,1;18,62
2020-09-25 20:02;64,1;18,32
2020-09-25 20:17;64,1;18,32
2020-09-25 20:32;64,1;18,32
2020-09-25 20:47;64,1;18,62
2020-09-25 21:02;63,59;18,62
2020-09-25 21:17;63,59;18,62
2020-09-25 21:32;63,59;18,62
2020-09-25 21:47;63,59;18,32
2020-09-25 22:02;63,59;18,62
2020-09-25 22:17;63,59;18,62
2020-09-25 22:32;63,59;18,32
2020-09-25 22:47;64,1;18,32
2020-09-25 23:02;64,1;18,32
2020-09-25 23:17;64,1;18,32
2020-09-25 23:32;64,1;18,32
2020-09-25 23:47;64,1;18,32
2020-09-26 00:02;64,1;18,32
2020-09-26 00:17;63,59;18,62
2020-09-26 00:32;63,59;18,62
2020-09-26 00:47;63,59;18,32
2020-09-26 01:02;63,59;18,32
2020-09-26 01:17;63,59;18,32
2020-09-26 01:32;63,59;18,32
2020-09-26 01:47;63,59;18,32
2020-09-26 02:02;63,59;18,32
2020-09-26 02:17;63,59;18,02
2020-09-26 02:32;63,08;18,02
2020-09-26 02:47;63,08;18,02
2020-09-26 03:02;63,08;18,02
2020-09-26 03:17;63,08;18,02
2020-09-26 03:32;63,08;18,32
2020-09-26 03:47;63,08;18,32
2020-09-26 04:02;63,08;18,32
2020-09-26 04:17;63,08;18,32
2020-09-26 04:32;63,08;18,02
2020-09-26 04:47;63,08;18,32
2020-09-26 05:02;63,59;18,32
2020-09-26 05:17;63,59;18,32
2020-09-26 05:32;63,08;18,32
2020-09-26 05:47;63,08;18,32
2020-09-26 06:02;63,08;18,32
2020-09-26 06:17;63,08;18,32
2020-09-26 06:32;63,08;18,02
2020-09-26 06:47;63,08;18,02
2020-09-26 07:02;63,08;18,02
2020-09-26 07:17;63,08;18,02
2020-09-26 07:32;63,08;18,02
2020-09-26 07:47;63,08;18,02
2020-09-26 08:02;63,08;18,02
2020-09-26 08:17;63,08;17,72
2020-09-26 08:32;63,08;17,72
2020-09-26 08:47;63,08;18,02
2020-09-26 09:02;63,08;18,02
2020-09-26 09:17;63,08;18,32
2020-09-26 09:32;63,08;18,32
2020-09-26 09:47;63,08;18,32
2020-09-26 10:02;62,57;18,62
2020-09-26 10:17;62,57;18,62
2020-09-26 10:32;62,57;18,62
2020-09-26 10:47;62,57;18,62
2020-09-26 11:02;62,57;18,62
2020-09-26 11:17;62,57;18,62
2020-09-26 11:32;63,08;18,62
2020-09-26 11:47;63,08;18,62
2020-09-26 12:02;63,08;18,62
2020-09-26 12:17;63,08;18,62
2020-09-26 12:32;63,08;18,62
2020-09-26 12:47;62,57;18,62
2020-09-26 13:02;62,57;18,62
2020-09-26 13:17;62,57;18,62
2020-09-26 13:32;62,57;18,62
2020-09-26 13:47;62,57;18,62
2020-09-26 14:02;62,57;18,62
2020-09-26 14:17;62,57;18,62
2020-09-26 14:32;62,57;18,62
2020-09-26 14:47;62,57;18,62
2020-09-26 15:02;62,57;18,62
2020-09-26 15:17;62,57;18,62
2020-09-26 15:32;62,57;18,62
2020-09-26 15:47;62,57;18,62
2020-09-26 16:02;62,57;18,62
2020-09-26 16:17;62,57;18,62
2020-09-26 16:32;62,57;18,62
2020-09-26 16:47;62,57;18,62
2020-09-26 17:02;62,57;18,62
2020-09-26 17:17;62,57;18,62
2020-09-26 17:32;62,57;18,62
2020-09-26 17:47;62,57;18,62
2020-09-26 18:02;63,08;18,62
2020-09-26 18:17;63,08;18,62
2020-09-26 18:32;63,08;18,62
2020-09-26 18:47;63,08;18,62
2020-09-26 19:02;63,08;18,62
2020-09-26 19:17;63,08;18,32
2020-09-26 19:32;63,08;18,32
2020-09-26 19:47;63,08;18,32
2020-09-26 20:02;63,08;18,32
2020-09-26 20:17;63,08;18,32
2020-09-26 20:32;63,08;18,32
2020-09-26 20:47;63,08;18,32
2020-09-26 21:02;63,08;18,32
2020-09-26 21:17;63,08;18,32
2020-09-26 21:32;63,08;18,32
2020-09-26 21:47;63,08;18,32
2020-09-26 22:02;63,08;18,32
2020-09-26 22:17;63,08;18,62
2020-09-26 22:32;63,08;18,62
2020-09-26 22:47;63,08;18,93
2020-09-26 23:02;63,08;18,93
2020-09-26 23:17;63,08;18,93
2020-09-26 23:32;63,08;18,93
2020-09-26 23:47;63,08;18,93
2020-09-27 00:02;63,08;18,93
2020-09-27 00:17;63,08;18,93
2020-09-27 00:32;63,08;18,93
2020-09-27 00:47;63,08;18,93
2020-09-27 01:02;63,08;18,93
2020-09-27 01:17;63,08;18,93
2020-09-27 01:32;63,08;18,93
2020-09-27 01:47;63,08;18,93
2020-09-27 02:02;63,08;18,93
2020-09-27 02:17;63,08;18,93
2020-09-27 02:32;63,08;18,93
2020-09-27 02:47;63,08;18,93
2020-09-27 03:02;63,08;18,93
2020-09-27 03:17;63,08;18,93
2020-09-27 03:32;63,08;18,62
2020-09-27 03:47;63,08;18,93
2020-09-27 04:02;63,08;18,93
2020-09-27 04:17;63,08;18,32
2020-09-27 04:32;63,08;18,32
2020-09-27 04:47;63,08;18,32
2020-09-27 05:02;63,08;18,32
2020-09-27 05:17;63,08;18,32
2020-09-27 05:32;63,08;18,32
2020-09-27 05:47;63,08;18,32
2020-09-27 06:02;63,08;18,32
2020-09-27 06:17;63,08;18,32
2020-09-27 06:32;63,08;18,32
2020-09-27 06:47;63,08;18,32
2020-09-27 07:02;63,08;18,02
2020-09-27 07:17;63,08;18,02
2020-09-27 07:32;63,08;18,02
2020-09-27 07:47;63,08;18,02
2020-09-27 08:02;63,08;18,02
2020-09-27 08:17;63,08;18,02
2020-09-27 08:32;63,08;18,02
2020-09-27 08:47;63,08;18,62
2020-09-27 09:02;62,57;18,62
2020-09-27 09:17;62,57;18,62
2020-09-27 09:32;62,57;18,62
2020-09-27 09:47;62,57;18,93
2020-09-27 10:02;62,57;18,93
2020-09-27 10:17;62,57;18,93
2020-09-27 10:32;62,57;18,93
2020-09-27 10:47;62,57;18,93
2020-09-27 11:02;62,57;18,93
2020-09-27 11:17;62,57;18,93
2020-09-27 11:32;62,57;18,62
2020-09-27 11:47;62,57;18,62
2020-09-27 12:02;62,57;18,62
2020-09-27 12:17;62,57;18,62
2020-09-27 12:32;62,57;18,62
2020-09-27 12:47;62,57;18,93
2020-09-27 13:02;62,57;18,93
2020-09-27 13:17;62,57;18,93
2020-09-27 13:32;62,57;18,93
2020-09-27 13:47;62,57;18,93
2020-09-27 14:02;62,57;18,93
2020-09-27 14:17;62,57;19,23
2020-09-27 14:32;62,57;19,23
2020-09-27 14:47;62,57;19,23
2020-09-27 15:02;62,57;19,23
2020-09-27 15:17;62,57;19,23
2020-09-27 15:32;62,57;19,23
2020-09-27 15:47;62,57;19,23
2020-09-27 16:02;62,57;19,23
2020-09-27 16:17;62,57;19,23
2020-09-27 16:32;62,57;19,23
2020-09-27 16:47;62,57;19,23
2020-09-27 17:02;62,57;18,93
2020-09-27 17:17;62,57;18,93
2020-09-27 17:32;62,57;18,93
2020-09-27 17:47;62,57;18,93
2020-09-27 18:02;62,57;18,93
2020-09-27 18:17;62,57;18,93
2020-09-27 18:32;62,57;18,93
2020-09-27 18:47;62,57;18,93
2020-09-27 19:02;62,57;18,93
2020-09-27 19:17;62,57;18,93
2020-09-27 19:32;62,57;18,93
2020-09-27 19:47;62,57;18,62
2020-09-27 20:02;62,57;18,62
2020-09-27 20:17;62,57;18,93
2020-09-27 20:32;62,57;18,93
2020-09-27 20:47;62,57;18,93
2020-09-27 21:02;62,57;18,93
2020-09-27 21:17;62,57;18,62
2020-09-27 21:32;62,57;18,62
2020-09-27 21:47;62,57;18,62
2020-09-27 22:02;62,57;18,62
2020-09-27 22:17;62,57;18,62
2020-09-27 22:32;62,57;18,62
2020-09-27 22:47;62,57;18,62
2020-09-27 23:02;62,57;18,62
2020-09-27 23:17;62,57;18,62
2020-09-27 23:32;62,57;18,62
2020-09-27 23:47;62,57;18,62
2020-09-28 00:02;63,08;18,62
2020-09-28 00:17;63,08;18,32
2020-09-28 00:32;63,08;18,32
2020-09-28 00:47;63,08;18,32
2020-09-28 01:02;63,08;18,32
2020-09-28 01:17;63,08;18,32
2020-09-28 01:32;63,08;18,32
2020-09-28 01:47;63,08;18,32
2020-09-28 02:02;63,08;18,32
2020-09-28 02:17;62,57;18,32
2020-09-28 02:32;63,08;18,32
2020-09-28 02:47;63,08;18,32
2020-09-28 03:02;63,08;18,62
2020-09-28 03:17;63,08;18,62
2020-09-28 03:32;62,57;18,62
2020-09-28 03:47;62,57;18,62
2020-09-28 04:02;62,57;18,62
2020-09-28 04:17;62,57;18,32
2020-09-28 04:32;62,57;18,62
2020-09-28 04:47;62,57;18,62
2020-09-28 05:02;62,57;18,62
2020-09-28 05:17;62,57;18,62
2020-09-28 05:32;62,57;18,62
2020-09-28 05:47;62,57;18,32
2020-09-28 06:02;62,57;18,32
2020-09-28 06:17;62,06;18,32
2020-09-28 06:32;62,06;18,32
2020-09-28 06:47;62,06;18,32
2020-09-28 07:02;62,06;18,32
2020-09-28 07:17;62,06;18,32
2020-09-28 07:32;62,06;18,02
2020-09-28 07:47;62,06;18,02
2020-09-28 08:02;62,06;18,02
2020-09-28 08:17;62,06;18,02
2020-09-28 08:32;61,55;18,62
2020-09-28 08:47;61,55;18,32
2020-09-28 09:02;61,55;18,62
2020-09-28 09:17;61,04;18,32
2020-09-28 09:32;61,04;18,32
2020-09-28 09:47;61,04;18,32
2020-09-28 10:02;61,04;18,32
2020-09-28 10:17;61,04;18,32
2020-09-28 10:32;61,04;18,32
2020-09-28 10:47;61,04;18,32
2020-09-28 11:02;61,04;18,02
2020-09-28 11:17;61,04;18,02
2020-09-28 11:32;61,04;18,02
2020-09-28 11:47;61,04;18,02
2020-09-28 12:02;61,04;18,32
2020-09-28 12:17;61,04;18,32
2020-09-28 12:32;61,04;18,32
2020-09-28 12:47;61,04;18,32
2020-09-28 13:02;61,04;18,32
2020-09-28 13:17;61,04;18,32
2020-09-28 13:32;61,04;18,32
2020-09-28 13:47;61,04;18,32
2020-09-28 14:02;61,04;18,32
2020-09-28 14:17;61,04;18,32
2020-09-28 14:32;61,04;18,32
2020-09-28 14:47;61,04;18,32
2020-09-28 15:02;61,04;18,62
2020-09-28 15:17;61,04;18,62
2020-09-28 15:32;61,04;18,62
2020-09-28 15:47;61,04;18,62
2020-09-28 16:02;61,04;18,62
2020-09-28 16:17;61,04;18,93
2020-09-28 16:32;61,04;18,93
2020-09-28 16:47;60,53;18,32
2020-09-28 17:02;59,53;18,02
2020-09-28 17:17;60,03;18,02
2020-09-28 17:32;60,53;18,02
2020-09-28 17:47;60,53;18,02
2020-09-28 18:02;61,04;17,72
2020-09-28 18:17;61,04;18,02
2020-09-28 18:32;61,04;18,02
2020-09-28 18:47;61,04;18,32
2020-09-28 19:02;61,04;18,32
2020-09-28 19:17;61,04;18,32
2020-09-28 19:32;61,04;18,32
2020-09-28 19:47;61,55;18,32
2020-09-28 20:02;61,55;18,32
2020-09-28 20:17;61,55;18,32
2020-09-28 20:32;61,55;18,32
2020-09-28 20:47;61,55;18,32
2020-09-28 21:02;61,04;18,32
2020-09-28 21:17;61,55;18,32
2020-09-28 21:32;61,55;18,32
2020-09-28 21:47;61,55;18,32
2020-09-28 22:02;61,55;18,32
2020-09-28 22:17;61,55;18,32
2020-09-28 22:32;61,55;18,02
2020-09-28 22:47;61,55;17,42
2020-09-28 23:02;61,55;17,42
2020-09-28 23:17;61,55;18,02
2020-09-28 23:32;61,55;18,02
2020-09-28 23:47;61,55;18,02
2020-09-29 00:02;61,55;18,32
2020-09-29 00:17;61,55;18,32
2020-09-29 00:32;61,04;18,32
2020-09-29 00:47;61,04;18,02
2020-09-29 01:02;61,04;18,02
2020-09-29 01:17;61,04;18,02
2020-09-29 01:32;61,04;17,72
2020-09-29 01:47;61,04;17,72
2020-09-29 02:02;61,04;17,72
2020-09-29 02:17;61,04;17,72
2020-09-29 02:32;61,04;17,72
2020-09-29 02:47;61,04;17,72
2020-09-29 03:02;61,04;17,72
2020-09-29 03:17;61,04;17,72
2020-09-29 03:32;60,53;17,72
2020-09-29 03:47;60,53;17,42
2020-09-29 04:02;60,53;17,42
2020-09-29 04:17;60,53;17,42
2020-09-29 04:32;60,53;17,42
2020-09-29 04:47;60,53;17,42
2020-09-29 05:02;60,53;17,42
2020-09-29 05:17;60,53;17,42
2020-09-29 05:32;60,53;17,42
2020-09-29 05:47;60,53;17,42
2020-09-29 06:02;60,53;17,42
2020-09-29 06:17;60,53;17,42
2020-09-29 06:32;60,53;17,42
2020-09-29 06:47;60,53;17,42
2020-09-29 07:02;60,53;17,42
2020-09-29 07:17;60,53;17,42
2020-09-29 07:32;60,53;17,42
2020-09-29 07:47;60,53;17,42
2020-09-29 08:02;60,53;17,42
2020-09-29 08:17;61,04;17,42
2020-09-29 08:32;61,04;17,42
2020-09-29 08:47;61,04;17,42
2020-09-29 09:02;61,04;17,42
2020-09-29 09:17;61,04;17,42
2020-09-29 09:32;61,04;17,42
2020-09-29 09:47;61,04;17,42
2020-09-29 10:02;61,04;17,42
2020-09-29 10:17;61,04;17,42
2020-09-29 10:32;61,04;17,42
2020-09-29 10:47;61,04;17,42
2020-09-29 11:02;61,04;17,42
2020-09-29 11:17;61,04;17,42
2020-09-29 11:32;61,04;17,42
2020-09-29 11:47;61,04;17,42
2020-09-29 12:02;61,04;17,42
2020-09-29 12:17;61,04;17,42
2020-09-29 12:32;61,04;17,42
2020-09-29 12:47;61,04;17,42
2020-09-29 13:02;61,04;17,42
2020-09-29 13:17;61,04;17,42
2020-09-29 13:32;61,04;17,42
2020-09-29 13:47;61,04;17,42
2020-09-29 14:02;61,04;17,42
2020-09-29 14:17;61,04;17,42
2020-09-29 14:32;61,04;17,42
2020-09-29 14:47;61,04;17,42
2020-09-29 15:02;61,04;17,42
2020-09-29 15:17;61,04;17,42
2020-09-29 15:32;61,04;17,42
2020-09-29 15:47;61,04;17,42
2020-09-29 16:02;61,04;17,72
2020-09-29 16:17;61,04;17,42
2020-09-29 16:32;61,04;17,42
2020-09-29 16:47;61,04;17,42
2020-09-29 17:02;61,04;17,72
2020-09-29 17:17;61,04;17,72
2020-09-29 17:32;61,04;17,72
2020-09-29 17:47;61,04;17,72
2020-09-29 18:02;61,04;17,72
2020-09-29 18:17;61,55;17,72
2020-09-29 18:32;61,55;17,72
2020-09-29 18:47;61,55;17,42
2020-09-29 19:02;61,55;17,42
2020-09-29 19:17;61,55;17,42
2020-09-29 19:32;61,55;17,42
2020-09-29 19:47;61,55;17,42
2020-09-29 20:02;61,55;17,42
2020-09-29 20:17;61,55;17,42
2020-09-29 20:32;61,55;17,42
2020-09-29 20:47;61,55;17,42
2020-09-29 21:02;61,55;17,42
2020-09-29 21:17;61,55;17,42
2020-09-29 21:32;61,55;17,42
2020-09-29 21:47;61,55;17,42
2020-09-29 22:02;61,55;17,42
2020-09-29 22:17;61,55;17,42
2020-09-29 22:32;61,55;17,42
2020-09-29 22:47;61,55;17,42
2020-09-29 23:02;61,55;17,42
2020-09-29 23:17;61,55;17,42
2020-09-29 23:32;61,55;17,42
2020-09-29 23:47;61,55;17,42
2020-09-30 00:02;61,55;17,42
2020-09-30 00:17;61,55;17,42
2020-09-30 00:32;61,55;17,42
2020-09-30 00:47;61,55;17,42
2020-09-30 01:02;61,55;17,42
2020-09-30 01:17;61,55;17,42
2020-09-30 01:32;61,55;17,42
2020-09-30 01:47;61,55;17,42
2020-09-30 02:02;61,55;17,42
2020-09-30 02:17;61,55;17,42
2020-09-30 02:32;61,55;17,42
2020-09-30 02:47;61,55;17,42
2020-09-30 03:02;61,55;17,42
2020-09-30 03:17;61,55;17,42
2020-09-30 03:32;62,06;17,42
2020-09-30 03:47;62,06;17,42
2020-09-30 04:02;62,06;17,42
2020-09-30 04:17;62,06;17,42
2020-09-30 04:32;62,06;17,42
2020-09-30 04:47;62,06;17,42
2020-09-30 05:02;62,06;17,42
2020-09-30 05:17;62,06;17,42
2020-09-30 05:32;62,06;17,42
2020-09-30 05:47;62,06;17,42
2020-09-30 06:02;62,06;17,42
2020-09-30 06:17;62,06;17,42
2020-09-30 06:32;62,06;17,42
2020-09-30 06:47;62,06;17,42
2020-09-30 07:02;62,06;17,42
2020-09-30 07:17;62,06;17,42
2020-09-30 07:32;62,06;17,42
2020-09-30 07:47;62,06;17,42
2020-09-30 08:02;62,06;17,42
2020-09-30 08:17;62,06;17,42
2020-09-30 08:32;62,06;17,42
2020-09-30 08:47;62,06;17,42
2020-09-30 09:02;62,06;17,42
2020-09-30 09:17;62,06;17,42
2020-09-30 09:32;62,06;17,42
2020-09-30 09:47;62,06;17,42
2020-09-30 10:02;62,06;17,42
2020-09-30 10:17;62,06;17,42
2020-09-30 10:32;62,06;17,42
2020-09-30 10:47;62,06;17,42
2020-09-30 11:02;61,55;17,42
2020-09-30 11:17;61,55;17,42
2020-09-30 11:32;61,55;17,42
2020-09-30 11:47;61,55;17,42
2020-09-30 12:02;61,55;17,42
2020-09-30 12:17;61,55;17,42
2020-09-30 12:32;61,55;17,42
2020-09-30 12:47;62,06;17,42
2020-09-30 13:02;62,06;17,42
2020-09-30 13:17;62,06;17,42
2020-09-30 13:32;62,06;17,42
2020-09-30 13:47;62,06;17,42
2020-09-30 14:02;62,06;17,42
2020-09-30 14:17;62,06;17,42
2020-09-30 14:32;62,06;17,42
2020-09-30 14:47;62,06;17,42
2020-09-30 15:02;62,06;17,42
2020-09-30 15:17;62,06;17,42
2020-09-30 15:32;62,06;17,42
2020-09-30 15:47;62,06;17,42
2020-09-30 16:02;62,06;17,42
2020-09-30 16:17;62,06;17,42
2020-09-30 16:32;62,06;17,42
2020-09-30 16:47;62,06;17,42
2020-09-30 17:02;62,06;17,42
2020-09-30 17:17;62,06;17,42
2020-09-30 17:32;62,06;17,42
2020-09-30 17:47;62,06;17,42
2020-09-30 18:02;62,06;17,42
2020-09-30 18:17;62,06;17,42
2020-09-30 18:32;62,06;17,42
2020-09-30 18:47;62,06;17,42
2020-09-30 19:02;62,06;17,42
2020-09-30 19:17;62,06;17,42
2020-09-30 19:32;62,06;17,42
2020-09-30 19:47;61,55;17,42
2020-09-30 20:02;61,55;17,42
2020-09-30 20:17;61,55;17,42
2020-09-30 20:32;61,55;17,42
2020-09-30 20:47;61,55;17,42
2020-09-30 21:02;61,55;17,42
2020-09-30 21:17;61,55;17,42
2020-09-30 21:32;61,55;17,42
2020-09-30 21:47;61,55;17,42
2020-09-30 22:02;61,55;17,42
2020-09-30 22:17;61,55;17,42
2020-09-30 22:32;61,55;17,42
2020-09-30 22:47;61,55;17,42
2020-09-30 23:02;61,55;17,42
2020-09-30 23:17;62,06;17,42
2020-09-30 23:32;62,06;17,42
2020-09-30 23:47;62,06;17,42
2020-10-01 00:02;62,06;17,42
2020-10-01 00:17;62,06;17,42
2020-10-01 00:32;62,06;17,42
2020-10-01 00:47;62,06;17,42
2020-10-01 01:02;62,06;17,42
2020-10-01 01:17;61,55;17,42
2020-10-01 01:32;61,55;17,42
2020-10-01 01:47;61,55;17,42
2020-10-01 02:02;61,55;17,42
2020-10-01 02:17;61,55;17,42
2020-10-01 02:32;61,55;17,42
2020-10-01 02:47;61,55;17,42
2020-10-01 03:02;61,55;17,42
2020-10-01 03:17;61,55;17,42
2020-10-01 03:32;61,55;17,42
2020-10-01 03:47;61,55;17,42
2020-10-01 04:02;61,55;18,02
2020-10-01 04:17;61,04;17,72
2020-10-01 04:32;61,04;17,72
2020-10-01 04:47;61,04;17,72
2020-10-01 05:02;61,04;17,72
2020-10-01 05:17;61,04;17,72
2020-10-01 05:32;61,04;17,72
2020-10-01 05:47;61,04;17,72
2020-10-01 06:02;61,04;17,72
2020-10-01 06:17;61,04;17,72
2020-10-01 06:32;61,04;17,72
2020-10-01 06:47;61,04;17,72
2020-10-01 07:02;61,04;17,72
2020-10-01 07:17;61,04;17,72
2020-10-01 07:32;61,04;17,72
2020-10-01 07:47;61,04;17,72
2020-10-01 08:02;61,04;17,72
2020-10-01 08:17;61,04;17,72
2020-10-01 08:32;61,04;17,72
2020-10-01 08:47;61,04;17,72
2020-10-01 09:02;61,04;17,72
2020-10-01 09:17;61,04;17,72
2020-10-01 09:32;61,04;17,72
2020-10-01 09:47;61,04;17,72
2020-10-01 10:02;61,04;17,72
2020-10-01 10:17;61,04;17,42
2020-10-01 10:32;61,04;17,42
2020-10-01 10:47;60,53;17,42
2020-10-01 11:02;60,53;17,42
2020-10-01 11:17;60,53;17,42
2020-10-01 11:32;61,04;17,42
2020-10-01 11:47;61,04;17,42
2020-10-01 12:02;61,04;17,42
2020-10-01 12:17;61,04;17,42
2020-10-01 12:32;61,04;17,42
2020-10-01 12:47;61,04;17,42
2020-10-01 13:02;61,04;17,42
2020-10-01 13:17;61,04;17,42
2020-10-01 13:32;61,04;17,42
2020-10-01 13:47;61,04;17,72
2020-10-01 14:02;61,04;17,72
2020-10-01 14:17;61,04;17,72
2020-10-01 14:32;61,04;17,72
2020-10-01 14:47;61,04;17,72
2020-10-01 15:02;61,04;17,72
2020-10-01 15:17;61,04;17,72
2020-10-01 15:32;61,04;17,72
2020-10-01 15:47;61,04;17,72
2020-10-01 16:02;61,04;17,72
2020-10-01 16:17;61,04;17,72
2020-10-01 16:32;61,04;17,72
2020-10-01 16:47;61,04;17,72
2020-10-01 17:02;61,04;17,72
2020-10-01 17:17;61,04;17,72
2020-10-01 17:32;61,04;17,72
2020-10-01 17:47;62,06;17,42
2020-10-01 18:02;62,06;17,42
2020-10-01 18:17;62,06;17,42
2020-10-01 18:32;62,06;17,42
2020-10-01 18:47;62,06;17,42
2020-10-01 19:02;62,06;17,42
2020-10-01 19:17;62,06;17,42
2020-10-01 19:32;62,06;17,42
2020-10-01 19:47;62,06;17,42
2020-10-01 20:02;61,55;17,42
2020-10-01 20:17;61,55;17,42
2020-10-01 20:32;61,55;17,42
2020-10-01 20:47;61,55;17,42
2020-10-01 21:02;61,55;17,42
2020-10-01 21:17;61,55;17,72
2020-10-01 21:32;61,55;17,72
2020-10-01 21:47;61,04;17,72
2020-10-01 22:02;61,04;17,72
2020-10-01 22:17;61,04;17,72
2020-10-01 22:32;61,04;17,72
2020-10-01 22:47;61,04;17,72
2020-10-01 23:02;61,04;17,72
2020-10-01 23:17;61,04;17,72
2020-10-01 23:32;61,04;17,72
2020-10-01 23:47;61,04;17,13
2020-10-02 00:02;61,04;17,13
2020-10-02 00:17;61,04;17,13
2020-10-02 00:32;61,04;17,42
2020-10-02 00:47;60,53;17,42
2020-10-02 01:02;60,53;17,42
2020-10-02 01:17;61,04;17,13
2020-10-02 01:32;61,04;17,13
2020-10-02 01:47;61,04;17,13
2020-10-02 02:02;61,04;17,13
2020-10-02 02:17;61,04;17,13
2020-10-02 02:32;61,04;17,13
2020-10-02 02:47;61,04;17,13
2020-10-02 03:02;61,04;17,13
2020-10-02 03:17;60,53;17,42
2020-10-02 03:32;60,53;17,42
2020-10-02 03:47;60,53;17,42
2020-10-02 04:02;60,53;17,42
2020-10-02 04:17;60,53;17,42
2020-10-02 04:32;60,53;17,42
2020-10-02 04:47;60,53;17,42
2020-10-02 05:02;60,53;17,42
2020-10-02 05:17;61,04;17,42
2020-10-02 05:32;61,04;17,42
2020-10-02 05:47;61,04;17,72
2020-10-02 06:02;61,04;17,72
2020-10-02 06:17;60,53;17,72
2020-10-02 06:32;60,53;17,72
2020-10-02 06:47;60,53;17,72
2020-10-02 07:02;60,53;17,42
2020-10-02 07:17;60,03;17,42
2020-10-02 07:32;60,53;17,42
2020-10-02 07:47;60,53;17,42
2020-10-02 08:02;60,53;17,42
2020-10-02 08:17;60,53;17,42
2020-10-02 08:32;60,53;17,42
2020-10-02 08:47;60,53;17,42
2020-10-02 09:02;60,53;17,42
2020-10-02 09:17;60,53;17,42
2020-10-02 09:32;60,53;17,42
2020-10-02 09:47;60,03;17,42
2020-10-02 10:02;60,03;17,42
2020-10-02 10:17;60,03;17,72
2020-10-02 10:32;60,03;18,02
2020-10-02 10:47;60,03;18,02
2020-10-02 11:02;60,03;17,42
2020-10-02 11:17;60,03;17,42
2020-10-02 11:32;60,03;17,42
2020-10-02 11:47;60,53;17,42
2020-10-02 12:02;60,53;17,42
2020-10-02 12:17;60,53;17,42
2020-10-02 12:32;60,53;17,42
2020-10-02 12:47;60,53;17,42
2020-10-02 13:02;60,53;17,42
2020-10-02 13:17;60,53;17,42
2020-10-02 13:32;60,53;17,42
2020-10-02 13:47;60,53;18,02
2020-10-02 14:02;60,53;17,42
2020-10-02 14:17;60,53;17,42
2020-10-02 14:32;60,53;17,42
2020-10-02 14:47;60,03;17,42
2020-10-02 15:02;60,03;17,42
2020-10-02 15:17;60,53;17,42
2020-10-02 15:32;60,53;17,42
2020-10-02 15:47;60,53;17,42
2020-10-02 16:02;60,53;17,42
2020-10-02 16:17;60,53;17,42
2020-10-02 16:32;60,03;17,42
2020-10-02 16:47;60,03;17,42
2020-10-02 17:02;60,53;17,42
2020-10-02 17:17;60,53;17,42
2020-10-02 17:32;60,53;17,42
2020-10-02 17:47;60,53;17,42
2020-10-02 18:02;60,53;17,42
2020-10-02 18:17;60,53;17,42
2020-10-02 18:32;60,53;17,72
2020-10-02 18:47;60,53;17,72
2020-10-02 19:02;60,53;17,72
2020-10-02 19:17;60,53;17,72
2020-10-02 19:32;60,53;17,72
2020-10-02 19:47;60,53;17,72
2020-10-02 20:02;60,53;17,72
2020-10-02 20:17;60,53;17,72
2020-10-02 20:32;60,53;17,72
2020-10-02 20:47;60,53;17,72
2020-10-02 21:02;60,53;17,42
2020-10-02 21:17;60,53;17,72
2020-10-02 21:32;60,53;17,42
2020-10-02 21:47;60,53;17,42
2020-10-02 22:02;60,53;17,42
2020-10-02 22:17;60,53;17,42
2020-10-02 22:32;60,53;17,42
2020-10-02 22:47;60,53;17,42
2020-10-02 23:02;60,53;17,42
2020-10-02 23:17;60,53;17,42
2020-10-02 23:32;60,53;17,42
2020-10-02 23:47;60,53;17,42
2020-10-03 00:02;60,53;17,42
2020-10-03 00:17;60,53;17,42
2020-10-03 00:32;60,53;17,42
2020-10-03 00:47;60,53;17,42
2020-10-03 01:02;60,53;17,42
2020-10-03 01:17;60,53;17,42
2020-10-03 01:32;60,53;17,42
2020-10-03 01:47;60,53;17,42
2020-10-03 02:02;60,03;17,42
2020-10-03 02:17;60,53;17,42
2020-10-03 02:32;60,53;17,42
2020-10-03 02:47;60,53;17,42
2020-10-03 03:02;60,53;17,42
2020-10-03 03:17;60,53;17,42
2020-10-03 03:32;60,53;17,42
2020-10-03 03:47;60,53;17,42
2020-10-03 04:02;60,53;17,42
2020-10-03 04:17;60,53;17,42
2020-10-03 04:32;60,53;17,42
2020-10-03 04:47;60,53;17,42
2020-10-03 05:02;60,53;17,42
2020-10-03 05:17;60,53;17,42
2020-10-03 05:32;60,53;17,42
2020-10-03 05:47;60,03;17,42
2020-10-03 06:02;60,03;17,42
2020-10-03 06:17;60,03;17,42
2020-10-03 06:32;60,03;17,42
2020-10-03 06:47;60,03;17,42
2020-10-03 07:02;60,03;17,42
2020-10-03 07:17;60,03;17,42
2020-10-03 07:32;60,03;17,72
2020-10-03 07:47;60,03;17,72
2020-10-03 08:02;60,03;17,72
2020-10-03 08:17;60,03;17,72
2020-10-03 08:32;60,03;17,72
2020-10-03 08:47;60,03;17,72
2020-10-03 09:02;60,03;17,72
2020-10-03 09:17;60,03;17,72
2020-10-03 09:32;60,03;17,72
2020-10-03 09:47;60,03;17,72
2020-10-03 10:02;60,03;17,72
2020-10-03 10:17;60,03;17,72
2020-10-03 10:32;60,03;17,72
2020-10-03 10:47;60,03;17,72
2020-10-03 11:02;60,03;17,72
2020-10-03 11:17;60,03;17,72
2020-10-03 11:32;60,03;17,72
2020-10-03 11:47;60,03;17,42
2020-10-03 12:02;60,03;17,42
2020-10-03 12:17;60,03;17,42
2020-10-03 12:32;60,03;18,02
2020-10-03 12:47;60,03;18,02
2020-10-03 13:02;60,03;18,02
2020-10-03 13:17;60,03;17,72
2020-10-03 13:32;60,03;17,72
2020-10-03 13:47;60,03;17,72
2020-10-03 14:02;60,03;17,72
2020-10-03 14:17;60,03;17,72
2020-10-03 14:32;60,03;17,72
2020-10-03 14:47;60,03;17,72
2020-10-03 15:02;60,03;17,72
2020-10-03 15:17;60,03;17,72
2020-10-03 15:32;60,03;17,72
2020-10-03 15:47;60,03;18,02
2020-10-03 16:02;60,03;18,02
2020-10-03 16:17;60,03;18,02
2020-10-03 16:32;60,03;18,02
2020-10-03 16:47;60,03;18,02
2020-10-03 17:02;60,03;18,02
2020-10-03 17:17;60,03;18,02
2020-10-03 17:32;60,03;17,42
2020-10-03 17:47;60,03;18,02
2020-10-03 18:02;60,03;17,42
2020-10-03 18:17;60,03;17,42
2020-10-03 18:32;60,03;17,42
2020-10-03 18:47;60,03;17,42
2020-10-03 19:02;60,53;17,42
2020-10-03 19:17;60,53;17,42
2020-10-03 19:32;60,53;17,42
2020-10-03 19:47;60,53;17,42
2020-10-03 20:02;60,53;17,42
2020-10-03 20:17;60,53;17,42
2020-10-03 20:32;60,53;17,72
2020-10-03 20:47;60,53;17,72
2020-10-03 21:02;60,53;17,72
2020-10-03 21:17;60,53;17,72
2020-10-03 21:32;60,53;17,72
2020-10-03 21:47;60,53;17,72
2020-10-03 22:02;60,53;17,72
2020-10-03 22:17;60,53;17,72
2020-10-03 22:32;60,53;17,72
2020-10-03 22:47;60,53;17,72
2020-10-03 23:02;60,53;17,72
2020-10-03 23:17;60,53;17,72
2020-10-03 23:32;60,53;17,72
2020-10-03 23:47;60,53;17,72
2020-10-04 00:02;60,53;17,72
2020-10-04 00:17;60,53;17,72
2020-10-04 00:32;60,53;17,72
2020-10-04 00:47;60,53;17,72
2020-10-04 01:02;60,53;17,72
2020-10-04 01:17;60,53;17,72
2020-10-04 01:32;60,53;17,72
2020-10-04 01:47;60,53;17,72
2020-10-04 02:02;60,53;17,72
2020-10-04 02:17;60,53;17,72
2020-10-04 02:32;60,53;17,72
2020-10-04 02:47;60,53;17,72
2020-10-04 03:02;60,53;17,72
2020-10-04 03:17;60,53;17,72
2020-10-04 03:32;60,53;17,72
2020-10-04 03:47;60,53;17,72
2020-10-04 04:02;60,53;17,72
2020-10-04 04:17;60,53;17,72
2020-10-04 04:32;60,53;17,72
2020-10-04 04:47;60,53;17,72
2020-10-04 05:02;60,53;17,72
2020-10-04 05:17;61,04;18,02
2020-10-04 05:32;61,04;17,42
2020-10-04 05:47;61,04;17,42
2020-10-04 06:02;61,04;17,42
2020-10-04 06:17;60,53;17,42
2020-10-04 06:32;61,04;17,42
2020-10-04 06:47;61,04;17,42
2020-10-04 07:02;61,04;17,42
2020-10-04 07:17;61,04;17,42
2020-10-04 07:32;61,04;18,02
2020-10-04 07:47;61,04;18,02
2020-10-04 08:02;61,04;18,02
2020-10-04 08:17;61,04;18,02
2020-10-04 08:32;60,53;17,72
2020-10-04 08:47;60,53;17,72
2020-10-04 09:02;60,53;17,72
2020-10-04 09:17;60,53;17,72
2020-10-04 09:32;60,53;17,72
2020-10-04 09:47;60,53;17,72
2020-10-04 10:02;60,53;17,72
2020-10-04 10:17;60,53;17,72
2020-10-04 10:32;60,53;17,72
2020-10-04 10:47;60,53;17,72
2020-10-04 11:02;60,53;17,72
2020-10-04 11:17;60,53;17,72
2020-10-04 11:32;60,53;17,72
2020-10-04 11:47;60,53;17,72
2020-10-04 12:02;60,53;17,72
2020-10-04 12:17;60,53;17,72
2020-10-04 12:32;60,53;17,72
2020-10-04 12:47;60,53;17,72
2020-10-04 13:02;60,53;17,42
2020-10-04 13:17;60,53;17,42
2020-10-04 13:32;60,53;17,42
2020-10-04 13:47;60,53;17,42
2020-10-04 14:02;60,53;17,42
2020-10-04 14:17;60,53;17,42
2020-10-04 14:32;60,53;17,72
2020-10-04 14:47;60,53;17,72
2020-10-04 15:02;60,53;17,72
2020-10-04 15:17;60,53;17,72
2020-10-04 15:32;60,53;17,72
2020-10-04 15:47;60,53;17,72
2020-10-04 16:02;60,53;17,72
2020-10-04 16:17;60,53;17,72
2020-10-04 16:32;60,53;17,72
2020-10-04 16:47;60,53;17,72
2020-10-04 17:02;60,53;17,72
2020-10-04 17:17;60,53;17,72
2020-10-04 17:32;60,53;17,72
2020-10-04 17:47;60,53;17,72
2020-10-04 18:02;60,53;17,72
2020-10-04 18:17;60,53;17,72
2020-10-04 18:32;60,53;17,72
2020-10-04 18:47;60,53;17,72
2020-10-04 19:02;60,53;17,72
2020-10-04 19:17;60,53;17,72
2020-10-04 19:32;60,53;17,72
2020-10-04 19:47;60,53;17,72
2020-10-04 20:02;60,53;17,72
2020-10-04 20:17;60,53;17,72
2020-10-04 20:32;60,53;17,72
2020-10-04 20:47;60,53;17,72
2020-10-04 21:02;60,53;17,72
2020-10-04 21:17;60,53;17,72
2020-10-04 21:32;60,53;17,72
2020-10-04 21:47;60,53;17,72
2020-10-04 22:02;60,53;17,72
2020-10-04 22:17;60,53;17,72
2020-10-04 22:32;60,53;17,72
2020-10-04 22:47;60,53;17,72
2020-10-04 23:02;60,53;17,72
2020-10-04 23:17;61,04;17,72
2020-10-04 23:32;61,04;17,72
2020-10-04 23:47;61,04;17,42
2020-10-05 00:02;60,53;17,42
2020-10-05 00:17;60,53;17,42
2020-10-05 00:32;60,53;17,42
2020-10-05 00:47;60,53;17,42
2020-10-05 01:02;60,53;17,42
2020-10-05 01:17;60,53;17,42
2020-10-05 01:32;60,53;17,42
2020-10-05 01:47;60,53;17,42
2020-10-05 02:02;60,53;17,42
2020-10-05 02:17;60,53;17,42
2020-10-05 02:32;60,53;17,42
2020-10-05 02:47;60,53;17,42
2020-10-05 03:02;60,53;17,42
2020-10-05 03:17;60,53;17,42
2020-10-05 03:32;60,53;17,42
2020-10-05 03:47;60,53;17,42
2020-10-05 04:02;60,53;17,42
2020-10-05 04:17;60,53;17,42
2020-10-05 04:32;60,53;17,42
2020-10-05 04:47;60,53;17,42
2020-10-05 05:02;60,53;17,42
2020-10-05 05:17;60,53;17,42
2020-10-05 05:32;60,53;17,42
2020-10-05 05:47;60,53;17,42
2020-10-05 06:02;60,53;17,42
2020-10-05 06:17;60,53;17,42
2020-10-05 06:32;60,53;17,42
2020-10-05 06:47;60,53;17,42
2020-10-05 07:02;60,53;17,42
2020-10-05 07:17;60,53;17,42
2020-10-05 07:32;60,53;17,42
2020-10-05 07:47;60,53;17,42
2020-10-05 08:02;60,53;17,42
2020-10-05 08:17;61,04;17,42
2020-10-05 08:32;61,04;17,72
2020-10-05 08:47;61,04;17,72
2020-10-05 09:02;61,04;17,72
2020-10-05 09:17;61,04;17,72
2020-10-05 09:32;61,04;18,02
2020-10-05 09:47;61,55;18,02
2020-10-05 10:02;61,55;18,02
2020-10-05 10:17;61,55;18,02
2020-10-05 10:32;61,04;18,02
2020-10-05 10:47;61,04;18,02
2020-10-05 11:02;61,04;18,02
2020-10-05 11:17;61,04;18,02
2020-10-05 11:32;61,04;18,02
2020-10-05 11:47;61,04;18,02
2020-10-05 12:02;61,04;17,72
2020-10-05 12:17;61,04;18,02
2020-10-05 12:32;61,04;18,02
2020-10-05 12:47;61,04;18,02
2020-10-05 13:02;62,06;17,72
2020-10-05 13:17;61,55;18,02
2020-10-05 13:32;61,55;18,02
2020-10-05 13:47;61,55;18,32
2020-10-05 14:02;61,04;18,32
2020-10-05 14:17;61,04;18,02
2020-10-05 14:32;61,04;18,02
2020-10-05 14:47;61,04;18,02
2020-10-05 15:02;61,04;18,02
2020-10-05 15:17;61,04;18,02
2020-10-05 15:32;61,04;18,02
2020-10-05 15:47;61,04;18,02
2020-10-05 16:02;61,04;18,02
2020-10-05 16:17;61,04;18,02
2020-10-05 16:32;61,04;18,02
2020-10-05 16:47;61,04;18,02
2020-10-05 17:02;61,04;18,02
2020-10-05 17:17;61,04;18,02
2020-10-05 17:32;61,04;18,02
2020-10-05 17:47;61,04;18,02
2020-10-05 18:02;61,04;18,02
2020-10-05 18:17;61,04;18,02
2020-10-05 18:32;61,04;18,02
2020-10-05 18:47;61,04;18,32
2020-10-05 19:02;61,04;18,32
2020-10-05 19:17;61,04;18,32
2020-10-05 19:32;61,55;18,32
2020-10-05 19:47;61,55;18,32
2020-10-05 20:02;61,55;18,32
2020-10-05 20:17;61,55;18,32
2020-10-05 20:32;61,55;18,32
2020-10-05 20:47;61,04;18,32
2020-10-05 21:02;61,04;18,32
2020-10-05 21:17;61,04;18,32
2020-10-05 21:32;61,04;18,32
2020-10-05 21:47;61,04;18,32
2020-10-05 22:02;61,04;18,32
2020-10-05 22:17;61,04;18,32
2020-10-05 22:32;61,04;18,32
2020-10-05 22:47;61,04;18,32
2020-10-05 23:02;61,55;18,32
2020-10-05 23:17;61,55;18,32
2020-10-05 23:32;61,55;18,32
2020-10-05 23:47;61,55;18,32
2020-10-06 00:02;61,55;18,32
2020-10-06 00:17;61,55;18,32
2020-10-06 00:32;61,55;18,32
2020-10-06 00:47;61,55;18,32
2020-10-06 01:02;61,55;18,32
2020-10-06 01:17;61,55;18,32
2020-10-06 01:32;61,55;18,32
2020-10-06 01:47;61,55;18,32
2020-10-06 02:02;61,55;18,32
2020-10-06 02:17;61,55;18,32
2020-10-06 02:32;61,55;18,32
2020-10-06 02:47;61,55;18,02
2020-10-06 03:02;61,55;18,02
2020-10-06 03:17;61,55;18,02
2020-10-06 03:32;61,55;18,02
2020-10-06 03:47;61,55;18,02
2020-10-06 04:02;61,55;18,02
2020-10-06 04:17;61,55;18,02
2020-10-06 04:32;61,55;18,02
2020-10-06 04:47;62,06;18,02
2020-10-06 05:02;62,06;18,02
2020-10-06 05:17;62,06;17,72
2020-10-06 05:32;62,06;17,72
2020-10-06 05:47;62,06;17,72
2020-10-06 06:02;62,06;18,02
2020-10-06 06:17;62,06;18,02
2020-10-06 06:32;62,06;18,02
2020-10-06 06:47;62,06;18,02
2020-10-06 07:02;62,06;17,72
2020-10-06 07:17;62,06;17,72
2020-10-06 07:32;62,06;17,72
2020-10-06 07:47;62,06;17,72
2020-10-06 08:02;62,06;17,72
2020-10-06 08:17;62,06;17,72
2020-10-06 08:32;62,06;18,02
2020-10-06 08:47;62,06;18,02
2020-10-06 09:02;62,06;18,02
2020-10-06 09:17;62,06;18,02
2020-10-06 09:32;62,06;18,02
2020-10-06 09:47;62,06;18,02
2020-10-06 10:02;61,55;18,32
2020-10-06 10:17;61,55;18,32
2020-10-06 10:32;61,55;18,32
2020-10-06 10:47;61,55;18,02
2020-10-06 11:02;61,55;18,02
2020-10-06 11:17;61,55;18,32
2020-10-06 11:32;61,55;18,32
2020-10-06 11:47;61,04;18,32
2020-10-06 12:02;61,04;18,32
2020-10-06 12:17;61,04;18,32
2020-10-06 12:32;61,04;18,32
2020-10-06 12:47;61,04;18,32
2020-10-06 13:02;61,04;18,32
2020-10-06 13:17;61,04;18,32
2020-10-06 13:32;61,04;18,02
2020-10-06 13:47;61,04;18,02
2020-10-06 14:02;61,04;18,02
2020-10-06 14:17;61,04;18,02
2020-10-06 14:32;61,04;18,32
2020-10-06 14:47;61,04;18,32
2020-10-06 15:02;61,55;18,02
2020-10-06 15:17;61,55;18,02
2020-10-06 15:32;61,55;18,02
2020-10-06 15:47;61,55;18,32
2020-10-06 16:02;61,55;18,32
2020-10-06 16:17;61,55;18,32
2020-10-06 16:32;61,55;18,32
2020-10-06 16:47;61,55;18,32
2020-10-06 17:02;61,55;18,32
2020-10-06 17:17;61,55;18,32
2020-10-06 17:32;61,55;18,32
2020-10-06 17:47;61,55;18,02
2020-10-06 18:02;61,55;18,02
2020-10-06 18:17;61,55;18,02
2020-10-06 18:32;61,55;18,32
2020-10-06 18:47;61,55;18,32
2020-10-06 19:02;61,55;18,32
2020-10-06 19:17;61,55;18,32
2020-10-06 19:32;61,55;18,32
2020-10-06 19:47;61,55;18,32
2020-10-06 20:02;61,04;18,32
2020-10-06 20:17;61,04;18,32
2020-10-06 20:32;61,04;18,32
2020-10-06 20:47;61,55;18,32
2020-10-06 21:02;61,55;18,32
2020-10-06 21:17;61,55;18,32
2020-10-06 21:32;61,55;18,32
2020-10-06 21:47;61,55;18,02
2020-10-06 22:02;61,55;18,02
2020-10-06 22:17;61,55;18,02
2020-10-06 22:32;61,55;18,02
2020-10-06 22:47;61,55;18,02
2020-10-06 23:02;61,55;18,02
2020-10-06 23:17;61,55;18,02
2020-10-06 23:32;61,55;18,02
2020-10-06 23:47;61,55;18,02
2020-10-07 00:02;62,06;18,02
2020-10-07 00:17;62,06;18,02
2020-10-07 00:32;62,06;18,02
2020-10-07 00:47;62,06;18,02
2020-10-07 01:02;62,06;17,72
2020-10-07 01:17;62,06;17,72
2020-10-07 01:32;62,06;18,02
2020-10-07 01:47;62,06;18,02
2020-10-07 02:02;62,06;18,02
2020-10-07 02:17;62,06;18,02
2020-10-07 02:32;62,06;18,02
2020-10-07 02:47;62,06;18,02
2020-10-07 03:02;62,06;18,02
2020-10-07 03:17;62,06;17,72
2020-10-07 03:32;62,06;17,72
2020-10-07 03:47;62,06;17,72
2020-10-07 04:02;62,06;17,72
2020-10-07 04:17;62,06;17,72
2020-10-07 04:32;62,06;17,72
2020-10-07 04:47;62,06;17,72
2020-10-07 05:02;62,06;17,72
2020-10-07 05:17;62,06;17,72
2020-10-07 05:32;62,06;17,72
2020-10-07 05:47;62,06;17,72
2020-10-07 06:02;62,06;17,72
2020-10-07 06:17;62,06;17,72
2020-10-07 06:32;62,06;17,72
2020-10-07 06:47;62,06;17,72
2020-10-07 07:02;62,06;17,72
2020-10-07 07:17;62,06;17,72
2020-10-07 07:32;62,06;18,02
2020-10-07 07:47;62,06;17,72
2020-10-07 08:02;62,06;17,72
2020-10-07 08:17;62,06;18,02
2020-10-07 08:32;62,06;18,02
2020-10-07 08:47;62,06;18,02
2020-10-07 09:02;62,06;18,02
2020-10-07 09:17;62,06;18,02
2020-10-07 09:32;62,06;18,02
2020-10-07 09:47;62,06;18,02
2020-10-07 10:02;62,06;18,02
2020-10-07 10:17;62,06;17,72
2020-10-07 10:32;62,06;17,72
2020-10-07 10:47;62,06;17,72
2020-10-07 11:02;62,06;17,72
2020-10-07 11:17;62,06;17,72
2020-10-07 11:32;62,06;18,02
2020-10-07 11:47;62,06;18,02
2020-10-07 12:02;62,06;18,02
2020-10-07 12:17;62,06;18,02
2020-10-07 12:32;62,06;18,02
2020-10-07 12:47;62,06;18,02
2020-10-07 13:02;62,06;18,02
2020-10-07 13:17;62,06;18,02
2020-10-07 13:32;62,06;18,02
2020-10-07 13:47;62,06;18,02
2020-10-07 14:02;62,06;17,72
2020-10-07 14:17;62,06;17,72
2020-10-07 14:32;62,06;17,72
2020-10-07 14:47;62,06;17,72
2020-10-07 15:02;62,06;17,72
2020-10-07 15:17;62,06;17,72
2020-10-07 15:32;62,06;18,02
2020-10-07 15:47;62,06;18,02
2020-10-07 16:02;62,06;18,02
2020-10-07 16:17;62,06;18,02
2020-10-07 16:32;62,06;18,02
2020-10-07 16:47;62,06;18,02
2020-10-07 17:02;62,06;18,02
2020-10-07 17:17;62,06;18,02
2020-10-07 17:32;62,06;18,02
2020-10-07 17:47;62,06;18,02
2020-10-07 18:02;61,55;18,02
2020-10-07 18:17;61,55;18,32
2020-10-07 18:32;61,55;18,02
2020-10-07 18:47;61,55;18,02
2020-10-07 19:02;61,55;18,02
2020-10-07 19:17;61,55;18,02
2020-10-07 19:32;61,55;18,02
2020-10-07 19:47;61,55;18,02
2020-10-07 20:02;61,55;18,02
2020-10-07 20:17;61,55;18,02
2020-10-07 20:32;61,55;18,02
2020-10-07 20:47;61,55;18,02
2020-10-07 21:02;62,06;18,02
2020-10-07 21:17;62,06;18,02
2020-10-07 21:32;62,06;18,02
2020-10-07 21:47;62,06;18,02
2020-10-07 22:02;62,06;18,02
2020-10-07 22:17;62,06;18,02
2020-10-07 22:32;62,06;18,02
2020-10-07 22:47;61,55;18,02
2020-10-07 23:02;61,55;18,02
2020-10-07 23:17;61,55;18,02
2020-10-07 23:32;61,55;18,02
2020-10-07 23:47;61,55;18,02
2020-10-08 00:02;61,55;18,02
2020-10-08 00:17;61,55;18,02
2020-10-08 00:32;61,55;18,02
2020-10-08 00:47;61,55;18,02
2020-10-08 01:02;61,55;18,02
2020-10-08 01:17;61,55;18,02
2020-10-08 01:32;61,55;18,02
2020-10-08 01:47;61,55;18,02
2020-10-08 02:02;61,55;18,02
2020-10-08 02:17;61,55;17,42
2020-10-08 02:32;61,55;17,42
2020-10-08 02:47;61,55;17,42
2020-10-08 03:02;61,55;17,42
2020-10-08 03:17;61,55;17,42
2020-10-08 03:32;61,55;17,42
2020-10-08 03:47;61,55;17,42
2020-10-08 04:02;61,55;18,02
2020-10-08 04:17;61,55;18,02
2020-10-08 04:32;61,55;18,02
2020-10-08 04:47;61,55;18,02
2020-10-08 05:02;61,55;17,42
2020-10-08 05:17;61,55;17,72
2020-10-08 05:32;61,55;17,42
2020-10-08 05:47;61,55;17,42
2020-10-08 06:02;61,55;17,42
2020-10-08 06:17;61,55;17,42
2020-10-08 06:32;62,06;17,42
2020-10-08 06:47;62,06;17,42
2020-10-08 07:02;62,06;17,42
2020-10-08 07:17;62,06;17,42
2020-10-08 07:32;62,06;17,42
2020-10-08 07:47;63,59;17,42
2020-10-08 08:02;63,08;17,42
2020-10-08 08:17;63,08;17,72
2020-10-08 08:32;63,08;17,72
2020-10-08 08:47;63,08;17,72
2020-10-08 09:02;63,08;17,72
2020-10-08 09:17;63,08;17,42
2020-10-08 09:32;63,08;17,42
2020-10-08 09:47;62,57;17,42
2020-10-08 10:02;62,57;17,42
2020-10-08 10:17;62,57;17,42
2020-10-08 10:32;62,57;17,42
2020-10-08 10:47;62,57;17,42
2020-10-08 11:02;62,57;17,42
2020-10-08 11:17;62,57;17,42
2020-10-08 11:32;62,57;17,42
2020-10-08 11:47;62,57;17,42
2020-10-08 12:02;62,57;17,42
2020-10-08 12:17;62,57;17,42
2020-10-08 12:32;62,57;17,42
2020-10-08 12:47;62,57;17,42
2020-10-08 13:02;62,57;17,42
2020-10-08 13:17;62,57;17,42
2020-10-08 13:32;62,57;17,42
2020-10-08 13:47;62,57;17,42
2020-10-08 14:02;62,57;17,42
2020-10-08 14:17;62,57;17,42
2020-10-08 14:32;62,57;17,42
2020-10-08 14:47;62,57;17,42
2020-10-08 15:02;62,57;17,42
2020-10-08 15:17;62,57;17,42
2020-10-08 15:32;63,08;17,42
2020-10-08 15:47;63,08;17,72
2020-10-08 16:02;63,08;17,72
2020-10-08 16:17;63,08;17,72
2020-10-08 16:32;63,08;17,72
2020-10-08 16:47;62,57;17,72
2020-10-08 17:02;63,08;17,72
2020-10-08 17:17;63,08;17,72
2020-10-08 17:32;65,63;17,72
2020-10-08 17:47;63,59;18,02
2020-10-08 18:02;63,08;17,72
2020-10-08 18:17;63,08;18,02
2020-10-08 18:32;63,08;18,02
2020-10-08 18:47;63,08;17,72
2020-10-08 19:02;63,08;17,72
2020-10-08 19:17;63,08;18,02
2020-10-08 19:32;63,08;18,02
2020-10-08 19:47;63,08;18,02
2020-10-08 20:02;63,08;18,02
2020-10-08 20:17;63,08;18,02
2020-10-08 20:32;63,08;17,72
2020-10-08 20:47;63,08;17,72
2020-10-08 21:02;63,08;17,72
2020-10-08 21:17;63,08;17,72
2020-10-08 21:32;63,08;17,72
2020-10-08 21:47;63,08;17,72
2020-10-08 22:02;62,57;17,72
2020-10-08 22:17;63,08;17,72
2020-10-08 22:32;63,08;17,72
2020-10-08 22:47;63,08;17,42
2020-10-08 23:02;63,08;17,42
2020-10-08 23:17;63,08;17,42
2020-10-08 23:32;63,08;17,42
2020-10-08 23:47;63,08;17,42
2020-10-09 00:02;63,08;17,42
2020-10-09 00:17;63,08;17,42
2020-10-09 00:32;63,08;17,42
2020-10-09 00:47;63,08;17,42
2020-10-09 01:02;63,08;17,72
2020-10-09 01:17;63,08;17,72
2020-10-09 01:32;63,08;17,72
2020-10-09 01:47;63,08;17,72
2020-10-09 02:02;63,08;17,72
2020-10-09 02:17;63,08;17,72
2020-10-09 02:32;63,08;17,72
2020-10-09 02:47;63,08;17,72
2020-10-09 03:02;63,08;17,72
2020-10-09 03:17;63,08;17,72
2020-10-09 03:32;63,08;17,72
2020-10-09 03:47;63,08;17,72
2020-10-09 04:02;63,08;17,72
2020-10-09 04:17;63,08;17,72
2020-10-09 04:32;63,08;17,72
2020-10-09 04:47;63,08;17,42
2020-10-09 05:02;63,08;17,42
2020-10-09 05:17;63,08;17,42
2020-10-09 05:32;63,08;17,42
2020-10-09 05:47;63,08;17,42
2020-10-09 06:02;63,08;17,42
2020-10-09 06:17;62,57;17,42
2020-10-09 06:32;62,57;17,42
2020-10-09 06:47;62,57;17,42
2020-10-09 07:02;62,57;17,42
2020-10-09 07:17;62,57;17,42
2020-10-09 07:32;62,57;17,42
2020-10-09 07:47;62,57;17,42
2020-10-09 08:02;62,57;17,42
2020-10-09 08:17;62,57;17,42
2020-10-09 08:32;62,57;17,42
2020-10-09 08:47;62,57;17,42
2020-10-09 09:02;62,57;17,42
2020-10-09 09:17;62,57;17,42
2020-10-09 09:32;62,57;17,42
2020-10-09 09:47;62,57;17,42
2020-10-09 10:02;62,57;17,42
2020-10-09 10:17;62,57;17,42
2020-10-09 10:32;62,57;17,42
2020-10-09 10:47;63,08;17,42
2020-10-09 11:02;63,08;17,42
2020-10-09 11:17;63,08;17,42
2020-10-09 11:32;63,08;17,72
2020-10-09 11:47;63,08;17,72
2020-10-09 12:02;63,08;17,72
2020-10-09 12:17;63,08;17,42
2020-10-09 12:32;63,08;17,72
2020-10-09 12:47;63,08;18,02
2020-10-09 13:02;62,57;18,02
2020-10-09 13:17;62,57;18,02
2020-10-09 13:32;62,57;18,02
2020-10-09 13:47;62,57;18,02
2020-10-09 14:02;62,57;17,42
2020-10-09 14:17;62,57;18,02
2020-10-09 14:32;62,57;18,02
2020-10-09 14:47;62,57;18,02
2020-10-09 15:02;62,57;18,02
2020-10-09 15:17;62,57;18,02
2020-10-09 15:32;62,57;18,32
2020-10-09 15:47;62,57;18,02
2020-10-09 16:02;62,57;18,02
2020-10-09 16:17;62,57;17,72
2020-10-09 16:32;62,06;17,72
2020-10-09 16:47;62,06;17,72
2020-10-09 17:02;62,06;17,72
2020-10-09 17:17;62,06;17,72
2020-10-09 17:32;62,06;17,72
2020-10-09 17:47;62,06;17,72
2020-10-09 18:02;62,06;17,72
2020-10-09 18:17;62,06;17,72
2020-10-09 18:32;62,06;17,72
2020-10-09 18:47;62,06;17,72
2020-10-09 19:02;62,06;17,72
2020-10-09 19:17;62,06;17,72
2020-10-09 19:32;62,06;17,72
2020-10-09 19:47;62,06;17,72
2020-10-09 20:02;62,06;17,72
2020-10-09 20:17;62,06;17,72
2020-10-09 20:32;62,06;17,72
2020-10-09 20:47;62,57;17,72
2020-10-09 21:02;62,57;17,72
2020-10-09 21:17;62,57;18,02
2020-10-09 21:32;62,57;18,02
2020-10-09 21:47;62,57;17,42
2020-10-09 22:02;62,57;18,02
2020-10-09 22:17;62,57;17,42
2020-10-09 22:32;62,57;17,42
2020-10-09 22:47;62,57;18,02
2020-10-09 23:02;62,57;18,02
2020-10-09 23:17;62,57;17,42
2020-10-09 23:32;62,57;18,02
2020-10-09 23:47;62,57;18,02
2020-10-10 00:02;62,57;18,02
2020-10-10 00:17;62,57;18,02
2020-10-10 00:32;62,57;17,72
2020-10-10 00:47;62,57;17,72
2020-10-10 01:02;62,06;17,72
2020-10-10 01:17;62,06;17,72
2020-10-10 01:32;62,06;17,72
2020-10-10 01:47;62,06;17,42
2020-10-10 02:02;62,06;17,42
2020-10-10 02:17;62,06;17,42
2020-10-10 02:32;61,55;17,42
2020-10-10 02:47;61,55;17,42
2020-10-10 03:02;61,55;17,72
2020-10-10 03:17;61,04;17,72
2020-10-10 03:32;61,04;17,72
2020-10-10 03:47;61,04;17,72
2020-10-10 04:02;61,04;17,72
2020-10-10 04:17;61,04;17,42
2020-10-10 04:32;61,04;17,13
2020-10-10 04:47;61,04;17,13
2020-10-10 05:02;61,04;17,13
2020-10-10 05:17;61,04;17,13
2020-10-10 05:32;61,04;17,13
2020-10-10 05:47;61,04;17,72
2020-10-10 06:02;61,04;17,72
2020-10-10 06:17;61,04;17,72
2020-10-10 06:32;61,04;17,72
2020-10-10 06:47;61,04;17,72
2020-10-10 07:02;61,04;17,72
2020-10-10 07:17;61,04;17,72
2020-10-10 07:32;61,04;17,72
2020-10-10 07:47;61,04;17,72
2020-10-10 08:02;61,04;17,72
2020-10-10 08:17;61,04;17,72
2020-10-10 08:32;60,53;17,42
2020-10-10 08:47;60,53;17,42
2020-10-10 09:02;60,53;17,42
2020-10-10 09:17;60,53;17,42
2020-10-10 09:32;60,53;17,42
2020-10-10 09:47;60,53;17,42
2020-10-10 10:02;61,04;17,42
2020-10-10 10:17;61,04;17,42
2020-10-10 10:32;61,04;17,42
2020-10-10 10:47;61,04;17,42
2020-10-10 11:02;61,04;17,42
2020-10-10 11:17;61,04;17,42
2020-10-10 11:32;61,04;17,42
2020-10-10 11:47;61,04;17,72
2020-10-10 12:02;61,04;17,72
2020-10-10 12:17;61,04;17,72
2020-10-10 12:32;61,04;17,72
2020-10-10 12:47;60,53;17,72
2020-10-10 13:02;60,53;17,72
2020-10-10 13:17;60,53;17,72
2020-10-10 13:32;60,53;17,72
2020-10-10 13:47;60,53;17,72
2020-10-10 14:02;60,53;17,72
2020-10-10 14:17;60,53;17,72
2020-10-10 14:32;60,53;17,72
2020-10-10 14:47;60,53;17,72
2020-10-10 15:02;61,04;17,42
2020-10-10 15:17;61,04;17,42
2020-10-10 15:32;61,04;17,42
2020-10-10 15:47;61,04;17,42
2020-10-10 16:02;60,53;17,42
2020-10-10 16:17;60,53;17,42
2020-10-10 16:32;60,53;17,42
2020-10-10 16:47;60,53;17,42
2020-10-10 17:02;60,53;17,42
2020-10-10 17:17;61,04;17,42
2020-10-10 17:32;61,04;17,42
2020-10-10 17:47;61,04;17,42
2020-10-10 18:02;61,04;17,42
2020-10-10 18:17;61,04;17,42
2020-10-10 18:32;61,04;17,72
2020-10-10 18:47;61,04;17,72
2020-10-10 19:02;60,53;17,72
2020-10-10 19:17;60,53;17,72
2020-10-10 19:32;60,53;17,72
2020-10-10 19:47;60,53;17,72
2020-10-10 20:02;60,53;17,72
2020-10-10 20:17;60,53;17,72
2020-10-10 20:32;60,53;17,72
2020-10-10 20:47;60,53;17,13
2020-10-10 21:02;60,53;17,13
2020-10-10 21:17;60,53;17,13
2020-10-10 21:32;60,53;17,42
2020-10-10 21:47;60,53;17,42
2020-10-10 22:02;60,53;17,42
2020-10-10 22:17;60,53;17,42
2020-10-10 22:32;60,53;17,42
2020-10-10 22:47;60,03;17,13
2020-10-10 23:02;60,03;17,13
2020-10-10 23:17;60,03;17,13
2020-10-10 23:32;60,53;17,42
2020-10-10 23:47;60,53;17,42
2020-10-11 00:02;60,53;17,42
2020-10-11 00:17;60,53;17,42
2020-10-11 00:32;60,53;17,42
2020-10-11 00:47;60,53;17,13
2020-10-11 01:02;60,03;17,13
2020-10-11 01:17;60,03;17,13
2020-10-11 01:32;60,03;17,13
2020-10-11 01:47;60,03;17,13
2020-10-11 02:02;60,03;17,42
2020-10-11 02:17;60,03;17,42
2020-10-11 02:32;60,03;17,42
2020-10-11 02:47;60,03;17,42
2020-10-11 03:02;60,03;17,42
2020-10-11 03:17;60,03;17,42
2020-10-11 03:32;60,03;17,42
2020-10-11 03:47;60,03;17,42
2020-10-11 04:02;60,03;17,13
2020-10-11 04:17;60,03;17,13
2020-10-11 04:32;60,03;17,13
2020-10-11 04:47;60,03;17,13
2020-10-11 05:02;60,03;17,13
2020-10-11 05:17;60,03;17,13
2020-10-11 05:32;60,03;17,13
2020-10-11 05:47;60,03;16,83
2020-10-11 06:02;60,03;16,83
2020-10-11 06:17;60,03;16,83
2020-10-11 06:32;60,03;16,83
2020-10-11 06:47;60,03;16,83
2020-10-11 07:02;60,03;16,83
2020-10-11 07:17;60,03;17,13
2020-10-11 07:32;60,03;17,13
2020-10-11 07:47;60,03;17,13
2020-10-11 08:02;60,03;17,13
2020-10-11 08:17;60,03;17,13
2020-10-11 08:32;60,03;17,13
2020-10-11 08:47;60,03;17,13
2020-10-11 09:02;60,03;17,13
2020-10-11 09:17;60,03;17,13
2020-10-11 09:32;60,03;17,13
2020-10-11 09:47;59,53;16,54
2020-10-11 10:02;61,04;15,66
2020-10-11 10:17;63,08;15,09
2020-10-11 10:32;65,12;14,52
2020-10-11 10:47;66,14;14,24
2020-10-11 11:02;68,18;14,24
2020-10-11 11:17;67,67;13,95
2020-10-11 11:32;66,65;14,24
2020-10-11 11:47;66,14;14,52
2020-10-11 12:02;66,14;14,8
2020-10-11 12:17;65,63;15,09
2020-10-11 12:32;65,63;15,38
2020-10-11 12:47;65,12;15,09
2020-10-11 13:02;64,61;15,38
2020-10-11 13:17;64,61;15,38
2020-10-11 13:32;64,1;15,66
2020-10-11 13:47;64,1;15,66
2020-10-11 14:02;63,59;15,95
2020-10-11 14:17;63,59;15,66
2020-10-11 14:32;63,08;15,66
2020-10-11 14:47;63,08;15,66
2020-10-11 15:02;63,08;15,95
2020-10-11 15:17;63,59;15,95
2020-10-11 15:32;63,08;16,24
2020-10-11 15:47;63,08;15,95
2020-10-11 16:02;63,08;15,95
2020-10-11 16:17;63,08;15,95
2020-10-11 16:32;63,08;15,95
2020-10-11 16:47;63,08;15,66
2020-10-11 17:02;63,08;15,95
2020-10-11 17:17;63,08;16,24
2020-10-11 17:32;63,08;16,24
2020-10-11 17:47;62,57;16,24
2020-10-11 18:02;62,57;16,24
2020-10-11 18:17;62,57;16,24
2020-10-11 18:32;62,57;16,54
2020-10-11 18:47;62,57;16,54
2020-10-11 19:02;62,57;16,54
2020-10-11 19:17;62,57;16,54
2020-10-11 19:32;62,57;16,54
2020-10-11 19:47;62,57;16,54
2020-10-11 20:02;62,57;16,54
2020-10-11 20:17;62,57;16,54
2020-10-11 20:32;62,57;16,54
2020-10-11 20:47;62,06;16,54
2020-10-11 21:02;62,06;16,54
2020-10-11 21:17;62,06;16,24
2020-10-11 21:32;62,06;16,24
2020-10-11 21:47;62,06;16,24
2020-10-11 22:02;62,06;16,24
2020-10-11 22:17;62,06;16,24
2020-10-11 22:32;62,06;16,83
2020-10-11 22:47;62,06;16,83
2020-10-11 23:02;61,55;16,83
2020-10-11 23:17;61,55;16,54
2020-10-11 23:32;61,55;16,83
2020-10-11 23:47;61,55;16,83
2020-10-12 00:02;61,55;16,83
2020-10-12 00:17;61,04;16,54
2020-10-12 00:32;61,04;16,54
2020-10-12 00:47;61,04;16,54
2020-10-12 01:02;61,04;16,54
2020-10-12 01:17;61,04;16,54
2020-10-12 01:32;61,04;17,13
2020-10-12 01:47;61,55;16,83
2020-10-12 02:02;61,55;16,83
2020-10-12 02:17;61,55;16,83
2020-10-12 02:32;61,55;16,83
2020-10-12 02:47;61,55;17,13
2020-10-12 03:02;61,55;17,13
2020-10-12 03:17;61,55;17,13
2020-10-12 03:32;61,04;17,13
2020-10-12 03:47;61,04;17,13
2020-10-12 04:02;61,04;16,83
2020-10-12 04:17;61,04;16,83
2020-10-12 04:32;61,04;16,83
2020-10-12 04:47;61,04;16,83
2020-10-12 05:02;61,04;16,83
2020-10-12 05:17;61,04;16,54
2020-10-12 05:32;61,04;16,54
2020-10-12 05:47;61,04;16,54
2020-10-12 06:02;60,53;16,83
2020-10-12 06:17;60,53;16,83
2020-10-12 06:32;60,53;16,83
2020-10-12 06:47;60,53;16,83
2020-10-12 07:02;60,53;16,83
2020-10-12 07:17;60,53;16,83
2020-10-12 07:32;60,53;16,83
2020-10-12 07:47;60,53;16,83
2020-10-12 08:02;60,53;16,83
2020-10-12 08:17;60,53;16,83
2020-10-12 08:32;61,04;16,54
2020-10-12 08:47;61,04;16,54
2020-10-12 09:02;61,04;16,54
2020-10-12 09:17;61,04;16,83
2020-10-12 09:32;61,04;16,83
2020-10-12 09:47;61,04;16,54
2020-10-12 10:02;61,04;16,83
2020-10-12 10:17;61,04;16,83
2020-10-12 10:32;61,04;16,83
2020-10-12 10:47;60,53;16,83
2020-10-12 11:02;60,53;16,83
2020-10-12 11:17;60,53;16,83
2020-10-12 11:32;60,53;17,13
2020-10-12 11:47;60,53;17,13
2020-10-12 12:02;60,53;17,13
2020-10-12 12:17;60,53;17,13
2020-10-12 12:32;60,53;17,13
2020-10-12 12:47;61,04;17,13
2020-10-12 13:02;61,04;17,13
2020-10-12 13:17;61,04;17,42
2020-10-12 13:32;61,04;17,42
2020-10-12 13:47;60,53;17,13
2020-10-12 14:02;60,53;17,13
2020-10-12 14:17;60,53;17,13
2020-10-12 14:32;60,53;17,13
2020-10-12 14:47;60,53;17,13
2020-10-12 15:02;60,53;17,13
2020-10-12 15:17;60,53;17,13
2020-10-12 15:32;60,53;17,13
2020-10-12 15:47;60,53;17,13
2020-10-12 16:02;61,04;17,13
2020-10-12 16:17;61,04;17,13
2020-10-12 16:32;61,04;17,13
2020-10-12 16:47;61,04;17,13
2020-10-12 17:02;61,04;17,42
2020-10-12 17:17;61,04;17,42
2020-10-12 17:32;60,53;17,13
2020-10-12 17:47;60,53;17,13
2020-10-12 18:02;60,53;17,13
2020-10-12 18:17;60,53;17,13
2020-10-12 18:32;60,53;16,83
2020-10-12 18:47;60,53;16,83
2020-10-12 19:02;60,53;16,83
2020-10-12 19:17;60,53;17,13
2020-10-12 19:32;60,53;17,13
2020-10-12 19:47;60,53;17,13
2020-10-12 20:02;60,53;17,13
2020-10-12 20:17;60,53;17,13
2020-10-12 20:32;60,03;17,13
2020-10-12 20:47;60,03;17,13
2020-10-12 21:02;60,03;17,13
2020-10-12 21:17;60,03;17,13
2020-10-12 21:32;60,03;17,13
2020-10-12 21:47;60,03;17,13
2020-10-12 22:02;60,03;17,13
2020-10-12 22:17;60,03;17,13
2020-10-12 22:32;60,03;17,13
2020-10-12 22:47;60,03;17,13
2020-10-12 23:02;60,03;17,13
2020-10-12 23:17;60,03;17,13
2020-10-12 23:32;60,03;17,13
2020-10-12 23:47;60,03;17,13
2020-10-13 00:02;60,03;17,13
2020-10-13 00:17;60,03;17,13
2020-10-13 00:32;60,03;17,13
2020-10-13 00:47;60,03;17,13
2020-10-13 01:02;60,03;16,83
2020-10-13 01:17;60,03;16,83
2020-10-13 01:32;59,53;16,83
2020-10-13 01:47;59,53;16,83
2020-10-13 02:02;59,53;16,83
2020-10-13 02:17;59,53;16,83
2020-10-13 02:32;59,53;16,83
2020-10-13 02:47;59,53;16,83
2020-10-13 03:02;59,53;16,83
2020-10-13 03:17;59,53;16,83
2020-10-13 03:32;59,53;16,83
2020-10-13 03:47;59,53;17,13
2020-10-13 04:02;59,53;16,83
2020-10-13 04:17;59,53;16,83
2020-10-13 04:32;59,53;16,83
2020-10-13 04:47;59,53;16,83
2020-10-13 05:02;59,53;16,83
2020-10-13 05:17;59,53;16,83
2020-10-13 05:32;59,53;16,83
2020-10-13 05:47;59,53;16,83
2020-10-13 06:02;59,53;16,83
2020-10-13 06:17;59,53;16,83
2020-10-13 06:32;59,53;16,83
2020-10-13 06:47;59,53;16,83
2020-10-13 07:02;59,53;16,83
2020-10-13 07:17;59,53;16,83
2020-10-13 07:32;59,53;16,83
2020-10-13 07:47;59,53;16,83
2020-10-13 08:02;59,53;16,83
2020-10-13 08:17;59,53;16,83
2020-10-13 08:32;59,53;16,83
2020-10-13 08:47;59,53;16,83
2020-10-13 09:02;59,53;16,83
2020-10-13 09:17;59,53;16,83
2020-10-13 09:32;59,53;17,13
2020-10-13 09:47;59,53;16,83
2020-10-13 10:02;59,53;16,83
2020-10-13 10:17;59,53;17,13
2020-10-13 10:32;59,04;16,83
2020-10-13 10:47;58,04;16,83
2020-10-13 11:02;58,54;16,83
2020-10-13 11:17;58,54;16,83
2020-10-13 11:32;58,54;16,54
2020-10-13 11:47;58,54;16,83
2020-10-13 12:02;58,54;16,54
2020-10-13 12:17;58,54;16,54
2020-10-13 12:32;58,54;16,54
2020-10-13 12:47;58,54;16,83
2020-10-13 13:02;58,54;16,83
2020-10-13 13:17;58,54;16,83
2020-10-13 13:32;58,54;16,83
2020-10-13 13:47;58,54;16,83
2020-10-13 14:02;58,54;16,83
2020-10-13 14:17;58,54;16,83
2020-10-13 14:32;58,54;16,83
2020-10-13 14:47;58,54;16,54
2020-10-13 15:02;58,54;16,83
2020-10-13 15:17;58,54;16,83
2020-10-13 15:32;58,54;16,83
2020-10-13 15:47;58,04;17,13
2020-10-13 16:02;58,54;16,83
2020-10-13 16:17;58,54;17,13
2020-10-13 16:32;58,54;17,13
2020-10-13 16:47;58,54;17,13
2020-10-13 17:02;58,54;17,13
2020-10-13 17:17;58,54;17,13
2020-10-13 17:32;58,54;17,13
2020-10-13 17:47;58,54;17,13
2020-10-13 18:02;58,54;16,83
2020-10-13 18:17;58,54;16,83
2020-10-13 18:32;58,04;16,83
2020-10-13 18:47;58,04;16,83
2020-10-13 19:02;58,04;16,54
2020-10-13 19:17;58,04;16,54
2020-10-13 19:32;58,04;16,54
2020-10-13 19:47;58,04;16,83
2020-10-13 20:02;58,04;16,54
2020-10-13 20:17;58,04;16,54
2020-10-13 20:32;58,04;16,54
2020-10-13 20:47;58,04;16,54
2020-10-13 21:02;58,04;16,54
2020-10-13 21:17;58,04;16,54
2020-10-13 21:32;58,04;16,83
2020-10-13 21:47;58,04;16,83
2020-10-13 22:02;58,04;16,83
2020-10-13 22:17;58,04;16,83
2020-10-13 22:32;58,04;16,83
2020-10-13 22:47;58,04;16,83
2020-10-13 23:02;58,04;16,83
2020-10-13 23:17;57,54;16,83
2020-10-13 23:32;57,54;17,13
2020-10-13 23:47;57,54;16,83
2020-10-14 00:02;57,54;16,54
2020-10-14 00:17;57,54;16,54
2020-10-14 00:32;57,54;16,54
2020-10-14 00:47;57,54;16,54
2020-10-14 01:02;57,54;16,24
2020-10-14 01:17;57,54;16,24
2020-10-14 01:32;57,54;16,24
2020-10-14 01:47;57,54;16,24
2020-10-14 02:02;57,05;16,24
2020-10-14 02:17;57,05;16,24
2020-10-14 02:32;57,05;16,24
2020-10-14 02:47;57,05;16,24
2020-10-14 03:02;57,05;16,24
2020-10-14 03:17;57,05;16,24
2020-10-14 03:32;57,05;16,54
2020-10-14 03:47;57,05;16,54
2020-10-14 04:02;57,05;16,83
2020-10-14 04:17;56,55;16,54
2020-10-14 04:32;56,55;16,54
2020-10-14 04:47;56,05;16,54
2020-10-14 05:02;56,05;16,24
2020-10-14 05:17;56,05;16,24
2020-10-14 05:32;56,05;16,24
2020-10-14 05:47;56,05;16,24
2020-10-14 06:02;56,05;16,24
2020-10-14 06:17;56,05;16,24
2020-10-14 06:32;56,05;16,24
2020-10-14 06:47;56,05;16,24
2020-10-14 07:02;56,05;16,24
2020-10-14 07:17;56,05;16,24
2020-10-14 07:32;56,05;15,95
2020-10-14 07:47;56,55;16,24
2020-10-14 08:02;56,55;16,54
2020-10-14 08:17;57,05;16,54
2020-10-14 08:32;57,05;16,24
2020-10-14 08:47;57,05;16,24
2020-10-14 09:02;57,05;16,24
2020-10-14 09:17;57,54;15,95
2020-10-14 09:32;57,54;15,95
2020-10-14 09:47;57,54;16,24
2020-10-14 10:02;57,54;16,24
2020-10-14 10:17;57,54;16,24
2020-10-14 10:32;57,54;16,24
2020-10-14 10:47;57,54;16,24
2020-10-14 11:02;57,54;16,24
2020-10-14 11:17;57,54;16,24
2020-10-14 11:32;57,54;16,24
2020-10-14 11:47;57,54;16,24
2020-10-14 12:02;57,54;16,24
2020-10-14 12:17;57,54;16,24
2020-10-14 12:32;57,54;16,24
2020-10-14 12:47;57,54;16,24
2020-10-14 13:02;57,54;16,24
2020-10-14 13:17;57,54;16,24
2020-10-14 13:32;57,54;16,24
2020-10-14 13:47;57,54;16,24
2020-10-14 14:02;57,54;16,24
2020-10-14 14:17;57,54;16,24
2020-10-14 14:32;57,54;16,54
2020-10-14 14:47;57,54;16,54
2020-10-14 15:02;57,54;16,54
2020-10-14 15:17;57,54;16,54
2020-10-14 15:32;58,04;16,83
2020-10-14 15:47;58,04;16,54
2020-10-14 16:02;58,04;16,83
2020-10-14 16:17;58,04;16,54
2020-10-14 16:32;58,04;16,83
2020-10-14 16:47;58,04;16,83
2020-10-14 17:02;58,04;16,83
2020-10-14 17:17;58,04;16,83
2020-10-14 17:32;58,04;16,83
2020-10-14 17:47;58,04;16,54
2020-10-14 18:02;58,04;16,54
2020-10-14 18:17;58,04;16,54
2020-10-14 18:32;58,04;16,54
2020-10-14 18:47;58,04;16,54
2020-10-14 19:02;58,04;16,83
2020-10-14 19:17;58,04;16,83
2020-10-14 19:32;58,04;16,83
2020-10-14 19:47;58,04;16,54
2020-10-14 20:02;58,04;16,54
2020-10-14 20:17;58,04;16,54
2020-10-14 20:32;58,04;16,24
2020-10-14 20:47;58,04;16,24
2020-10-14 21:02;58,04;16,24
2020-10-14 21:17;58,04;16,24
2020-10-14 21:32;58,04;16,24
2020-10-14 21:47;58,04;16,54
2020-10-14 22:02;58,04;16,54
2020-10-14 22:17;58,04;16,54
2020-10-14 22:32;58,04;16,54
2020-10-14 22:47;58,04;16,54
2020-10-14 23:02;58,04;16,24
2020-10-14 23:17;58,04;16,24
2020-10-14 23:32;58,04;16,54
2020-10-14 23:47;58,04;16,54
2020-10-15 00:02;58,04;16,83
2020-10-15 00:17;58,04;16,83
2020-10-15 00:32;58,04;16,83
2020-10-15 00:47;58,04;16,83
2020-10-15 01:02;58,04;16,83
2020-10-15 01:17;58,04;16,83
2020-10-15 01:32;57,54;16,54
2020-10-15 01:47;57,54;16,54
2020-10-15 02:02;57,54;16,54
2020-10-15 02:17;57,54;16,24
2020-10-15 02:32;57,54;16,54
2020-10-15 02:47;57,54;16,54
2020-10-15 03:02;57,54;16,54
2020-10-15 03:17;57,54;16,54
2020-10-15 03:32;57,54;16,54
2020-10-15 03:47;57,54;16,24
2020-10-15 04:02;57,05;16,24
2020-10-15 04:17;57,05;16,83
2020-10-15 04:32;57,05;16,83
2020-10-15 04:47;57,05;16,83
2020-10-15 05:02;56,55;16,54
2020-10-15 05:17;56,05;16,24
2020-10-15 05:32;56,05;16,83
2020-10-15 05:47;55,56;16,24
2020-10-15 06:02;55,56;16,83
2020-10-15 06:17;55,06;16,24
2020-10-15 06:32;54,56;16,54
2020-10-15 06:47;54,06;16,24
2020-10-15 07:02;53,57;16,24
2020-10-15 07:17;53,57;15,95
2020-10-15 07:32;53,07;16,54
2020-10-15 07:47;53,07;16,24
2020-10-15 08:02;52,57;16,24
2020-10-15 08:17;52,08;16,24
2020-10-15 08:32;52,08;16,54
2020-10-15 08:47;52,57;16,54
2020-10-15 09:02;52,08;16,54
2020-10-15 09:17;52,08;16,24
2020-10-15 09:32;51,58;16,24
2020-10-15 09:47;51,08;16,54
2020-10-15 10:02;51,58;16,54
2020-10-15 10:17;51,08;16,24
2020-10-15 10:32;51,08;16,24
2020-10-15 10:47;51,08;16,24
2020-10-15 11:02;50,58;16,54
2020-10-15 11:17;50,58;16,54
2020-10-15 11:32;50,58;16,24
2020-10-15 11:47;50,58;16,24
2020-10-15 12:02;50,09;16,24
2020-10-15 12:17;50,09;16,24
2020-10-15 12:32;50,09;16,24
2020-10-15 12:47;50,09;16,24
2020-10-15 13:02;50,09;16,24
2020-10-15 13:17;50,09;16,24
2020-10-15 13:32;50,09;15,95
2020-10-15 13:47;50,58;16,24
2020-10-15 14:02;51,08;16,24
2020-10-15 14:17;51,08;15,95
2020-10-15 14:32;51,58;15,95
2020-10-15 14:47;51,58;16,24
2020-10-15 15:02;51,58;15,95
2020-10-15 15:17;51,58;15,95
2020-10-15 15:32;52,08;16,24
2020-10-15 15:47;52,08;16,24
2020-10-15 16:02;52,08;16,24
2020-10-15 16:17;52,08;16,24
2020-10-15 16:32;52,08;16,24
2020-10-15 16:47;52,08;16,24
2020-10-15 17:02;51,58;15,95
2020-10-15 17:17;52,08;15,95
2020-10-15 17:32;51,58;15,95
2020-10-15 17:47;51,08;16,24
2020-10-15 18:02;51,58;16,54
2020-10-15 18:17;51,08;15,95
2020-10-15 18:32;51,08;15,95
2020-10-15 18:47;51,58;15,95
2020-10-15 19:02;51,08;16,24
2020-10-15 19:17;51,58;15,66
2020-10-15 19:32;52,08;15,95
2020-10-15 19:47;52,08;15,95
2020-10-15 20:02;52,08;15,95
2020-10-15 20:17;51,58;16,24
2020-10-15 20:32;51,58;16,24
2020-10-15 20:47;51,58;16,24
2020-10-15 21:02;51,08;16,24
2020-10-15 21:17;51,58;16,24
2020-10-15 21:32;51,08;16,24
2020-10-15 21:47;50,58;15,95
2020-10-15 22:02;50,58;15,95
2020-10-15 22:17;50,58;15,66
2020-10-15 22:32;50,09;15,95
2020-10-15 22:47;50,09;15,66
2020-10-15 23:02;50,58;15,95
2020-10-15 23:17;50,58;15,95
2020-10-15 23:32;50,58;15,95
2020-10-15 23:47;50,58;15,95
2020-10-16 00:02;50,58;15,95
2020-10-16 00:17;50,58;15,95
2020-10-16 00:32;51,08;15,95
2020-10-16 00:47;51,08;15,95
2020-10-16 01:02;51,08;15,95
2020-10-16 01:17;51,58;15,95
2020-10-16 01:32;51,58;15,95
2020-10-16 01:47;51,58;15,95
2020-10-16 02:02;51,58;16,24
2020-10-16 02:17;51,58;15,95
2020-10-16 02:32;51,08;15,95
2020-10-16 02:47;51,08;15,95
2020-10-16 03:02;50,58;15,95
2020-10-16 03:17;50,58;16,24
2020-10-16 03:32;50,58;15,95
2020-10-16 03:47;50,09;15,66
2020-10-16 04:02;50,09;15,95
2020-10-16 04:17;49,59;15,95
2020-10-16 04:32;49,59;15,66
2020-10-16 04:47;49,59;15,66
2020-10-16 05:02;50,09;15,95
2020-10-16 05:17;50,09;15,95
2020-10-16 05:32;50,09;15,66
2020-10-16 05:47;50,58;15,38
2020-10-16 06:02;50,58;15,66
2020-10-16 06:17;50,58;15,66
2020-10-16 06:32;50,58;15,66
2020-10-16 06:47;50,58;15,66
2020-10-16 07:02;50,58;15,95
2020-10-16 07:17;50,58;15,95
2020-10-16 07:32;50,58;15,95
2020-10-16 07:47;50,58;15,95
2020-10-16 08:02;50,58;15,66
2020-10-16 08:17;50,58;15,66
2020-10-16 08:32;50,09;15,66
2020-10-16 08:47;50,09;15,66
2020-10-16 09:02;49,59;15,66
2020-10-16 09:17;49,59;15,66
2020-10-16 09:32;49,09;15,95
2020-10-16 09:47;49,09;15,66
2020-10-16 10:02;49,09;15,95
2020-10-16 10:17;49,09;15,66
2020-10-16 10:32;49,09;15,66
2020-10-16 10:47;49,09;15,66
2020-10-16 11:02;49,09;15,66
2020-10-16 11:17;49,59;15,66
2020-10-16 11:32;49,09;15,95
2020-10-16 11:47;49,09;15,66
2020-10-16 12:02;49,59;15,38
2020-10-16 12:17;49,09;15,66
2020-10-16 12:32;49,09;15,66
2020-10-16 12:47;49,09;15,66
2020-10-16 13:02;49,59;15,66
2020-10-16 13:17;49,59;15,66
2020-10-16 13:32;49,09;15,66
2020-10-16 13:47;49,59;15,38
2020-10-16 14:02;49,09;15,95
2020-10-16 14:17;49,09;15,95
2020-10-16 14:32;49,59;15,38
2020-10-16 14:47;49,09;15,66
2020-10-16 15:02;49,09;15,66
2020-10-16 15:17;49,09;15,66
2020-10-16 15:32;49,09;15,66
2020-10-16 15:47;49,09;15,66
2020-10-16 16:02;49,59;15,66
2020-10-16 16:17;50,09;15,66
2020-10-16 16:32;50,09;15,95
2020-10-16 16:47;50,09;15,95
2020-10-16 17:02;50,09;15,66
2020-10-16 17:17;50,09;15,66
2020-10-16 17:32;50,58;15,66
2020-10-16 17:47;50,58;15,66
2020-10-16 18:02;50,58;15,66
2020-10-16 18:17;50,58;15,66
2020-10-16 18:32;50,58;15,66
2020-10-16 18:47;50,58;15,66
2020-10-16 19:02;50,58;15,66
2020-10-16 19:17;50,58;15,66
2020-10-16 19:32;50,58;15,66
2020-10-16 19:47;50,58;15,66
2020-10-16 20:02;50,58;15,66
2020-10-16 20:17;50,58;15,66
2020-10-16 20:32;50,58;15,66
2020-10-16 20:47;50,58;15,38
2020-10-16 21:02;50,58;15,38
2020-10-16 21:17;50,58;15,66
2020-10-16 21:32;50,58;15,66
2020-10-16 21:47;50,58;15,66
2020-10-16 22:02;50,58;15,66
2020-10-16 22:17;50,58;15,66
2020-10-16 22:32;50,58;15,66
2020-10-16 22:47;50,58;15,38
2020-10-16 23:02;50,09;15,38
2020-10-16 23:17;50,09;15,66
2020-10-16 23:32;50,09;15,66
2020-10-16 23:47;50,09;15,66
2020-10-17 00:02;50,09;15,95
2020-10-17 00:17;49,59;15,66
2020-10-17 00:32;49,59;15,66
2020-10-17 00:47;49,59;15,38
2020-10-17 01:02;49,59;15,38
2020-10-17 01:17;49,59;15,38
2020-10-17 01:32;49,59;15,38
2020-10-17 01:47;49,59;15,38
2020-10-17 02:02;49,59;15,38
2020-10-17 02:17;49,59;15,38
2020-10-17 02:32;49,59;15,38
2020-10-17 02:47;49,59;15,38
2020-10-17 03:02;49,59;15,38
2020-10-17 03:17;49,59;15,38
2020-10-17 03:32;49,59;15,09
2020-10-17 03:47;49,59;15,09
2020-10-17 04:02;49,09;15,09
2020-10-17 04:17;49,09;15,09
2020-10-17 04:32;49,09;15,09
2020-10-17 04:47;49,09;15,09
2020-10-17 05:02;49,09;15,38
2020-10-17 05:17;49,59;15,38
2020-10-17 05:32;49,09;15,38
2020-10-17 05:47;49,09;15,38
2020-10-17 06:02;49,09;15,38
2020-10-17 06:17;49,09;15,38
2020-10-17 06:32;49,09;15,38
2020-10-17 06:47;49,09;15,38
2020-10-17 07:02;49,09;15,38
2020-10-17 07:17;49,09;15,38
2020-10-17 07:32;49,09;15,38
2020-10-17 07:47;49,09;15,38
2020-10-17 08:02;49,09;15,38
2020-10-17 08:17;49,09;15,38
2020-10-17 08:32;49,09;15,38
2020-10-17 08:47;49,09;15,38
2020-10-17 09:02;49,09;15,38
2020-10-17 09:17;49,09;15,38
2020-10-17 09:32;49,59;15,38
2020-10-17 09:47;49,09;15,09
2020-10-17 10:02;49,09;15,09
2020-10-17 10:17;49,09;15,09
2020-10-17 10:32;49,09;15,09
2020-10-17 10:47;49,09;15,09
2020-10-17 11:02;49,09;15,09
2020-10-17 11:17;49,59;15,09
2020-10-17 11:32;49,59;15,09
2020-10-17 11:47;49,59;15,38
2020-10-17 12:02;49,59;15,38
2020-10-17 12:17;50,09;15,38
2020-10-17 12:32;50,09;15,38
2020-10-17 12:47;50,09;15,09
2020-10-17 13:02;50,09;15,09
2020-10-17 13:17;50,09;15,09
2020-10-17 13:32;50,58;15,09
2020-10-17 13:47;50,58;15,09
2020-10-17 14:02;50,58;15,38
2020-10-17 14:17;50,58;15,38
2020-10-17 14:32;50,58;15,38
2020-10-17 14:47;50,58;15,38
2020-10-17 15:02;50,58;15,38
2020-10-17 15:17;50,58;15,38
2020-10-17 15:32;50,58;15,38
2020-10-17 15:47;50,58;15,38
2020-10-17 16:02;50,58;15,38
2020-10-17 16:17;50,58;15,38
2020-10-17 16:32;50,58;15,38
2020-10-17 16:47;50,58;15,38
2020-10-17 17:02;50,58;15,38
2020-10-17 17:17;50,58;15,66
2020-10-17 17:32;51,08;15,66
2020-10-17 17:47;51,08;15,66
2020-10-17 18:02;51,08;15,66
2020-10-17 18:17;51,08;15,38
2020-10-17 18:32;51,08;15,38
2020-10-17 18:47;51,08;15,38
2020-10-17 19:02;51,58;15,66
2020-10-17 19:17;51,58;15,66
2020-10-17 19:32;51,58;15,95
2020-10-17 19:47;51,58;15,95
2020-10-17 20:02;51,58;15,95
2020-10-17 20:17;51,58;15,95
2020-10-17 20:32;51,58;15,66
2020-10-17 20:47;51,58;15,66
2020-10-17 21:02;51,58;15,66
2020-10-17 21:17;51,58;15,66
2020-10-17 21:32;51,58;15,66
2020-10-17 21:47;51,58;15,66
2020-10-17 22:02;51,58;15,66
2020-10-17 22:17;51,08;15,66
2020-10-17 22:32;51,58;15,66
2020-10-17 22:47;51,58;15,66
2020-10-17 23:02;51,58;15,38
2020-10-17 23:17;52,08;15,66
2020-10-17 23:32;52,08;15,66
2020-10-17 23:47;52,08;15,66
2020-10-18 00:02;52,08;15,95
2020-10-18 00:17;52,08;15,95
2020-10-18 00:32;52,08;15,95
2020-10-18 00:47;52,08;15,95
2020-10-18 01:02;52,08;15,95
2020-10-18 01:17;52,08;15,95
2020-10-18 01:32;52,57;15,95
2020-10-18 01:47;52,57;15,95
2020-10-18 02:02;52,57;15,66
2020-10-18 02:17;52,57;15,66
2020-10-18 02:32;52,57;15,66
2020-10-18 02:47;52,57;15,95
2020-10-18 03:02;52,57;15,95
2020-10-18 03:17;52,57;15,95
2020-10-18 03:32;52,57;15,95
2020-10-18 03:47;52,57;15,66
2020-10-18 04:02;52,57;15,66
2020-10-18 04:17;53,07;15,66
2020-10-18 04:32;53,07;15,66
2020-10-18 04:47;53,07;15,66
2020-10-18 05:02;53,07;15,95
2020-10-18 05:17;53,07;15,95
2020-10-18 05:32;53,07;15,95
2020-10-18 05:47;53,07;15,95
2020-10-18 06:02;53,07;15,95
2020-10-18 06:17;53,07;16,24
2020-10-18 06:32;53,07;16,24
2020-10-18 06:47;53,07;16,24
2020-10-18 07:02;53,07;16,24
2020-10-18 07:17;53,07;16,24
2020-10-18 07:32;53,07;16,24
2020-10-18 07:47;53,07;16,24
2020-10-18 08:02;53,07;16,24
2020-10-18 08:17;53,07;16,24
2020-10-18 08:32;53,07;16,24
2020-10-18 08:47;53,07;15,95
2020-10-18 09:02;53,07;15,95
2020-10-18 09:17;52,57;15,66
2020-10-18 09:32;52,57;15,95
2020-10-18 09:47;52,57;15,95
2020-10-18 10:02;52,57;15,95
2020-10-18 10:17;52,57;15,95
2020-10-18 10:32;52,57;15,95
2020-10-18 10:47;52,57;15,95
2020-10-18 11:02;52,08;15,95
2020-10-18 11:17;52,08;15,95
2020-10-18 11:32;52,08;15,95
2020-10-18 11:47;52,08;15,95
2020-10-18 12:02;52,08;15,95
2020-10-18 12:17;51,58;15,66
2020-10-18 12:32;51,58;15,66
2020-10-18 12:47;51,58;15,66
2020-10-18 13:02;51,58;15,66
2020-10-18 13:17;52,08;15,95
2020-10-18 13:32;52,08;15,95
2020-10-18 13:47;52,08;15,95
2020-10-18 14:02;52,08;15,95
2020-10-18 14:17;52,08;15,95
2020-10-18 14:32;52,08;15,66
2020-10-18 14:47;52,08;15,66
2020-10-18 15:02;52,08;15,95
2020-10-18 15:17;52,08;15,95
2020-10-18 15:32;52,08;16,24
2020-10-18 15:47;51,58;15,95
2020-10-18 16:02;51,58;15,66
2020-10-18 16:17;52,08;15,95
2020-10-18 16:32;52,08;15,95
2020-10-18 16:47;52,08;15,95
2020-10-18 17:02;52,08;15,95
2020-10-18 17:17;52,08;15,95
2020-10-18 17:32;52,08;15,95
2020-10-18 17:47;52,08;15,95
2020-10-18 18:02;51,58;15,66
2020-10-18 18:17;51,58;15,66
2020-10-18 18:32;51,58;15,66
2020-10-18 18:47;51,58;15,66
2020-10-18 19:02;51,58;15,66
2020-10-18 19:17;51,58;15,66
2020-10-18 19:32;51,58;15,66
2020-10-18 19:47;51,58;15,95
2020-10-18 20:02;51,08;15,95
2020-10-18 20:17;51,08;15,95
2020-10-18 20:32;51,08;15,95
2020-10-18 20:47;51,08;15,95
2020-10-18 21:02;51,58;15,66
2020-10-18 21:17;51,58;15,95
2020-10-18 21:32;51,58;15,95
2020-10-18 21:47;51,08;15,66
2020-10-18 22:02;51,08;15,66
2020-10-18 22:17;51,08;15,66
2020-10-18 22:32;51,08;15,95
2020-10-18 22:47;51,08;15,66
2020-10-18 23:02;50,58;15,95
2020-10-18 23:17;50,58;15,95
2020-10-18 23:32;50,58;15,95
2020-10-18 23:47;50,58;15,95
2020-10-19 00:02;50,58;15,66
2020-10-19 00:17;50,58;15,66
2020-10-19 00:32;50,58;15,66
2020-10-19 00:47;50,58;15,66
2020-10-19 01:02;50,58;15,38
2020-10-19 01:17;50,58;15,38
2020-10-19 01:32;50,58;15,38
2020-10-19 01:47;50,58;15,38
2020-10-19 02:02;50,58;15,66
2020-10-19 02:17;50,58;15,38
2020-10-19 02:32;50,58;15,38
2020-10-19 02:47;50,58;15,38
2020-10-19 03:02;50,58;15,38
2020-10-19 03:17;50,58;15,38
2020-10-19 03:32;50,58;15,38
2020-10-19 03:47;50,58;15,38
2020-10-19 04:02;50,09;15,38
2020-10-19 04:17;50,09;15,66
2020-10-19 04:32;50,09;15,38
2020-10-19 04:47;50,09;15,66
2020-10-19 05:02;50,09;15,66
2020-10-19 05:17;50,09;15,66
2020-10-19 05:32;50,09;15,38
2020-10-19 05:47;50,09;15,38
2020-10-19 06:02;50,09;15,38
2020-10-19 06:17;50,09;15,38
2020-10-19 06:32;50,09;15,38
2020-10-19 06:47;50,09;15,38
2020-10-19 07:02;50,09;15,38
2020-10-19 07:17;49,59;15,38
2020-10-19 07:32;49,59;15,38
2020-10-19 07:47;49,59;15,38
2020-10-19 08:02;49,59;15,09
2020-10-19 08:17;49,09;15,09
2020-10-19 08:32;49,09;15,38
2020-10-19 08:47;49,09;15,38
2020-10-19 09:02;49,59;15,66
2020-10-19 09:17;49,09;15,66
2020-10-19 09:32;49,09;15,66
2020-10-19 09:47;49,09;15,38
2020-10-19 10:02;49,09;15,38
2020-10-19 10:17;49,09;15,38
2020-10-19 10:32;49,09;15,38
2020-10-19 10:47;49,09;15,38
2020-10-19 11:02;49,59;15,38
2020-10-19 11:17;49,09;15,38
2020-10-19 11:32;49,09;15,09
2020-10-19 11:47;49,09;15,09
2020-10-19 12:02;49,09;15,09
2020-10-19 12:17;49,09;15,09
2020-10-19 12:32;49,09;15,09
2020-10-19 12:47;49,09;15,09
2020-10-19 13:02;49,09;15,09
2020-10-19 13:17;49,09;15,38
2020-10-19 13:32;49,09;15,38
2020-10-19 13:47;49,09;15,66
2020-10-19 14:02;49,09;15,66
2020-10-19 14:17;49,09;15,38
2020-10-19 14:32;49,09;15,38
2020-10-19 14:47;49,09;15,38
2020-10-19 15:02;49,09;15,38
2020-10-19 15:17;49,09;15,38
2020-10-19 15:32;49,09;15,38
2020-10-19 15:47;49,09;15,38
2020-10-19 16:02;49,09;15,38
2020-10-19 16:17;49,09;15,09
2020-10-19 16:32;49,09;15,09
2020-10-19 16:47;49,09;15,09
2020-10-19 17:02;49,09;15,09
2020-10-19 17:17;49,09;15,09
2020-10-19 17:32;49,09;15,09
2020-10-19 17:47;49,09;15,09
2020-10-19 18:02;49,09;15,38
2020-10-19 18:17;49,59;15,09
2020-10-19 18:32;49,59;15,38
2020-10-19 18:47;49,09;15,38
2020-10-19 19:02;49,59;15,38
2020-10-19 19:17;49,09;15,38
2020-10-19 19:32;49,09;15,38
2020-10-19 19:47;49,09;15,38
2020-10-19 20:02;49,09;15,38
2020-10-19 20:17;49,09;15,38
2020-10-19 20:32;49,09;15,38
2020-10-19 20:47;49,59;15,38
2020-10-19 21:02;49,59;15,38
2020-10-19 21:17;49,59;15,38
2020-10-19 21:32;49,09;15,38
2020-10-19 21:47;49,59;15,09
2020-10-19 22:02;49,09;15,38
2020-10-19 22:17;49,09;15,38
2020-10-19 22:32;49,09;15,38
2020-10-19 22:47;49,09;15,38
2020-10-19 23:02;49,09;15,38
2020-10-19 23:17;49,09;15,09
2020-10-19 23:32;49,09;15,09
2020-10-19 23:47;48,6;15,09
2020-10-20 00:02;48,6;15,09
2020-10-20 00:17;48,6;15,09
2020-10-20 00:32;48,6;15,09
2020-10-20 00:47;48,6;15,09
2020-10-20 01:02;48,6;15,09
2020-10-20 01:17;48,6;15,09
2020-10-20 01:32;48,6;15,09
2020-10-20 01:47;49,09;14,8
2020-10-20 02:02;49,09;15,38
2020-10-20 02:17;49,09;14,8
2020-10-20 02:32;49,09;14,8
2020-10-20 02:47;48,6;15,09
2020-10-20 03:02;48,6;15,09
2020-10-20 03:17;48,1;15,38
2020-10-20 03:32;48,1;15,38
2020-10-20 03:47;48,1;14,8
2020-10-20 04:02;48,1;15,09
2020-10-20 04:17;47,6;15,09
2020-10-20 04:32;47,6;15,09
2020-10-20 04:47;47,6;14,8
2020-10-20 05:02;47,12;14,8
2020-10-20 05:17;47,6;14,8
2020-10-20 05:32;47,12;14,52
2020-10-20 05:47;47,12;14,52
2020-10-20 06:02;46,63;14,8
2020-10-20 06:17;47,12;15,09
2020-10-20 06:32;47,12;14,8
2020-10-20 06:47;47,12;15,09
2020-10-20 07:02;46,63;14,8
2020-10-20 07:17;46,63;15,09
2020-10-20 07:32;46,63;15,09
2020-10-20 07:47;47,12;14,52
2020-10-20 08:02;46,63;15,09
2020-10-20 08:17;46,63;15,09
2020-10-20 08:32;46,63;15,09
2020-10-20 08:47;47,12;15,09
2020-10-20 09:02;47,12;14,8
2020-10-20 09:17;46,63;14,8
2020-10-20 09:32;46,63;14,8
2020-10-20 09:47;46,63;14,8
2020-10-20 10:02;47,12;14,8
2020-10-20 10:17;47,12;15,09
2020-10-20 10:32;46,63;15,09
2020-10-20 10:47;47,12;15,09
2020-10-20 11:02;47,12;14,8
2020-10-20 11:17;47,12;15,09
2020-10-20 11:32;46,63;15,09
2020-10-20 11:47;47,12;15,09
2020-10-20 12:02;46,63;14,8
2020-10-20 12:17;46,63;15,09
2020-10-20 12:32;47,12;15,09
2020-10-20 12:47;47,12;15,38
2020-10-20 13:02;47,12;15,09
2020-10-20 13:17;47,12;15,09
2020-10-20 13:32;47,12;15,38
2020-10-20 13:47;47,12;15,38
2020-10-20 14:02;46,63;14,8
2020-10-20 14:17;46,63;14,8
2020-10-20 14:32;46,63;15,09
2020-10-20 14:47;46,63;15,09
2020-10-20 15:02;46,63;15,09
2020-10-20 15:17;46,63;15,09
2020-10-20 15:32;46,63;15,09
2020-10-20 15:47;46,63;15,09
2020-10-20 16:02;46,63;15,09
2020-10-20 16:17;46,63;15,09
2020-10-20 16:32;46,63;15,09
2020-10-20 16:47;46,63;15,09
2020-10-20 17:02;46,63;15,09
2020-10-20 17:17;46,63;15,09
2020-10-20 17:32;47,12;15,09
2020-10-20 17:47;46,63;15,09
2020-10-20 18:02;46,63;15,09
2020-10-20 18:17;46,63;15,09
2020-10-20 18:32;46,63;15,09
2020-10-20 18:47;46,63;15,09
2020-10-20 19:02;46,63;15,09
2020-10-20 19:17;47,12;15,09
2020-10-20 19:32;47,12;14,8
2020-10-20 19:47;47,12;14,8
2020-10-20 20:02;47,12;14,8
2020-10-20 20:17;47,12;14,8
2020-10-20 20:32;47,12;14,8
2020-10-20 20:47;47,12;15,09
2020-10-20 21:02;47,12;15,09
2020-10-20 21:17;46,63;15,09
2020-10-20 21:32;46,63;15,09
2020-10-20 21:47;46,63;15,09
2020-10-20 22:02;46,63;15,09
2020-10-20 22:17;47,12;15,09
2020-10-20 22:32;47,12;15,09
2020-10-20 22:47;47,12;15,09
2020-10-20 23:02;47,12;15,09
2020-10-20 23:17;46,63;14,8
2020-10-20 23:32;46,63;14,8
2020-10-20 23:47;46,63;14,8
2020-10-21 00:02;46,63;14,8
2020-10-21 00:17;46,63;14,8
2020-10-21 00:32;46,63;14,8
2020-10-21 00:47;46,63;14,8
2020-10-21 01:02;46,63;14,8
2020-10-21 01:17;46,63;14,8
2020-10-21 01:32;46,63;14,8
2020-10-21 01:47;46,63;14,8
2020-10-21 02:02;46,63;15,09
2020-10-21 02:17;46,15;15,09
2020-10-21 02:32;46,15;14,8
2020-10-21 02:47;46,15;14,8
2020-10-21 03:02;46,15;15,09
2020-10-21 03:17;46,15;15,09
2020-10-21 03:32;46,15;14,8
2020-10-21 03:47;46,15;14,8
2020-10-21 04:02;46,15;14,8
2020-10-21 04:17;46,15;14,8
2020-10-21 04:32;46,15;14,8
2020-10-21 04:47;46,15;14,8
2020-10-21 05:02;46,15;14,8
2020-10-21 05:17;46,15;14,8
2020-10-21 05:32;46,15;14,8
2020-10-21 05:47;46,15;14,8
2020-10-21 06:02;46,15;14,8
2020-10-21 06:17;46,15;14,8
2020-10-21 06:32;46,15;14,8
2020-10-21 06:47;46,15;14,8
2020-10-21 07:02;46,15;14,8
2020-10-21 07:17;46,15;14,8
2020-10-21 07:32;46,15;14,8
2020-10-21 07:47;46,15;14,8
2020-10-21 08:02;46,15;14,8
2020-10-21 08:17;46,15;14,8
2020-10-21 08:32;46,15;14,52
2020-10-21 08:47;46,15;14,8
2020-10-21 09:02;46,15;14,8
2020-10-21 09:17;46,63;14,52
2020-10-21 09:32;46,63;14,52
2020-10-21 09:47;46,63;14,52
2020-10-21 10:02;46,63;14,52
2020-10-21 10:17;46,63;14,52
2020-10-21 10:32;46,63;14,52
2020-10-21 10:47;46,63;14,8
2020-10-21 11:02;46,63;14,8
2020-10-21 11:17;46,63;14,8
2020-10-21 11:32;46,63;14,8
2020-10-21 11:47;46,63;14,8
2020-10-21 12:02;46,63;14,8
2020-10-21 12:17;47,12;14,8
2020-10-21 12:32;47,12;14,8
2020-10-21 12:47;47,12;14,8
2020-10-21 13:02;47,12;14,8
2020-10-21 13:17;46,63;14,8
2020-10-21 13:32;46,63;14,8
2020-10-21 13:47;47,12;14,52
2020-10-21 14:02;47,12;14,52
2020-10-21 14:17;47,12;14,8
2020-10-21 14:32;47,6;14,8
2020-10-21 14:47;47,6;14,8
2020-10-21 15:02;47,6;14,8
2020-10-21 15:17;47,6;14,8
2020-10-21 15:32;47,6;14,8
2020-10-21 15:47;47,6;14,8
2020-10-21 16:02;47,6;14,8
2020-10-21 16:17;47,6;14,8
2020-10-21 16:32;47,6;14,8
2020-10-21 16:47;47,6;14,8
2020-10-21 17:02;47,6;14,8
2020-10-21 17:17;47,6;14,8
2020-10-21 17:32;47,6;14,8
2020-10-21 17:47;47,6;14,8
2020-10-21 18:02;47,6;14,8
2020-10-21 18:17;47,6;15,09
2020-10-21 18:32;47,6;15,09
2020-10-21 18:47;48,1;15,09
2020-10-21 19:02;48,1;15,09
2020-10-21 19:17;48,1;15,09
2020-10-21 19:32;48,1;15,09
2020-10-21 19:47;48,1;15,09
2020-10-21 20:02;48,1;15,09
2020-10-21 20:17;48,1;15,09
2020-10-21 20:32;48,1;15,09
2020-10-21 20:47;48,1;15,09
2020-10-21 21:02;48,1;15,09
2020-10-21 21:17;48,1;15,09
2020-10-21 21:32;48,1;15,09
2020-10-21 21:47;48,1;15,09
2020-10-21 22:02;48,1;14,8
2020-10-21 22:17;48,1;14,8
2020-10-21 22:32;48,1;14,8
2020-10-21 22:47;48,1;14,8
2020-10-21 23:02;48,1;14,8
2020-10-21 23:17;48,1;15,09
2020-10-21 23:32;48,6;15,09
2020-10-21 23:47;48,6;15,09
2020-10-22 00:02;48,6;15,09
2020-10-22 00:17;48,6;15,09
2020-10-22 00:32;48,6;15,09
2020-10-22 00:47;48,6;15,09
2020-10-22 01:02;48,6;15,09
2020-10-22 01:17;48,6;15,09
2020-10-22 01:32;48,6;15,09
2020-10-22 01:47;48,6;15,09
2020-10-22 02:02;48,6;15,09
2020-10-22 02:17;48,6;15,09
2020-10-22 02:32;48,6;15,09
2020-10-22 02:47;49,09;14,8
2020-10-22 03:02;49,09;14,8
2020-10-22 03:17;49,09;15,09
2020-10-22 03:32;49,09;15,38
2020-10-22 03:47;49,09;15,38
2020-10-22 04:02;49,09;15,38
2020-10-22 04:17;49,09;15,38
2020-10-22 04:32;49,09;15,09
2020-10-22 04:47;49,09;15,09
2020-10-22 05:02;49,09;15,09
2020-10-22 05:17;49,09;15,09
2020-10-22 05:32;49,09;15,09
2020-10-22 05:47;49,09;15,09
2020-10-22 06:02;49,09;15,09
2020-10-22 06:17;49,09;15,09
2020-10-22 06:32;49,09;15,09
2020-10-22 06:47;49,09;15,09
2020-10-22 07:02;49,09;15,09
2020-10-22 07:17;49,09;15,09
2020-10-22 07:32;49,09;15,09
2020-10-22 07:47;49,09;15,09
2020-10-22 08:02;49,59;15,09
2020-10-22 08:17;49,59;15,09
2020-10-22 08:32;49,59;15,09
2020-10-22 08:47;49,59;15,38
2020-10-22 09:02;49,59;15,38
2020-10-22 09:17;50,09;15,38
2020-10-22 09:32;50,09;15,66
2020-10-22 09:47;50,09;15,38
2020-10-22 10:02;50,09;15,38
2020-10-22 10:17;50,09;15,66
2020-10-22 10:32;50,09;15,38
2020-10-22 10:47;50,09;15,66
2020-10-22 11:02;50,09;15,66
2020-10-22 11:17;50,09;15,66
2020-10-22 11:32;50,09;15,66
2020-10-22 11:47;50,09;15,66
2020-10-22 12:02;52,08;15,38
2020-10-22 12:17;51,08;15,66
2020-10-22 12:32;50,58;15,66
2020-10-22 12:47;51,58;15,66
2020-10-22 13:02;51,08;15,38
2020-10-22 13:17;51,08;15,66
2020-10-22 13:32;51,08;15,66
2020-10-22 13:47;51,08;15,66
2020-10-22 14:02;51,08;15,66
2020-10-22 14:17;51,08;15,38
2020-10-22 14:32;51,08;15,38
2020-10-22 14:47;51,08;15,38
2020-10-22 15:02;51,08;15,38
2020-10-22 15:17;51,08;15,38
2020-10-22 15:32;51,08;15,38
2020-10-22 15:47;51,08;15,38
2020-10-22 16:02;51,08;15,38
2020-10-22 16:17;51,08;15,38
2020-10-22 16:32;51,08;15,38
2020-10-22 16:47;51,08;15,38
2020-10-22 17:02;51,08;15,38
2020-10-22 17:17;51,08;15,38
2020-10-22 17:32;52,08;15,66
2020-10-22 17:47;52,57;15,66
2020-10-22 18:02;52,08;15,95
2020-10-22 18:17;52,08;15,66
2020-10-22 18:32;52,08;15,66
2020-10-22 18:47;51,58;15,38
2020-10-22 19:02;51,58;15,38
2020-10-22 19:17;52,08;15,66
2020-10-22 19:32;52,08;15,66
2020-10-22 19:47;52,08;15,66
2020-10-22 20:02;52,08;15,66
2020-10-22 20:17;52,08;15,66
2020-10-22 20:32;52,08;15,66
2020-10-22 20:47;52,08;15,66
2020-10-22 21:02;52,08;15,66
2020-10-22 21:17;52,08;15,66
2020-10-22 21:32;52,08;15,66
2020-10-22 21:47;52,08;15,66
2020-10-22 22:02;52,08;15,66
2020-10-22 22:17;52,08;15,66
2020-10-22 22:32;52,08;15,66
2020-10-22 22:47;52,08;15,66
2020-10-22 23:02;52,08;15,95
2020-10-22 23:17;52,08;15,95
2020-10-22 23:32;52,08;15,95
2020-10-22 23:47;52,08;15,95
2020-10-23 00:02;52,08;15,95
2020-10-23 00:17;52,08;15,95
2020-10-23 00:32;52,08;15,95
2020-10-23 00:47;52,08;15,95
2020-10-23 01:02;52,08;15,95
2020-10-23 01:17;52,57;15,66
2020-10-23 01:32;52,57;15,95
2020-10-23 01:47;52,57;15,95
2020-10-23 02:02;52,57;15,95
2020-10-23 02:17;52,57;15,95
2020-10-23 02:32;52,57;15,95
2020-10-23 02:47;52,57;15,95
2020-10-23 03:02;52,57;15,95
2020-10-23 03:17;52,57;15,95
2020-10-23 03:32;52,57;15,95
2020-10-23 03:47;52,57;15,95
2020-10-23 04:02;52,57;16,24
2020-10-23 04:17;52,57;16,24
2020-10-23 04:32;52,57;15,95
2020-10-23 04:47;52,57;16,24
2020-10-23 05:02;52,57;16,24
2020-10-23 05:17;52,57;15,95
2020-10-23 05:32;52,57;15,95
2020-10-23 05:47;52,57;15,95
2020-10-23 06:02;52,57;15,95
2020-10-23 06:17;52,57;15,95
2020-10-23 06:32;52,57;15,66
2020-10-23 06:47;52,57;15,66
2020-10-23 07:02;52,57;15,66
2020-10-23 07:17;53,07;15,95
2020-10-23 07:32;53,07;15,95
2020-10-23 07:47;53,07;15,95
2020-10-23 08:02;53,07;15,95
2020-10-23 08:17;53,07;16,54
2020-10-23 08:32;53,07;16,54
2020-10-23 08:47;53,07;16,54
2020-10-23 09:02;53,07;16,24
2020-10-23 09:17;53,07;16,54
2020-10-23 09:32;53,07;16,54
2020-10-23 09:47;53,07;16,54
2020-10-23 10:02;53,07;16,54
2020-10-23 10:17;53,07;16,54
2020-10-23 10:32;53,07;16,54
2020-10-23 10:47;53,07;16,54
2020-10-23 11:02;53,07;16,54
2020-10-23 11:17;53,07;16,54
2020-10-23 11:32;53,07;16,54
2020-10-23 11:47;53,07;16,54
2020-10-23 12:02;53,07;16,54
2020-10-23 12:17;53,07;16,54
2020-10-23 12:32;53,07;16,24
2020-10-23 12:47;53,07;16,24
2020-10-23 13:02;53,07;16,24
2020-10-23 13:17;53,07;16,24
2020-10-23 13:32;53,07;16,24
2020-10-23 13:47;53,57;16,24
2020-10-23 14:02;53,57;16,24
2020-10-23 14:17;53,57;16,24
2020-10-23 14:32;53,57;16,24
2020-10-23 14:47;53,57;16,54
2020-10-23 15:02;53,57;16,24
2020-10-23 15:17;53,57;16,24
2020-10-23 15:32;53,57;16,24
2020-10-23 15:47;53,07;16,54
2020-10-23 16:02;53,07;16,54
2020-10-23 16:17;53,07;16,54
2020-10-23 16:32;52,57;16,24
2020-10-23 16:47;52,57;16,24
2020-10-23 17:02;52,57;16,24
2020-10-23 17:17;52,08;16,54
2020-10-23 17:32;51,58;16,24
2020-10-23 17:47;51,58;16,24
2020-10-23 18:02;51,58;16,54
2020-10-23 18:17;51,58;16,24
2020-10-23 18:32;51,58;16,24
2020-10-23 18:47;51,58;16,24
2020-10-23 19:02;51,58;16,24
2020-10-23 19:17;51,58;15,95
2020-10-23 19:32;51,58;15,95
2020-10-23 19:47;51,58;16,24
2020-10-23 20:02;51,58;16,24
2020-10-23 20:17;51,08;16,24
2020-10-23 20:32;50,58;16,24
2020-10-23 20:47;50,58;16,54
2020-10-23 21:02;50,58;15,95
2020-10-23 21:17;50,58;15,95
2020-10-23 21:32;50,58;15,66
2020-10-23 21:47;50,09;15,95
2020-10-23 22:02;50,09;16,24
2020-10-23 22:17;49,59;15,95
2020-10-23 22:32;49,59;15,95
2020-10-23 22:47;49,59;15,95
2020-10-23 23:02;49,59;15,95
2020-10-23 23:17;49,59;15,95
2020-10-23 23:32;49,59;15,66
2020-10-23 23:47;49,09;15,66
2020-10-24 00:02;49,59;15,66
2020-10-24 00:17;49,59;15,66
2020-10-24 00:32;49,59;15,66
2020-10-24 00:47;49,59;15,66
2020-10-24 01:02;49,59;15,66
2020-10-24 01:17;49,59;15,66
2020-10-24 01:32;49,59;15,66
2020-10-24 01:47;49,09;15,66
2020-10-24 02:02;49,09;15,95
2020-10-24 02:17;49,09;15,95
2020-10-24 02:32;49,09;15,95
2020-10-24 02:47;49,09;15,66
2020-10-24 03:02;49,59;15,95
2020-10-24 03:17;49,09;15,95
2020-10-24 03:32;49,09;15,95
2020-10-24 03:47;49,09;15,95
2020-10-24 04:02;49,09;15,66
2020-10-24 04:17;49,09;15,66
2020-10-24 04:32;49,09;15,66
2020-10-24 04:47;49,09;15,38
2020-10-24 05:02;49,09;15,38
2020-10-24 05:17;49,09;15,38
2020-10-24 05:32;49,09;15,38
2020-10-24 05:47;49,09;15,38
2020-10-24 06:02;49,09;15,66
2020-10-24 06:17;49,09;15,38
2020-10-24 06:32;49,09;15,38
2020-10-24 06:47;49,09;15,38
2020-10-24 07:02;49,09;15,38
2020-10-24 07:17;48,6;15,38
2020-10-24 07:32;48,6;15,66
2020-10-24 07:47;48,6;15,66
2020-10-24 08:02;48,6;15,66
2020-10-24 08:17;48,6;15,66
2020-10-24 08:32;48,6;15,38
2020-10-24 08:47;48,6;15,38
2020-10-24 09:02;48,6;15,66
2020-10-24 09:17;48,6;15,66
2020-10-24 09:32;48,6;15,66
2020-10-24 09:47;48,1;15,38
2020-10-24 10:02;48,6;15,66
2020-10-24 10:17;48,6;15,38
2020-10-24 10:32;48,6;15,38
2020-10-24 10:47;43,24;13,95
2020-10-24 11:02;46,63;12,28
2020-10-24 11:17;49,59;10,92
2020-10-24 11:32;53,07;10,11
2020-10-24 11:47;55,06;9,05
2020-10-24 12:02;61,04;9,05
2020-10-24 12:17;60,03;9,31
2020-10-24 12:32;61,55;9,84
2020-10-24 12:47;65,63;9,84
2020-10-24 13:02;65,63;10,38
2020-10-24 13:17;65,63;10,65
2020-10-24 13:32;65,63;10,92
2020-10-24 13:47;65,63;10,92
2020-10-24 14:02;65,12;11,19
2020-10-24 14:17;64,61;11,19
2020-10-24 14:32;63,59;11,46
2020-10-24 14:47;63,08;11,46
2020-10-24 15:02;63,08;11,73
2020-10-24 15:17;62,57;12,01
2020-10-24 15:32;61,55;12,01
2020-10-24 15:47;61,04;11,73
2020-10-24 16:02;61,04;12,28
2020-10-24 16:17;60,53;12,28
2020-10-24 16:32;60,03;12,56
2020-10-24 16:47;59,53;12,28
2020-10-24 17:02;59,04;12,84
2020-10-24 17:17;58,54;12,84
2020-10-24 17:32;58,54;13,11
2020-10-24 17:47;58,04;12,84
2020-10-24 18:02;58,04;12,84
2020-10-24 18:17;57,54;13,11
2020-10-24 18:32;57,05;12,84
2020-10-24 18:47;56,55;13,11
2020-10-24 19:02;56,05;13,39
2020-10-24 19:17;56,05;13,39
2020-10-24 19:32;56,05;13,39
2020-10-24 19:47;55,56;13,39
2020-10-24 20:02;55,56;13,39
2020-10-24 20:17;55,56;13,67
2020-10-24 20:32;55,06;13,67
2020-10-24 20:47;55,06;13,67
2020-10-24 21:02;54,56;13,67
2020-10-24 21:17;54,56;13,67
2020-10-24 21:32;54,06;13,67
2020-10-24 21:47;54,06;13,95
2020-10-24 22:02;53,57;13,95
2020-10-24 22:17;54,06;14,24
2020-10-24 22:32;53,57;13,95
2020-10-24 22:47;53,57;13,67
2020-10-24 23:02;53,57;13,95
2020-10-24 23:17;53,57;13,95
2020-10-24 23:32;53,07;14,24
2020-10-24 23:47;53,07;14,24
2020-10-25 00:02;53,07;14,24
2020-10-25 00:17;53,07;14,24
2020-10-25 00:32;53,07;14,24
2020-10-25 00:47;53,07;13,95
2020-10-25 01:02;52,57;13,95
2020-10-25 01:17;52,57;14,52
2020-10-25 01:32;52,57;14,52
2020-10-25 01:47;52,08;14,52
2020-10-25 02:02;52,08;14,52
2020-10-25 02:17;52,08;14,24
2020-10-25 02:32;51,58;14,24
2020-10-25 02:47;51,58;14,52
2020-10-25 03:02;51,08;14,52
2020-10-25 03:17;51,08;14,52
2020-10-25 03:32;51,08;14,52
2020-10-25 03:47;51,08;14,52
2020-10-25 04:02;51,08;14,52
2020-10-25 04:17;51,08;14,52
2020-10-25 04:32;51,58;14,52
2020-10-25 04:47;51,58;14,8
2020-10-25 05:02;51,58;14,8
2020-10-25 05:17;51,58;14,52
2020-10-25 05:32;51,08;14,52
2020-10-25 05:47;51,08;14,8
2020-10-25 06:02;51,08;14,52
2020-10-25 06:17;50,58;14,8
2020-10-25 06:32;50,58;14,8
2020-10-25 06:47;50,58;14,8
2020-10-25 07:02;50,58;14,52
2020-10-25 07:17;50,58;14,52
2020-10-25 07:32;50,58;14,52
2020-10-25 07:47;50,58;14,52
2020-10-25 08:02;50,58;14,52
2020-10-25 08:17;50,58;14,52
2020-10-25 08:32;50,09;14,52
2020-10-25 08:47;50,09;14,52
2020-10-25 09:02;50,09;15,09
2020-10-25 09:17;50,09;15,09
2020-10-25 09:32;50,09;15,09
2020-10-25 09:47;50,09;14,8
2020-10-25 10:02;50,09;15,09
2020-10-25 10:17;50,09;15,09
2020-10-25 10:32;50,09;15,09
2020-10-25 10:47;50,09;15,09
2020-10-25 11:02;50,09;15,09
2020-10-25 11:17;50,09;15,09
2020-10-25 11:32;50,09;15,09
2020-10-25 11:47;50,09;15,09
2020-10-25 12:02;50,09;15,09
2020-10-25 12:17;50,09;14,8
2020-10-25 12:32;50,58;14,8
2020-10-25 12:47;50,09;14,8
2020-10-25 13:02;50,09;15,09
2020-10-25 13:17;50,09;15,09
2020-10-25 13:32;50,09;15,09
2020-10-25 13:47;50,09;15,09
2020-10-25 14:02;50,09;15,09
2020-10-25 14:17;50,09;15,09
2020-10-25 14:32;50,09;15,09
2020-10-25 14:47;50,09;15,09
2020-10-25 15:02;50,09;15,09
2020-10-25 15:17;50,09;15,09
2020-10-25 15:32;50,09;15,09
2020-10-25 15:47;50,09;15,09
2020-10-25 16:02;50,09;15,09
2020-10-25 16:17;50,58;14,8
2020-10-25 16:32;50,58;15,09
2020-10-25 16:47;50,58;15,09
2020-10-25 17:02;50,58;15,09
2020-10-25 17:17;50,58;15,09
2020-10-25 17:32;48,6;15,09
2020-10-25 17:47;49,09;15,09
2020-10-25 18:02;49,59;15,38
2020-10-25 18:17;50,09;15,38
2020-10-25 18:32;50,09;15,38
2020-10-25 18:47;50,09;15,38
2020-10-25 19:02;50,09;15,38
2020-10-25 19:17;50,09;15,38
2020-10-25 19:32;50,09;15,38
2020-10-25 19:47;50,09;15,38
2020-10-25 20:02;50,09;15,09
2020-10-25 20:17;50,09;15,09
2020-10-25 20:32;50,58;15,09
2020-10-25 20:47;50,58;15,09
2020-10-25 21:02;50,58;15,38
2020-10-25 21:17;50,58;15,38
2020-10-25 21:32;50,58;15,38
2020-10-25 21:47;50,58;15,38
2020-10-25 22:02;50,58;15,38
2020-10-25 22:17;50,58;15,38
2020-10-25 22:32;50,58;15,38
2020-10-25 22:47;50,58;15,38
2020-10-25 23:02;50,58;15,38
2020-10-25 23:17;50,58;15,66
2020-10-25 23:32;50,58;15,38
2020-10-25 23:47;50,58;15,66
2020-10-26 00:02;50,58;15,66
2020-10-26 00:17;50,58;15,66
2020-10-26 00:32;50,58;15,66
2020-10-26 00:47;50,58;15,95
2020-10-26 01:02;50,58;15,95
2020-10-26 01:17;50,58;15,95
2020-10-26 01:32;51,08;15,95
2020-10-26 01:47;51,08;15,66
2020-10-26 02:02;51,08;15,66
2020-10-26 02:17;51,08;15,66
2020-10-26 02:32;51,08;15,95
2020-10-26 02:47;51,08;15,95
2020-10-26 03:02;51,08;15,95
2020-10-26 03:17;51,08;15,95
2020-10-26 03:32;51,08;15,95
2020-10-26 03:47;51,08;15,95
2020-10-26 04:02;51,08;15,95
2020-10-26 04:17;51,08;15,95
2020-10-26 04:32;51,08;15,95
2020-10-26 04:47;51,08;15,66
2020-10-26 05:02;51,58;15,95
2020-10-26 05:17;51,58;15,95
2020-10-26 05:32;51,58;15,95
2020-10-26 05:47;51,58;15,95
2020-10-26 06:02;51,08;16,24
2020-10-26 06:17;51,08;16,24
2020-10-26 06:32;51,08;16,24
2020-10-26 06:47;51,58;16,24
2020-10-26 07:02;51,58;16,24
2020-10-26 07:17;51,58;16,24
2020-10-26 07:32;51,58;15,95
2020-10-26 07:47;51,58;15,95
2020-10-26 08:02;51,58;15,95
2020-10-26 08:17;51,58;15,95
2020-10-26 08:32;52,08;15,95
2020-10-26 08:47;52,08;16,24
2020-10-26 09:02;52,08;16,24
2020-10-26 09:17;52,08;16,24
2020-10-26 09:32;52,08;16,54
2020-10-26 09:47;52,08;16,54
2020-10-26 10:02;52,57;16,24
2020-10-26 10:17;52,57;16,24
2020-10-26 10:32;52,57;16,24
2020-10-26 10:47;52,57;16,24
2020-10-26 11:02;52,57;16,24
2020-10-26 11:17;52,57;16,24
2020-10-26 11:32;52,57;16,24
2020-10-26 11:47;52,57;16,24
2020-10-26 12:02;52,57;16,24
2020-10-26 12:17;52,57;16,24
2020-10-26 12:32;52,57;16,24
2020-10-26 12:47;52,57;16,24
2020-10-26 13:02;52,57;16,24
2020-10-26 13:17;53,07;16,24
2020-10-26 13:32;52,57;16,24
2020-10-26 13:47;53,07;16,54
2020-10-26 14:02;53,07;16,54
2020-10-26 14:17;53,07;16,54
2020-10-26 14:32;53,07;16,54
2020-10-26 14:47;53,07;16,54
2020-10-26 15:02;53,07;16,54
2020-10-26 15:17;53,07;16,83
2020-10-26 15:32;53,07;16,83
2020-10-26 15:47;53,07;16,83
2020-10-26 16:02;53,07;16,54
2020-10-26 16:17;53,07;16,54
2020-10-26 16:32;53,07;16,83
2020-10-26 16:47;53,07;16,83
2020-10-26 17:02;53,07;16,83
2020-10-26 17:17;53,07;16,83
2020-10-26 17:32;53,07;16,83
2020-10-26 17:47;53,07;16,83
2020-10-26 18:02;53,07;16,83
2020-10-26 18:17;53,07;16,83
2020-10-26 18:32;53,07;16,83
2020-10-26 18:47;53,07;16,83
2020-10-26 19:02;53,07;16,83
2020-10-26 19:17;53,07;16,83
2020-10-26 19:32;53,07;16,83
2020-10-26 19:47;53,07;16,83
2020-10-26 20:02;53,57;16,54
2020-10-26 20:17;53,57;16,54
2020-10-26 20:32;53,57;16,54
2020-10-26 20:47;53,57;16,83
2020-10-26 21:02;53,57;16,83
2020-10-26 21:17;53,57;16,83
2020-10-26 21:32;53,57;16,83
2020-10-26 21:47;53,57;17,13
2020-10-26 22:02;53,57;17,13
2020-10-26 22:17;53,57;17,13
2020-10-26 22:32;53,57;17,13
2020-10-26 22:47;53,57;17,13
2020-10-26 23:02;53,57;17,13
2020-10-26 23:17;53,57;17,13
2020-10-26 23:32;53,57;17,13
2020-10-26 23:47;53,57;17,13
2020-10-27 00:02;53,57;17,13
2020-10-27 00:17;53,57;17,13
2020-10-27 00:32;53,57;17,13
2020-10-27 00:47;53,57;17,13
2020-10-27 01:02;53,57;17,13
2020-10-27 01:17;53,57;17,13
2020-10-27 01:32;53,57;17,13
2020-10-27 01:47;53,57;17,13
2020-10-27 02:02;53,57;17,13
2020-10-27 02:17;54,06;17,13
2020-10-27 02:32;54,06;17,42
2020-10-27 02:47;53,57;17,13
2020-10-27 03:02;53,57;17,13
2020-10-27 03:17;53,57;17,13
2020-10-27 03:32;53,57;16,83
2020-10-27 03:47;53,57;16,83
2020-10-27 04:02;53,57;16,83
2020-10-27 04:17;53,57;16,83
2020-10-27 04:32;53,57;16,83
2020-10-27 04:47;53,57;16,83
2020-10-27 05:02;53,57;16,83
2020-10-27 05:17;53,57;16,83
2020-10-27 05:32;53,57;16,83
2020-10-27 05:47;53,57;16,83
2020-10-27 06:02;53,57;16,83
2020-10-27 06:17;53,57;16,83
2020-10-27 06:32;53,57;16,83
2020-10-27 06:47;53,57;16,83
2020-10-27 07:02;54,06;16,83
2020-10-27 07:17;54,06;16,83
2020-10-27 07:32;54,06;16,83
2020-10-27 07:47;54,06;16,83
2020-10-27 08:02;54,06;16,83
2020-10-27 08:17;54,06;16,83
2020-10-27 08:32;54,06;17,13
2020-10-27 08:47;54,06;17,13
2020-10-27 09:02;54,56;17,13
2020-10-27 09:17;54,56;17,42
2020-10-27 09:32;54,56;17,42
2020-10-27 09:47;54,56;17,42
2020-10-27 10:02;54,56;17,42
2020-10-27 10:17;54,56;17,42
2020-10-27 10:32;54,56;17,42
2020-10-27 10:47;54,56;17,42
2020-10-27 11:02;54,56;17,42
2020-10-27 11:17;54,56;17,42
2020-10-27 11:32;54,56;17,42
2020-10-27 11:47;54,56;17,42
2020-10-27 12:02;54,56;17,42
2020-10-27 12:17;54,56;17,42
2020-10-27 12:32;54,56;17,42
2020-10-27 12:47;54,56;17,42
2020-10-27 13:02;54,56;17,42
2020-10-27 13:17;54,56;17,42
2020-10-27 13:32;54,56;17,42
2020-10-27 13:47;54,56;17,42
2020-10-27 14:02;54,56;17,42
2020-10-27 14:17;54,56;17,42
2020-10-27 14:32;54,56;17,42
2020-10-27 14:47;54,56;17,42
2020-10-27 15:02;55,06;17,42
2020-10-27 15:17;55,06;17,42
2020-10-27 15:32;55,06;17,13
2020-10-27 15:47;55,06;17,13
2020-10-27 16:02;55,06;17,13
2020-10-27 16:17;55,06;17,72
2020-10-27 16:32;55,06;17,72
2020-10-27 16:47;55,06;17,72
2020-10-27 17:02;55,06;17,72
2020-10-27 17:17;55,06;17,72
2020-10-27 17:32;55,06;17,72
2020-10-27 17:47;55,06;17,72
2020-10-27 18:02;55,06;17,72
2020-10-27 18:17;55,06;17,72
2020-10-27 18:32;55,06;17,72
2020-10-27 18:47;55,06;17,72
2020-10-27 19:02;55,06;17,72
2020-10-27 19:17;55,06;17,42
2020-10-27 19:32;55,06;17,42
2020-10-27 19:47;55,06;17,42
2020-10-27 20:02;55,06;17,72
2020-10-27 20:17;55,06;17,42
2020-10-27 20:32;55,06;17,72
2020-10-27 20:47;55,06;17,42
2020-10-27 21:02;55,06;17,72
2020-10-27 21:17;55,06;17,72
2020-10-27 21:32;55,06;17,72
2020-10-27 21:47;55,06;17,72
2020-10-27 22:02;55,56;17,72
2020-10-27 22:17;55,56;17,72
2020-10-27 22:32;55,56;18,02
2020-10-27 22:47;55,56;18,02
2020-10-27 23:02;55,56;17,72
2020-10-27 23:17;55,56;17,72
2020-10-27 23:32;55,56;17,72
2020-10-27 23:47;55,56;18,02
2020-10-28 00:02;55,56;17,72
2020-10-28 00:17;55,56;18,02
2020-10-28 00:32;55,56;18,02
2020-10-28 00:47;55,56;18,02
2020-10-28 01:02;55,56;18,02
2020-10-28 01:17;55,56;18,02
2020-10-28 01:32;55,56;18,02
2020-10-28 01:47;55,56;18,02
2020-10-28 02:02;55,56;18,02
2020-10-28 02:17;55,56;18,02
2020-10-28 02:32;55,56;18,02
2020-10-28 02:47;55,56;17,72
2020-10-28 03:02;55,56;17,72
2020-10-28 03:17;55,56;17,72
2020-10-28 03:32;55,56;17,72
2020-10-28 03:47;55,56;17,72
2020-10-28 04:02;55,56;17,72
2020-10-28 04:17;55,56;17,72
2020-10-28 04:32;55,56;17,72
2020-10-28 04:47;55,56;17,42
2020-10-28 05:02;55,56;17,42
2020-10-28 05:17;55,56;17,42
2020-10-28 05:32;55,56;17,42
2020-10-28 05:47;55,56;18,02
2020-10-28 06:02;55,56;18,02
2020-10-28 06:17;55,56;17,72
2020-10-28 06:32;55,56;17,72
2020-10-28 06:47;55,56;17,72
2020-10-28 07:02;55,06;17,72
2020-10-28 07:17;55,06;17,72
2020-10-28 07:32;55,06;17,72
2020-10-28 07:47;55,06;17,72
2020-10-28 08:02;70,21;14,8
2020-10-28 08:17;72,25;14,24
2020-10-28 08:32;56,05;16,83
2020-10-28 08:47;50,58;19,54
2020-10-28 09:02;49,09;20,16
2020-10-28 09:17;48,1;20,16
2020-10-28 09:32;47,6;20,79
2020-10-28 09:47;47,12;20,48
2020-10-28 10:02;47,12;20,48
2020-10-28 10:17;47,12;20,79
2020-10-28 10:32;48,1;20,79
2020-10-28 10:47;48,1;20,79
2020-10-28 11:02;48,1;21,11
2020-10-28 11:17;48,1;21,43
2020-10-28 11:32;47,12;21,43
