Time;%RH;°C
24.9.2020 11:14;-4.9;15.66
24.9.2020 11:29;-9.4;16.54
24.9.2020 11:44;113.1;17.13
24.9.2020 11:59;105.3;17.42
24.9.2020 12:14;95.5;17.42
24.9.2020 12:29;92.1;18.02
24.9.2020 12:44;88.2;18.62
24.9.2020 12:59;86.2;18.93
24.9.2020 13:14;84.7;18.93
24.9.2020 13:29;84.2;19.54
24.9.2020 13:44;83.7;19.23
24.9.2020 13:59;83.7;19.54
24.9.2020 14:14;81.3;19.23
24.9.2020 14:29;78.3;19.85
24.9.2020 14:44;74.8;20.16
24.9.2020 14:59;78.3;20.16
24.9.2020 15:14;78.8;19.23
24.9.2020 15:29;78.3;19.23
24.9.2020 15:44;78.8;19.54
24.9.2020 15:59;80.3;18.93
24.9.2020 16:14;83.2;18.93
24.9.2020 16:29;83.7;18.62
24.9.2020 16:44;84.2;18.32
24.9.2020 16:59;87.7;18.02
24.9.2020 17:14;88.6;18.02
24.9.2020 17:29;90.6;17.42
24.9.2020 17:44;91.1;17.13
24.9.2020 17:59;94.0;17.13
24.9.2020 18:14;96.5;16.24
24.9.2020 18:29;98.0;16.24
24.9.2020 18:44;98.5;16.24
24.9.2020 18:59;99.4;15.95
24.9.2020 19:14;99.4;15.95
24.9.2020 19:29;100.4;15.38
24.9.2020 19:44;102.4;15.66
24.9.2020 19:59;101.4;15.38
24.9.2020 20:14;101.9;15.09
24.9.2020 20:29;100.9;14.80
24.9.2020 20:44;100.4;14.80
24.9.2020 20:59;99.9;14.52
24.9.2020 21:14;99.9;14.52
24.9.2020 21:29;100.9;13.95
24.9.2020 21:44;100.9;13.95
24.9.2020 21:59;101.9;13.95
24.9.2020 22:14;100.4;14.24
24.9.2020 22:29;100.9;13.67
24.9.2020 22:44;101.4;13.67
24.9.2020 22:59;99.9;13.67
24.9.2020 23:14;99.4;13.39
24.9.2020 23:29;99.9;13.11
24.9.2020 23:44;98.9;13.11
24.9.2020 23:59;99.9;12.84
25.9.2020 0:14;99.4;12.84
25.9.2020 0:29;99.9;12.84
25.9.2020 0:44;99.9;12.84
25.9.2020 0:59;102.4;12.56
25.9.2020 1:14;102.9;12.56
25.9.2020 1:29;104.3;12.56
25.9.2020 1:44;107.3;12.28
25.9.2020 1:59;106.8;12.28
25.9.2020 2:14;109.7;12.01
25.9.2020 2:29;110.7;12.28
25.9.2020 2:44;111.2;11.73
25.9.2020 2:59;112.1;12.28
25.9.2020 3:14;113.1;12.01
25.9.2020 3:29;-12.5;11.73
25.9.2020 3:44;-11.5;11.73
25.9.2020 3:59;-9.4;12.28
25.9.2020 4:14;-8.4;12.28
25.9.2020 4:29;-9.4;12.28
25.9.2020 4:44;-7.9;12.28
25.9.2020 4:59;-6.9;12.56
25.9.2020 5:14;-5.9;12.56
25.9.2020 5:29;-5.9;12.56
25.9.2020 5:44;-6.9;12.01
25.9.2020 5:59;-7.4;12.01
25.9.2020 6:14;-6.9;12.01
25.9.2020 6:29;-5.9;12.56
25.9.2020 6:44;-5.4;12.01
25.9.2020 6:59;-5.4;12.28
25.9.2020 7:14;-7.4;12.84
25.9.2020 7:29;-9.9;12.84
25.9.2020 7:44;-7.4;12.84
25.9.2020 7:59;-7.4;13.11
25.9.2020 8:14;-5.9;13.11
25.9.2020 8:29;-5.9;13.39
25.9.2020 8:44;-6.9;13.39
25.9.2020 8:59;-7.4;13.67
25.9.2020 9:14;-8.4;13.39
25.9.2020 9:29;-9.9;13.95
25.9.2020 9:44;-11.0;13.95
25.9.2020 9:59;-12.0;13.95
25.9.2020 10:14;112.6;14.80
25.9.2020 10:29;110.7;14.80
25.9.2020 10:44;106.3;15.09
25.9.2020 10:59;103.8;15.66
25.9.2020 11:14;99.9;15.38
25.9.2020 11:29;97.5;15.95
25.9.2020 11:44;97.5;15.66
25.9.2020 11:59;93.6;16.24
25.9.2020 12:14;90.6;16.54
25.9.2020 12:29;89.6;16.24
25.9.2020 12:44;88.2;16.54
25.9.2020 12:59;86.7;16.83
25.9.2020 13:14;85.7;16.24
25.9.2020 13:29;87.7;16.24
25.9.2020 13:44;87.7;15.95
25.9.2020 13:59;88.6;16.24
25.9.2020 14:14;86.7;15.95
25.9.2020 14:29;83.7;15.66
25.9.2020 14:44;81.7;16.54
25.9.2020 14:59;81.3;16.24
25.9.2020 15:14;81.7;16.54
25.9.2020 15:29;83.7;16.54
25.9.2020 15:44;83.7;15.95
25.9.2020 15:59;86.2;16.54
25.9.2020 16:14;88.2;15.95
25.9.2020 16:29;90.6;15.66
25.9.2020 16:44;92.1;15.95
25.9.2020 16:59;93.6;15.66
25.9.2020 17:14;95.0;15.66
25.9.2020 17:29;98.0;15.09
25.9.2020 17:44;96.0;15.95
25.9.2020 17:59;93.1;15.38
25.9.2020 18:14;93.1;15.66
25.9.2020 18:29;93.6;14.80
25.9.2020 18:44;94.0;15.09
25.9.2020 18:59;93.1;14.80
25.9.2020 19:14;92.6;14.80
25.9.2020 19:29;94.0;14.80
25.9.2020 19:44;94.5;14.52
25.9.2020 19:59;95.0;14.80
25.9.2020 20:14;95.5;14.24
25.9.2020 20:29;95.5;14.52
25.9.2020 20:44;95.5;13.95
25.9.2020 20:59;96.5;13.95
25.9.2020 21:14;97.5;13.95
25.9.2020 21:29;97.5;13.39
25.9.2020 21:44;98.0;13.39
25.9.2020 21:59;98.0;13.11
25.9.2020 22:14;98.5;12.84
25.9.2020 22:29;98.5;12.84
25.9.2020 22:44;98.0;12.56
25.9.2020 22:59;98.5;12.84
25.9.2020 23:14;98.5;12.56
25.9.2020 23:29;99.4;12.56
25.9.2020 23:44;99.4;12.28
25.9.2020 23:59;99.4;12.01
26.9.2020 0:14;100.9;12.01
26.9.2020 0:29;99.9;11.73
26.9.2020 0:44;99.9;11.73
26.9.2020 0:59;99.4;11.73
26.9.2020 1:14;100.4;11.46
26.9.2020 1:29;100.9;11.46
26.9.2020 1:44;101.4;11.46
26.9.2020 1:59;102.4;10.92
26.9.2020 2:14;102.9;10.92
26.9.2020 2:29;103.4;10.92
26.9.2020 2:44;103.4;10.92
26.9.2020 2:59;103.8;11.19
26.9.2020 3:14;104.3;10.92
26.9.2020 3:29;104.8;10.65
26.9.2020 3:44;104.8;10.65
26.9.2020 3:59;104.8;10.65
26.9.2020 4:14;104.3;10.92
26.9.2020 4:29;104.3;10.92
26.9.2020 4:44;104.8;10.65
26.9.2020 4:59;104.8;10.38
26.9.2020 5:14;105.8;10.38
26.9.2020 5:29;105.8;10.11
26.9.2020 5:44;106.3;10.38
26.9.2020 5:59;106.8;10.38
26.9.2020 6:14;107.3;10.38
26.9.2020 6:29;107.8;10.38
26.9.2020 6:44;108.2;10.38
26.9.2020 6:59;107.8;10.38
26.9.2020 7:14;107.3;10.38
26.9.2020 7:29;106.8;10.65
26.9.2020 7:44;105.8;10.92
26.9.2020 7:59;104.8;10.92
26.9.2020 8:14;104.3;10.92
26.9.2020 8:29;100.4;11.73
26.9.2020 8:44;98.0;11.73
26.9.2020 8:59;96.0;12.56
26.9.2020 9:14;95.0;12.56
26.9.2020 9:29;93.6;12.84
26.9.2020 9:44;91.6;13.67
26.9.2020 9:59;90.6;13.95
26.9.2020 10:14;90.1;14.24
26.9.2020 10:29;89.1;14.80
26.9.2020 10:44;88.2;14.80
26.9.2020 10:59;87.2;15.09
26.9.2020 11:14;86.2;15.38
26.9.2020 11:29;85.7;15.66
26.9.2020 11:44;83.2;16.24
26.9.2020 11:59;84.2;16.54
26.9.2020 12:14;80.8;16.83
26.9.2020 12:29;79.3;17.13
26.9.2020 12:44;78.8;17.42
26.9.2020 12:59;78.8;17.42
26.9.2020 13:14;76.8;17.72
26.9.2020 13:29;75.8;18.02
26.9.2020 13:44;74.3;18.02
26.9.2020 13:59;73.8;18.62
26.9.2020 14:14;73.8;18.93
26.9.2020 14:29;74.8;18.32
26.9.2020 14:44;73.8;18.93
26.9.2020 14:59;74.3;19.23
26.9.2020 15:14;74.3;19.23
26.9.2020 15:29;73.4;19.23
26.9.2020 15:44;75.3;19.23
26.9.2020 15:59;76.8;18.93
26.9.2020 16:14;78.8;18.93
26.9.2020 16:29;81.3;18.62
26.9.2020 16:44;81.7;18.32
26.9.2020 16:59;83.7;18.32
26.9.2020 17:14;85.7;18.02
26.9.2020 17:29;86.2;17.72
26.9.2020 17:44;86.2;17.13
26.9.2020 17:59;85.7;17.13
26.9.2020 18:14;86.2;16.54
26.9.2020 18:29;86.2;16.24
26.9.2020 18:44;86.2;16.54
26.9.2020 18:59;86.7;16.54
26.9.2020 19:14;86.2;16.24
26.9.2020 19:29;86.2;15.95
26.9.2020 19:44;86.2;15.95
26.9.2020 19:59;86.2;15.66
26.9.2020 20:14;88.2;15.66
26.9.2020 20:29;92.6;15.66
26.9.2020 20:44;94.0;15.09
26.9.2020 20:59;93.1;15.38
26.9.2020 21:14;91.1;15.38
26.9.2020 21:29;91.6;15.38
26.9.2020 21:44;92.6;15.09
26.9.2020 21:59;92.6;14.80
26.9.2020 22:14;92.1;14.52
26.9.2020 22:29;92.6;14.52
26.9.2020 22:44;93.1;14.52
26.9.2020 22:59;93.1;14.80
26.9.2020 23:14;94.0;14.52
26.9.2020 23:29;95.5;13.95
26.9.2020 23:44;95.0;13.95
26.9.2020 23:59;96.0;13.67
27.9.2020 0:14;97.5;13.95
27.9.2020 0:29;97.0;13.95
27.9.2020 0:44;97.5;13.11
27.9.2020 0:59;97.5;13.67
27.9.2020 1:14;97.5;13.39
27.9.2020 1:29;98.9;13.11
27.9.2020 1:44;98.9;13.11
27.9.2020 1:59;98.9;12.56
27.9.2020 2:14;98.9;13.11
27.9.2020 2:29;99.4;12.84
27.9.2020 2:44;99.9;12.84
27.9.2020 2:59;100.4;12.28
27.9.2020 3:14;100.4;12.56
27.9.2020 3:29;100.9;12.28
27.9.2020 3:44;101.4;12.01
27.9.2020 3:59;102.4;12.28
27.9.2020 4:14;102.4;12.28
27.9.2020 4:29;102.4;12.28
27.9.2020 4:44;102.9;12.28
27.9.2020 4:59;103.8;12.01
27.9.2020 5:14;104.3;11.73
27.9.2020 5:29;104.3;12.01
27.9.2020 5:44;104.8;11.73
27.9.2020 5:59;105.8;12.01
27.9.2020 6:14;106.3;11.73
27.9.2020 6:29;106.8;11.73
27.9.2020 6:44;106.3;11.73
27.9.2020 6:59;106.8;11.73
27.9.2020 7:14;107.8;12.01
27.9.2020 7:29;107.8;12.01
27.9.2020 7:44;107.3;11.73
27.9.2020 7:59;106.3;11.73
27.9.2020 8:14;104.8;12.28
27.9.2020 8:29;102.4;12.84
27.9.2020 8:44;98.0;13.11
27.9.2020 8:59;96.5;13.11
27.9.2020 9:14;94.5;13.67
27.9.2020 9:29;93.1;14.24
27.9.2020 9:44;90.6;14.52
27.9.2020 9:59;88.2;14.80
27.9.2020 10:14;86.2;14.80
27.9.2020 10:29;86.7;15.66
27.9.2020 10:44;85.2;15.66
27.9.2020 10:59;83.2;16.24
27.9.2020 11:14;80.8;16.54
27.9.2020 11:29;78.3;16.54
27.9.2020 11:44;74.8;16.83
27.9.2020 11:59;74.3;17.13
27.9.2020 12:14;71.9;17.42
27.9.2020 12:29;70.9;18.02
27.9.2020 12:44;69.4;17.72
27.9.2020 12:59;68.9;18.32
27.9.2020 13:14;66.4;18.32
27.9.2020 13:29;66.9;18.93
27.9.2020 13:44;66.9;18.62
27.9.2020 13:59;66.9;18.93
27.9.2020 14:14;64.9;18.93
27.9.2020 14:29;67.4;19.23
27.9.2020 14:44;65.9;19.23
27.9.2020 14:59;64.9;19.23
27.9.2020 15:14;66.4;19.23
27.9.2020 15:29;65.4;19.23
27.9.2020 15:44;66.9;18.93
27.9.2020 15:59;67.4;18.93
27.9.2020 16:14;70.9;18.32
27.9.2020 16:29;72.4;17.72
27.9.2020 16:44;72.4;17.72
27.9.2020 16:59;73.4;17.13
27.9.2020 17:14;76.3;17.13
27.9.2020 17:29;76.8;16.54
27.9.2020 17:44;77.3;16.24
27.9.2020 17:59;78.3;15.66
27.9.2020 18:14;78.3;15.66
27.9.2020 18:29;79.3;15.38
27.9.2020 18:44;80.8;15.09
27.9.2020 18:59;81.7;14.52
27.9.2020 19:14;84.2;14.24
27.9.2020 19:29;86.2;13.95
27.9.2020 19:44;88.2;13.67
27.9.2020 19:59;88.2;13.67
27.9.2020 20:14;89.1;13.39
27.9.2020 20:29;90.6;13.11
27.9.2020 20:44;93.6;12.84
27.9.2020 20:59;94.0;13.11
27.9.2020 21:14;95.5;13.11
27.9.2020 21:29;96.0;12.56
27.9.2020 21:44;97.5;12.28
27.9.2020 21:59;97.5;12.56
27.9.2020 22:14;98.5;12.56
27.9.2020 22:29;99.9;12.28
27.9.2020 22:44;100.4;12.01
27.9.2020 22:59;100.9;12.28
27.9.2020 23:14;100.9;12.28
27.9.2020 23:29;102.9;12.01
27.9.2020 23:44;102.9;12.01
27.9.2020 23:59;103.4;11.73
28.9.2020 0:14;103.8;12.01
28.9.2020 0:29;103.8;12.01
28.9.2020 0:44;103.8;12.01
28.9.2020 0:59;102.9;12.01
28.9.2020 1:14;102.4;12.01
28.9.2020 1:29;101.4;11.73
28.9.2020 1:44;101.4;11.46
28.9.2020 1:59;100.4;11.46
28.9.2020 2:14;100.4;11.46
28.9.2020 2:29;100.4;11.19
28.9.2020 2:44;100.4;11.46
28.9.2020 2:59;99.9;11.19
28.9.2020 3:14;98.5;11.46
28.9.2020 3:29;99.9;11.19
28.9.2020 3:44;100.4;11.19
28.9.2020 3:59;100.4;10.65
28.9.2020 4:14;100.4;10.92
28.9.2020 4:29;101.4;10.92
28.9.2020 4:44;101.4;10.92
28.9.2020 4:59;101.4;10.38
28.9.2020 5:14;100.9;10.65
28.9.2020 5:29;99.9;10.38
28.9.2020 5:44;99.9;10.38
28.9.2020 5:59;99.4;10.11
28.9.2020 6:14;99.9;10.38
28.9.2020 6:29;100.9;10.38
28.9.2020 6:44;101.4;10.11
28.9.2020 6:59;101.9;10.11
28.9.2020 7:14;102.4;10.11
28.9.2020 7:29;102.4;10.11
28.9.2020 7:44;101.4;10.11
28.9.2020 7:59;99.4;10.38
28.9.2020 8:14;97.0;10.38
28.9.2020 8:29;93.1;10.38
28.9.2020 8:44;90.6;10.92
28.9.2020 8:59;89.6;11.46
28.9.2020 9:14;87.2;11.46
28.9.2020 9:29;87.7;12.01
28.9.2020 9:44;86.2;12.28
28.9.2020 9:59;83.7;12.28
28.9.2020 10:14;82.7;12.56
28.9.2020 10:29;81.3;13.11
28.9.2020 10:44;79.3;13.39
28.9.2020 10:59;74.3;13.67
28.9.2020 11:14;72.9;13.95
28.9.2020 11:29;71.9;14.24
28.9.2020 11:44;71.9;14.52
28.9.2020 11:59;69.4;14.80
28.9.2020 12:14;67.4;15.09
28.9.2020 12:29;66.9;15.38
28.9.2020 12:44;67.4;15.09
28.9.2020 12:59;64.4;15.09
28.9.2020 13:14;65.9;15.66
28.9.2020 13:29;64.4;15.95
28.9.2020 13:44;62.5;15.95
28.9.2020 13:59;63.5;15.66
28.9.2020 14:14;64.4;16.24
28.9.2020 14:29;63.0;16.24
28.9.2020 14:44;62.5;16.24
28.9.2020 14:59;64.9;16.24
28.9.2020 15:14;65.4;16.24
28.9.2020 15:29;65.4;16.24
28.9.2020 15:44;65.9;15.95
28.9.2020 15:59;71.4;15.66
28.9.2020 16:14;71.4;15.95
28.9.2020 16:29;74.8;15.95
28.9.2020 16:44;73.4;15.66
28.9.2020 16:59;71.9;15.66
28.9.2020 17:14;73.4;15.66
28.9.2020 17:29;74.3;15.09
28.9.2020 17:44;76.3;15.09
28.9.2020 17:59;77.3;14.24
28.9.2020 18:14;76.8;13.95
28.9.2020 18:29;77.8;13.95
28.9.2020 18:44;77.8;13.67
28.9.2020 18:59;78.8;13.39
28.9.2020 19:14;78.8;13.11
28.9.2020 19:29;78.8;13.11
28.9.2020 19:44;80.8;12.28
28.9.2020 19:59;81.7;12.28
28.9.2020 20:14;83.2;12.28
28.9.2020 20:29;83.7;12.01
28.9.2020 20:44;84.2;12.01
28.9.2020 20:59;85.7;12.01
28.9.2020 21:14;86.2;11.73
28.9.2020 21:29;87.2;11.46
28.9.2020 21:44;87.2;11.19
28.9.2020 21:59;88.2;10.92
28.9.2020 22:14;88.2;11.19
28.9.2020 22:29;89.1;11.19
28.9.2020 22:44;89.1;10.65
28.9.2020 22:59;90.6;10.65
28.9.2020 23:14;90.6;10.38
28.9.2020 23:29;91.1;10.11
28.9.2020 23:44;93.6;10.11
28.9.2020 23:59;93.1;10.11
29.9.2020 0:14;95.0;10.11
29.9.2020 0:29;94.0;9.84
29.9.2020 0:44;95.0;9.84
29.9.2020 0:59;95.0;9.31
29.9.2020 1:14;96.5;9.05
29.9.2020 1:29;96.5;9.05
29.9.2020 1:44;98.9;9.05
29.9.2020 1:59;98.0;9.31
29.9.2020 2:14;99.9;9.31
29.9.2020 2:29;97.5;9.05
29.9.2020 2:44;100.9;9.05
29.9.2020 2:59;102.9;8.78
29.9.2020 3:14;104.3;8.52
29.9.2020 3:29;99.9;8.78
29.9.2020 3:44;103.4;8.78
29.9.2020 3:59;106.3;9.05
29.9.2020 4:14;107.3;9.05
29.9.2020 4:29;108.7;9.05
29.9.2020 4:44;108.2;9.05
29.9.2020 4:59;109.2;9.31
29.9.2020 5:14;108.2;9.31
29.9.2020 5:29;108.7;9.31
29.9.2020 5:44;109.2;9.31
29.9.2020 5:59;110.2;9.58
29.9.2020 6:14;109.7;9.58
29.9.2020 6:29;109.2;9.58
29.9.2020 6:44;108.7;9.58
29.9.2020 6:59;107.8;9.58
29.9.2020 7:14;108.2;9.58
29.9.2020 7:29;107.8;9.58
29.9.2020 7:44;108.2;9.58
29.9.2020 7:59;108.2;9.58
29.9.2020 8:14;109.2;10.11
29.9.2020 8:29;108.2;9.58
29.9.2020 8:44;108.7;9.84
29.9.2020 8:59;108.7;10.11
29.9.2020 9:14;108.2;10.11
29.9.2020 9:29;108.2;9.84
29.9.2020 9:44;107.8;10.38
29.9.2020 9:59;107.3;10.11
29.9.2020 10:14;108.2;10.38
29.9.2020 10:29;108.7;10.38
29.9.2020 10:44;109.2;10.92
29.9.2020 10:59;108.7;10.65
29.9.2020 11:14;108.7;11.19
29.9.2020 11:29;108.2;11.19
29.9.2020 11:44;106.8;11.73
29.9.2020 11:59;105.8;11.73
29.9.2020 12:14;104.3;11.73
29.9.2020 12:29;102.9;11.73
29.9.2020 12:44;101.9;12.28
29.9.2020 12:59;98.9;12.28
29.9.2020 13:14;98.5;12.28
29.9.2020 13:29;98.5;12.56
29.9.2020 13:44;99.9;12.56
29.9.2020 13:59;99.4;12.56
29.9.2020 14:14;98.0;12.84
29.9.2020 14:29;94.5;13.11
29.9.2020 14:44;92.6;13.11
29.9.2020 14:59;93.1;13.67
29.9.2020 15:14;93.1;13.11
29.9.2020 15:29;92.6;13.11
29.9.2020 15:44;93.6;13.11
29.9.2020 15:59;95.5;13.39
29.9.2020 16:14;95.0;13.11
29.9.2020 16:29;95.5;12.84
29.9.2020 16:44;97.0;12.84
29.9.2020 16:59;98.5;13.11
29.9.2020 17:14;98.9;12.84
29.9.2020 17:29;99.4;12.56
29.9.2020 17:44;100.9;12.28
29.9.2020 17:59;103.4;12.56
29.9.2020 18:14;104.8;12.01
29.9.2020 18:29;104.3;12.01
29.9.2020 18:44;102.9;12.56
29.9.2020 18:59;102.9;12.28
29.9.2020 19:14;103.4;12.28
29.9.2020 19:29;103.8;12.01
29.9.2020 19:44;104.3;11.73
29.9.2020 19:59;104.3;12.01
29.9.2020 20:14;104.8;11.73
29.9.2020 20:29;105.3;12.01
29.9.2020 20:44;106.8;11.73
29.9.2020 20:59;106.3;12.28
29.9.2020 21:14;107.8;12.01
29.9.2020 21:29;108.2;12.01
29.9.2020 21:44;109.2;12.01
29.9.2020 21:59;109.2;12.01
29.9.2020 22:14;109.7;11.73
29.9.2020 22:29;110.7;11.46
29.9.2020 22:44;110.7;11.73
29.9.2020 22:59;110.7;11.73
29.9.2020 23:14;110.7;11.19
29.9.2020 23:29;111.2;11.73
29.9.2020 23:44;111.2;11.46
29.9.2020 23:59;112.1;11.46
30.9.2020 0:14;113.1;11.19
30.9.2020 0:29;-13.0;11.46
30.9.2020 0:44;-13.5;11.19
30.9.2020 0:59;-12.5;11.46
30.9.2020 1:14;-12.0;11.19
30.9.2020 1:29;-12.5;10.92
30.9.2020 1:44;-12.0;11.46
30.9.2020 1:59;-12.0;11.46
30.9.2020 2:14;-12.0;10.92
30.9.2020 2:29;-12.0;11.19
30.9.2020 2:44;-12.0;11.19
30.9.2020 2:59;-11.5;11.19
30.9.2020 3:14;-11.0;11.19
30.9.2020 3:29;-11.0;11.19
30.9.2020 3:44;-11.0;11.19
30.9.2020 3:59;-9.9;10.92
30.9.2020 4:14;-9.9;10.92
30.9.2020 4:29;-9.4;11.19
30.9.2020 4:44;-9.4;10.65
30.9.2020 4:59;-9.9;11.19
30.9.2020 5:14;-9.4;10.65
30.9.2020 5:29;-8.4;10.65
30.9.2020 5:44;-8.9;10.65
30.9.2020 5:59;-8.4;10.92
30.9.2020 6:14;-8.4;10.65
30.9.2020 6:29;-9.4;10.92
30.9.2020 6:44;-10.5;10.65
30.9.2020 6:59;-10.5;10.92
30.9.2020 7:14;-11.0;10.92
30.9.2020 7:29;-10.5;11.19
30.9.2020 7:44;-9.9;10.92
30.9.2020 7:59;-10.5;10.92
30.9.2020 8:14;-9.9;11.19
30.9.2020 8:29;-10.5;11.19
30.9.2020 8:44;-11.0;11.19
30.9.2020 8:59;-12.0;11.46
30.9.2020 9:14;-13.5;11.19
30.9.2020 9:29;113.1;11.73
30.9.2020 9:44;112.1;12.01
30.9.2020 9:59;111.7;12.01
30.9.2020 10:14;109.2;11.73
30.9.2020 10:29;109.2;12.28
30.9.2020 10:44;108.2;11.73
30.9.2020 10:59;107.3;12.28
30.9.2020 11:14;105.3;12.28
30.9.2020 11:29;104.3;12.28
30.9.2020 11:44;101.4;12.56
30.9.2020 11:59;100.9;12.84
30.9.2020 12:14;97.0;12.56
30.9.2020 12:29;95.0;12.56
30.9.2020 12:44;91.6;13.11
30.9.2020 12:59;89.6;12.84
30.9.2020 13:14;90.1;13.11
30.9.2020 13:29;90.6;12.84
30.9.2020 13:44;90.1;13.11
30.9.2020 13:59;88.2;12.84
30.9.2020 14:14;86.2;13.11
30.9.2020 14:29;88.2;13.67
30.9.2020 14:44;87.7;13.95
30.9.2020 14:59;86.7;13.95
30.9.2020 15:14;86.7;13.95
30.9.2020 15:29;85.7;13.39
30.9.2020 15:44;88.2;13.67
30.9.2020 15:59;90.6;13.67
30.9.2020 16:14;92.6;13.39
30.9.2020 16:29;93.1;13.39
30.9.2020 16:44;94.0;13.39
30.9.2020 16:59;95.5;13.11
30.9.2020 17:14;96.5;12.84
30.9.2020 17:29;98.0;12.84
30.9.2020 17:44;98.0;12.84
30.9.2020 17:59;96.0;13.11
30.9.2020 18:14;94.0;13.11
30.9.2020 18:29;95.0;13.11
30.9.2020 18:44;95.0;12.56
30.9.2020 18:59;93.1;12.56
30.9.2020 19:14;93.1;12.56
30.9.2020 19:29;92.1;12.28
30.9.2020 19:44;91.1;12.01
30.9.2020 19:59;91.6;12.01
30.9.2020 20:14;92.1;12.28
30.9.2020 20:29;93.1;12.01
30.9.2020 20:44;93.1;12.01
30.9.2020 20:59;95.5;11.73
30.9.2020 21:14;96.5;11.73
30.9.2020 21:29;97.5;11.46
30.9.2020 21:44;98.5;11.73
30.9.2020 21:59;99.9;11.46
30.9.2020 22:14;100.4;11.19
30.9.2020 22:29;100.9;11.46
30.9.2020 22:44;102.9;10.92
30.9.2020 22:59;103.4;10.65
30.9.2020 23:14;104.3;10.65
30.9.2020 23:29;105.3;10.92
30.9.2020 23:44;105.3;10.65
30.9.2020 23:59;105.3;10.65
1.10.2020 0:14;105.3;10.65
1.10.2020 0:29;106.8;10.65
1.10.2020 0:44;108.2;10.11
1.10.2020 0:59;106.8;10.65
1.10.2020 1:14;106.3;10.38
1.10.2020 1:29;109.7;10.11
1.10.2020 1:44;111.7;10.38
1.10.2020 1:59;112.6;10.11
1.10.2020 2:14;113.1;10.11
1.10.2020 2:29;-12.5;10.11
1.10.2020 2:44;-12.0;10.11
1.10.2020 2:59;-12.0;10.11
1.10.2020 3:14;-12.5;10.11
1.10.2020 3:29;-13.0;9.84
1.10.2020 3:44;-13.5;9.58
1.10.2020 3:59;105.3;9.84
1.10.2020 4:14;103.4;9.31
1.10.2020 4:29;105.3;9.58
1.10.2020 4:44;107.3;9.31
1.10.2020 4:59;110.2;9.05
1.10.2020 5:14;110.7;9.05
1.10.2020 5:29;113.1;9.31
1.10.2020 5:44;-9.4;9.05
1.10.2020 5:59;-5.9;9.31
1.10.2020 6:14;-4.9;9.05
1.10.2020 6:29;-3.8;9.05
1.10.2020 6:44;-3.3;9.58
1.10.2020 6:59;-3.3;9.58
1.10.2020 7:14;-3.8;9.31
1.10.2020 7:29;-4.9;9.05
1.10.2020 7:44;-4.9;9.05
1.10.2020 7:59;-5.4;9.31
1.10.2020 8:14;-7.9;9.05
1.10.2020 8:29;-8.9;9.31
1.10.2020 8:44;-8.9;9.31
1.10.2020 8:59;-8.9;9.31
1.10.2020 9:14;-9.9;9.05
1.10.2020 9:29;-11.0;9.31
1.10.2020 9:44;-9.4;9.31
1.10.2020 9:59;-13.5;10.11
1.10.2020 10:14;110.2;10.38
1.10.2020 10:29;108.7;10.92
1.10.2020 10:44;106.8;10.92
1.10.2020 10:59;104.8;10.65
1.10.2020 11:14;101.9;10.92
1.10.2020 11:29;98.0;11.73
1.10.2020 11:44;95.5;12.01
1.10.2020 11:59;93.6;12.01
1.10.2020 12:14;95.5;12.28
1.10.2020 12:29;91.1;12.28
1.10.2020 12:44;90.6;12.84
1.10.2020 12:59;91.1;12.84
1.10.2020 13:14;89.6;13.39
1.10.2020 13:29;90.6;13.39
1.10.2020 13:44;89.6;13.67
1.10.2020 13:59;89.1;13.67
1.10.2020 14:14;88.6;13.95
1.10.2020 14:29;88.2;13.95
1.10.2020 14:44;87.2;13.95
1.10.2020 14:59;88.2;13.95
1.10.2020 15:14;89.1;13.95
1.10.2020 15:29;89.1;13.95
1.10.2020 15:44;89.6;14.24
1.10.2020 15:59;89.1;14.52
1.10.2020 16:14;91.1;13.95
1.10.2020 16:29;93.1;13.67
1.10.2020 16:44;95.0;13.95
1.10.2020 16:59;96.0;13.67
1.10.2020 17:14;98.0;13.67
1.10.2020 17:29;96.0;13.11
1.10.2020 17:44;92.6;13.11
1.10.2020 17:59;95.0;12.84
1.10.2020 18:14;97.0;12.28
1.10.2020 18:29;98.0;12.01
1.10.2020 18:44;100.4;11.73
1.10.2020 18:59;100.4;12.01
1.10.2020 19:14;101.9;11.46
1.10.2020 19:29;103.4;11.73
1.10.2020 19:44;104.8;11.46
1.10.2020 19:59;104.8;11.19
1.10.2020 20:14;105.8;10.65
1.10.2020 20:29;106.3;10.92
1.10.2020 20:44;106.8;10.11
1.10.2020 20:59;107.3;10.38
1.10.2020 21:14;106.8;10.38
1.10.2020 21:29;105.8;9.84
1.10.2020 21:44;106.8;9.84
1.10.2020 21:59;107.3;9.31
1.10.2020 22:14;108.7;9.31
1.10.2020 22:29;110.2;9.05
1.10.2020 22:44;110.2;9.31
1.10.2020 22:59;110.2;9.31
1.10.2020 23:14;110.2;9.05
1.10.2020 23:29;110.7;9.05
1.10.2020 23:44;109.7;9.05
1.10.2020 23:59;110.7;9.05
2.10.2020 0:14;112.1;9.31
2.10.2020 0:29;111.7;9.05
2.10.2020 0:44;112.1;8.78
2.10.2020 0:59;112.1;9.05
2.10.2020 1:14;110.7;8.78
2.10.2020 1:29;111.2;9.05
2.10.2020 1:44;111.2;9.05
2.10.2020 1:59;111.7;9.05
2.10.2020 2:14;110.7;8.78
2.10.2020 2:29;112.1;8.78
2.10.2020 2:44;-14.0;8.78
2.10.2020 2:59;-14.0;9.05
2.10.2020 3:14;-12.5;8.52
2.10.2020 3:29;-12.0;8.52
2.10.2020 3:44;-12.0;8.52
2.10.2020 3:59;-12.0;8.78
2.10.2020 4:14;-10.5;8.78
2.10.2020 4:29;-10.5;8.78
2.10.2020 4:44;-11.0;8.52
2.10.2020 4:59;-10.5;8.52
2.10.2020 5:14;-12.0;8.52
2.10.2020 5:29;-11.5;8.52
2.10.2020 5:44;-11.0;8.25
2.10.2020 5:59;-11.5;8.25
2.10.2020 6:14;-11.0;8.25
2.10.2020 6:29;-9.9;8.25
2.10.2020 6:44;-9.4;7.99
2.10.2020 6:59;-9.4;7.99
2.10.2020 7:14;-9.4;7.99
2.10.2020 7:29;-9.4;8.25
2.10.2020 7:44;-10.5;8.25
2.10.2020 7:59;-12.0;8.25
2.10.2020 8:14;113.1;8.78
2.10.2020 8:29;110.7;8.78
2.10.2020 8:44;106.3;9.31
2.10.2020 8:59;103.8;9.84
2.10.2020 9:14;101.4;9.84
2.10.2020 9:29;99.9;9.84
2.10.2020 9:44;95.0;10.11
2.10.2020 9:59;91.1;10.92
2.10.2020 10:14;90.6;11.19
2.10.2020 10:29;86.7;11.46
2.10.2020 10:44;87.2;11.73
2.10.2020 10:59;84.2;12.01
2.10.2020 11:14;83.7;12.28
2.10.2020 11:29;80.3;12.84
2.10.2020 11:44;77.3;13.11
2.10.2020 11:59;76.8;13.39
2.10.2020 12:14;77.3;13.67
2.10.2020 12:29;73.8;13.95
2.10.2020 12:44;71.9;13.95
2.10.2020 12:59;70.9;14.52
2.10.2020 13:14;69.4;14.80
2.10.2020 13:29;68.9;14.52
2.10.2020 13:44;69.9;14.80
2.10.2020 13:59;68.9;14.80
2.10.2020 14:14;65.4;15.09
2.10.2020 14:29;64.4;15.38
2.10.2020 14:44;64.9;15.95
2.10.2020 14:59;64.9;16.24
2.10.2020 15:14;64.4;15.95
2.10.2020 15:29;64.4;15.38
2.10.2020 15:44;67.4;15.38
2.10.2020 15:59;68.4;15.38
2.10.2020 16:14;69.9;14.80
2.10.2020 16:29;69.9;14.80
2.10.2020 16:44;71.9;14.24
2.10.2020 16:59;72.9;14.52
2.10.2020 17:14;76.3;13.95
2.10.2020 17:29;78.8;13.67
2.10.2020 17:44;79.8;13.39
2.10.2020 17:59;81.3;12.84
2.10.2020 18:14;80.3;12.84
2.10.2020 18:29;81.3;12.28
2.10.2020 18:44;81.7;11.73
2.10.2020 18:59;83.2;11.73
2.10.2020 19:14;84.7;11.46
2.10.2020 19:29;86.2;11.19
2.10.2020 19:44;86.7;10.92
2.10.2020 19:59;88.6;10.92
2.10.2020 20:14;88.6;10.38
2.10.2020 20:29;89.1;10.38
2.10.2020 20:44;90.6;10.38
2.10.2020 20:59;93.1;10.38
2.10.2020 21:14;93.1;10.11
2.10.2020 21:29;95.5;9.84
2.10.2020 21:44;95.0;9.58
2.10.2020 21:59;96.0;9.58
2.10.2020 22:14;97.5;9.58
2.10.2020 22:29;98.0;9.58
2.10.2020 22:44;100.4;9.31
2.10.2020 22:59;101.9;9.31
2.10.2020 23:14;102.9;9.31
2.10.2020 23:29;103.8;9.31
2.10.2020 23:44;104.3;9.05
2.10.2020 23:59;103.8;9.58
3.10.2020 0:14;104.8;9.31
3.10.2020 0:29;104.3;9.05
3.10.2020 0:44;104.3;9.31
3.10.2020 0:59;104.3;9.31
3.10.2020 1:14;103.8;9.31
3.10.2020 1:29;104.8;9.31
3.10.2020 1:44;105.3;9.05
3.10.2020 1:59;105.3;9.05
3.10.2020 2:14;104.8;9.05
3.10.2020 2:29;105.3;8.78
3.10.2020 2:44;104.8;9.05
3.10.2020 2:59;104.3;8.78
3.10.2020 3:14;104.3;9.05
3.10.2020 3:29;104.8;8.78
3.10.2020 3:44;103.4;9.05
3.10.2020 3:59;103.8;9.05
3.10.2020 4:14;104.8;9.05
3.10.2020 4:29;106.3;8.78
3.10.2020 4:44;106.8;9.05
3.10.2020 4:59;107.8;9.05
3.10.2020 5:14;108.7;8.78
3.10.2020 5:29;110.2;8.78
3.10.2020 5:44;112.1;8.52
3.10.2020 5:59;113.1;8.78
3.10.2020 6:14;-14.0;8.52
3.10.2020 6:29;-13.5;8.52
3.10.2020 6:44;-12.5;8.52
3.10.2020 6:59;-12.5;8.78
3.10.2020 7:14;-11.5;9.05
3.10.2020 7:29;-11.5;8.52
3.10.2020 7:44;-12.0;8.78
3.10.2020 7:59;-10.5;9.05
3.10.2020 8:14;-12.0;9.05
3.10.2020 8:29;-14.0;9.58
3.10.2020 8:44;113.1;9.58
3.10.2020 8:59;111.2;9.84
3.10.2020 9:14;109.2;9.58
3.10.2020 9:29;106.8;10.38
3.10.2020 9:44;103.8;10.11
3.10.2020 9:59;101.4;10.65
3.10.2020 10:14;98.0;11.19
3.10.2020 10:29;93.1;11.46
3.10.2020 10:44;89.1;12.01
3.10.2020 10:59;88.2;12.28
3.10.2020 11:14;88.6;12.56
3.10.2020 11:29;88.2;12.84
3.10.2020 11:44;82.2;13.39
3.10.2020 11:59;80.8;13.95
3.10.2020 12:14;73.8;14.24
3.10.2020 12:29;72.4;14.52
3.10.2020 12:44;69.9;14.80
3.10.2020 12:59;67.4;15.09
3.10.2020 13:14;66.9;15.09
3.10.2020 13:29;67.4;15.38
3.10.2020 13:44;65.4;15.66
3.10.2020 13:59;65.9;15.95
3.10.2020 14:14;69.4;15.95
3.10.2020 14:29;66.9;15.95
3.10.2020 14:44;67.4;15.95
3.10.2020 14:59;65.4;15.66
3.10.2020 15:14;66.4;15.38
3.10.2020 15:29;67.9;15.38
3.10.2020 15:44;68.9;15.09
3.10.2020 15:59;69.9;15.09
3.10.2020 16:14;73.4;15.09
3.10.2020 16:29;73.8;15.09
3.10.2020 16:44;76.8;14.80
3.10.2020 16:59;79.8;14.52
3.10.2020 17:14;81.7;13.95
3.10.2020 17:29;81.3;13.95
3.10.2020 17:44;83.7;13.39
3.10.2020 17:59;85.7;13.11
3.10.2020 18:14;87.7;12.84
3.10.2020 18:29;88.6;12.28
3.10.2020 18:44;90.1;12.01
3.10.2020 18:59;90.6;12.01
3.10.2020 19:14;90.6;12.01
3.10.2020 19:29;90.6;12.01
3.10.2020 19:44;90.1;11.73
3.10.2020 19:59;89.6;12.28
3.10.2020 20:14;90.1;11.73
3.10.2020 20:29;89.6;12.28
3.10.2020 20:44;88.6;12.28
3.10.2020 20:59;87.2;12.28
3.10.2020 21:14;85.7;12.28
3.10.2020 21:29;84.7;12.28
3.10.2020 21:44;84.2;12.84
3.10.2020 21:59;84.2;12.84
3.10.2020 22:14;83.7;12.56
3.10.2020 22:29;83.7;13.11
3.10.2020 22:44;83.2;13.11
3.10.2020 22:59;81.3;12.84
3.10.2020 23:14;83.7;13.11
3.10.2020 23:29;86.2;12.84
3.10.2020 23:44;86.2;12.84
3.10.2020 23:59;86.7;13.11
4.10.2020 0:14;93.6;12.84
4.10.2020 0:29;98.5;12.84
4.10.2020 0:44;98.5;12.56
4.10.2020 0:59;98.0;12.28
4.10.2020 1:14;96.5;12.28
4.10.2020 1:29;97.0;12.01
4.10.2020 1:44;98.0;12.28
4.10.2020 1:59;105.3;12.28
4.10.2020 2:14;107.8;12.01
4.10.2020 2:29;106.8;12.01
4.10.2020 2:44;107.3;11.73
4.10.2020 2:59;107.8;12.01
4.10.2020 3:14;108.2;11.73
4.10.2020 3:29;108.7;12.01
4.10.2020 3:44;107.8;11.73
4.10.2020 3:59;106.3;11.73
4.10.2020 4:14;104.3;11.46
4.10.2020 4:29;102.9;11.19
4.10.2020 4:44;101.4;11.19
4.10.2020 4:59;100.4;11.46
4.10.2020 5:14;101.9;11.46
4.10.2020 5:29;101.9;10.92
4.10.2020 5:44;102.4;11.19
4.10.2020 5:59;103.4;10.92
4.10.2020 6:14;103.8;10.92
4.10.2020 6:29;103.4;10.38
4.10.2020 6:44;103.4;10.92
4.10.2020 6:59;101.4;10.65
4.10.2020 7:14;100.4;10.92
4.10.2020 7:29;99.9;10.92
4.10.2020 7:44;99.9;10.92
4.10.2020 7:59;99.4;10.92
4.10.2020 8:14;98.0;10.92
4.10.2020 8:29;97.5;10.92
4.10.2020 8:44;96.5;10.92
4.10.2020 8:59;96.5;10.92
4.10.2020 9:14;95.5;11.46
4.10.2020 9:29;93.6;11.19
4.10.2020 9:44;93.6;11.19
4.10.2020 9:59;92.1;11.73
4.10.2020 10:14;90.6;11.73
4.10.2020 10:29;89.1;11.73
4.10.2020 10:44;88.6;12.01
4.10.2020 10:59;86.2;12.28
4.10.2020 11:14;86.7;12.28
4.10.2020 11:29;86.2;12.28
4.10.2020 11:44;85.7;12.56
4.10.2020 11:59;83.7;12.28
4.10.2020 12:14;81.3;12.56
4.10.2020 12:29;78.8;12.84
4.10.2020 12:44;76.8;12.84
4.10.2020 12:59;75.8;12.84
4.10.2020 13:14;76.8;12.56
4.10.2020 13:29;76.8;12.84
4.10.2020 13:44;77.3;13.11
4.10.2020 13:59;76.3;13.11
4.10.2020 14:14;79.3;12.84
4.10.2020 14:29;80.8;12.56
4.10.2020 14:44;83.7;12.56
4.10.2020 14:59;86.2;12.56
4.10.2020 15:14;91.6;12.28
4.10.2020 15:29;98.0;12.01
4.10.2020 15:44;100.4;11.73
4.10.2020 15:59;100.4;11.46
4.10.2020 16:14;101.4;11.19
4.10.2020 16:29;99.4;11.19
4.10.2020 16:44;98.0;11.19
4.10.2020 16:59;95.5;11.46
4.10.2020 17:14;97.5;11.19
4.10.2020 17:29;99.4;11.19
4.10.2020 17:44;100.9;11.19
4.10.2020 17:59;106.3;10.92
4.10.2020 18:14;110.2;10.92
4.10.2020 18:29;111.7;10.65
4.10.2020 18:44;113.1;10.11
4.10.2020 18:59;-12.5;10.11
4.10.2020 19:14;-11.5;10.38
4.10.2020 19:29;-9.9;9.84
4.10.2020 19:44;-9.9;9.84
4.10.2020 19:59;-8.4;9.84
4.10.2020 20:14;-7.9;10.11
4.10.2020 20:29;-7.4;10.11
4.10.2020 20:44;-5.9;9.84
4.10.2020 20:59;-5.9;10.11
4.10.2020 21:14;-5.4;10.11
4.10.2020 21:29;-5.4;9.84
4.10.2020 21:44;-5.4;10.11
4.10.2020 21:59;-4.9;10.11
4.10.2020 22:14;-4.9;10.11
4.10.2020 22:29;-5.4;10.11
4.10.2020 22:44;-4.9;9.84
4.10.2020 22:59;-4.9;9.84
4.10.2020 23:14;-4.9;10.11
4.10.2020 23:29;-4.9;10.11
4.10.2020 23:44;-4.9;10.38
4.10.2020 23:59;-4.9;10.38
5.10.2020 0:14;-4.4;10.65
5.10.2020 0:29;-4.4;10.38
5.10.2020 0:44;-3.8;10.11
5.10.2020 0:59;-3.8;10.38
5.10.2020 1:14;-3.3;10.38
5.10.2020 1:29;-3.3;10.38
5.10.2020 1:44;-3.3;10.65
5.10.2020 1:59;-3.3;10.65
5.10.2020 2:14;-3.3;10.65
5.10.2020 2:29;-3.3;10.65
5.10.2020 2:44;-3.3;10.65
5.10.2020 2:59;-2.8;10.65
5.10.2020 3:14;-2.8;10.65
5.10.2020 3:29;-2.8;10.65
5.10.2020 3:44;-2.8;10.65
5.10.2020 3:59;-2.8;10.65
5.10.2020 4:14;-2.8;10.65
5.10.2020 4:29;-2.8;10.65
5.10.2020 4:44;-2.8;10.65
5.10.2020 4:59;-2.8;10.65
5.10.2020 5:14;-2.8;10.65
5.10.2020 5:29;-2.8;10.65
5.10.2020 5:44;-2.8;10.92
5.10.2020 5:59;-2.8;10.92
5.10.2020 6:14;-2.3;10.92
5.10.2020 6:29;-2.8;11.46
5.10.2020 6:44;-2.8;11.46
5.10.2020 6:59;-2.8;11.46
5.10.2020 7:14;-2.3;11.46
5.10.2020 7:29;-2.3;11.46
5.10.2020 7:44;-2.8;11.46
5.10.2020 7:59;-2.3;12.01
5.10.2020 8:14;-2.3;12.28
5.10.2020 8:29;-1.8;12.01
5.10.2020 8:44;-1.8;12.28
5.10.2020 8:59;-1.3;12.28
5.10.2020 9:14;-1.3;13.11
5.10.2020 9:29;-0.8;13.11
5.10.2020 9:44;-0.8;13.39
5.10.2020 9:59;-0.8;13.39
5.10.2020 10:14;-0.8;13.67
5.10.2020 10:29;-0.8;13.67
5.10.2020 10:44;-1.3;13.95
5.10.2020 10:59;-1.3;13.67
5.10.2020 11:14;-2.3;14.24
5.10.2020 11:29;-4.4;13.95
5.10.2020 11:44;-7.4;14.52
5.10.2020 11:59;-13.5;14.80
5.10.2020 12:14;111.7;15.09
5.10.2020 12:29;109.7;15.09
5.10.2020 12:44;107.8;15.38
5.10.2020 12:59;103.8;15.66
5.10.2020 13:14;98.9;15.66
5.10.2020 13:29;98.5;15.66
5.10.2020 13:44;95.0;15.66
5.10.2020 13:59;93.6;15.95
5.10.2020 14:14;88.2;15.95
5.10.2020 14:29;89.1;15.95
5.10.2020 14:44;84.2;16.54
5.10.2020 14:59;86.2;16.24
5.10.2020 15:14;85.7;16.24
5.10.2020 15:29;84.2;16.24
5.10.2020 15:44;86.2;15.95
5.10.2020 15:59;86.7;15.66
5.10.2020 16:14;89.1;15.09
5.10.2020 16:29;90.6;15.38
5.10.2020 16:44;91.6;14.80
5.10.2020 16:59;93.6;14.52
5.10.2020 17:14;95.5;14.52
5.10.2020 17:29;98.0;13.67
5.10.2020 17:44;99.9;13.95
5.10.2020 17:59;100.4;13.11
5.10.2020 18:14;102.4;13.11
5.10.2020 18:29;101.4;13.11
5.10.2020 18:44;101.9;13.39
5.10.2020 18:59;102.4;12.84
5.10.2020 19:14;104.8;12.84
5.10.2020 19:29;107.3;12.28
5.10.2020 19:44;107.8;12.56
5.10.2020 19:59;106.8;12.56
5.10.2020 20:14;105.8;12.28
5.10.2020 20:29;107.3;12.28
5.10.2020 20:44;107.8;12.28
5.10.2020 20:59;112.6;12.01
5.10.2020 21:14;-12.5;12.01
5.10.2020 21:29;-10.5;12.28
5.10.2020 21:44;-9.9;12.01
5.10.2020 21:59;-8.9;12.28
5.10.2020 22:14;-6.4;12.28
5.10.2020 22:29;-5.9;12.01
5.10.2020 22:44;-5.4;12.28
5.10.2020 22:59;-3.8;12.28
5.10.2020 23:14;-3.3;12.56
5.10.2020 23:29;-2.8;12.01
5.10.2020 23:44;-2.8;12.01
5.10.2020 23:59;-2.8;12.01
6.10.2020 0:14;-2.8;12.28
6.10.2020 0:29;-2.8;12.28
6.10.2020 0:44;-2.8;11.73
6.10.2020 0:59;-2.3;12.28
6.10.2020 1:14;-2.8;11.73
6.10.2020 1:29;-2.3;12.01
6.10.2020 1:44;-2.3;12.28
6.10.2020 1:59;-1.8;12.28
6.10.2020 2:14;-1.8;12.28
6.10.2020 2:29;-1.3;12.28
6.10.2020 2:44;-1.3;12.56
6.10.2020 2:59;-0.8;12.84
6.10.2020 3:14;-0.8;12.84
6.10.2020 3:29;-0.8;12.84
6.10.2020 3:44;-0.8;12.84
6.10.2020 3:59;-0.8;12.84
6.10.2020 4:14;-0.8;12.84
6.10.2020 4:29;-0.8;12.84
6.10.2020 4:44;-0.8;12.84
6.10.2020 4:59;-0.8;12.84
6.10.2020 5:14;-0.8;12.84
6.10.2020 5:29;-0.8;13.11
6.10.2020 5:44;-1.3;12.56
6.10.2020 5:59;-1.8;12.56
6.10.2020 6:14;-2.3;12.56
6.10.2020 6:29;-2.3;12.56
6.10.2020 6:44;-2.8;12.28
6.10.2020 6:59;-3.3;12.56
6.10.2020 7:14;-4.9;12.28
6.10.2020 7:29;-5.4;12.28
6.10.2020 7:44;-6.9;12.28
6.10.2020 7:59;-7.4;12.28
6.10.2020 8:14;-8.4;12.01
6.10.2020 8:29;-9.9;12.28
6.10.2020 8:44;-12.5;12.28
6.10.2020 8:59;113.1;12.28
6.10.2020 9:14;111.7;12.28
6.10.2020 9:29;110.2;12.56
6.10.2020 9:44;105.3;12.28
6.10.2020 9:59;105.3;12.28
6.10.2020 10:14;102.9;12.28
6.10.2020 10:29;101.9;12.28
6.10.2020 10:44;99.9;12.56
6.10.2020 10:59;96.0;13.11
6.10.2020 11:14;90.6;13.11
6.10.2020 11:29;90.6;13.11
6.10.2020 11:44;88.6;13.39
6.10.2020 11:59;90.1;13.11
6.10.2020 12:14;90.6;12.56
6.10.2020 12:29;90.1;12.84
6.10.2020 12:44;90.6;12.56
6.10.2020 12:59;91.1;12.56
6.10.2020 13:14;91.6;12.56
6.10.2020 13:29;90.6;12.56
6.10.2020 13:44;91.6;13.11
6.10.2020 13:59;90.6;13.11
6.10.2020 14:14;97.0;12.56
6.10.2020 14:29;102.9;12.28
6.10.2020 14:44;104.8;12.28
6.10.2020 14:59;104.3;12.28
6.10.2020 15:14;104.3;12.01
6.10.2020 15:29;104.3;12.01
6.10.2020 15:44;103.4;12.01
6.10.2020 15:59;103.4;12.28
6.10.2020 16:14;103.4;12.28
6.10.2020 16:29;103.4;12.28
6.10.2020 16:44;104.3;11.73
6.10.2020 16:59;106.3;12.01
6.10.2020 17:14;106.3;11.73
6.10.2020 17:29;107.8;11.73
6.10.2020 17:44;109.2;12.01
6.10.2020 17:59;106.8;12.28
6.10.2020 18:14;105.3;11.73
6.10.2020 18:29;105.3;12.28
6.10.2020 18:44;105.3;12.01
6.10.2020 18:59;106.8;11.73
6.10.2020 19:14;106.8;12.01
6.10.2020 19:29;108.7;11.73
6.10.2020 19:44;110.7;11.73
6.10.2020 19:59;113.1;11.46
6.10.2020 20:14;113.1;12.01
6.10.2020 20:29;113.1;12.01
6.10.2020 20:44;-12.5;12.01
6.10.2020 20:59;-12.0;12.01
6.10.2020 21:14;-11.0;12.01
6.10.2020 21:29;-9.4;12.28
6.10.2020 21:44;-7.4;12.56
6.10.2020 21:59;-5.9;12.28
6.10.2020 22:14;-4.9;12.84
6.10.2020 22:29;-5.4;12.28
6.10.2020 22:44;-4.9;12.56
6.10.2020 22:59;-4.9;12.28
6.10.2020 23:14;-4.4;12.84
6.10.2020 23:29;-4.4;12.84
6.10.2020 23:44;-4.4;12.84
6.10.2020 23:59;-4.9;12.56
7.10.2020 0:14;-5.4;12.28
7.10.2020 0:29;-4.9;12.28
7.10.2020 0:44;-4.9;12.28
7.10.2020 0:59;-4.9;12.56
7.10.2020 1:14;-5.4;12.28
7.10.2020 1:29;-4.9;12.56
7.10.2020 1:44;-4.9;12.01
7.10.2020 1:59;-4.4;12.56
7.10.2020 2:14;-4.4;12.56
7.10.2020 2:29;-4.9;12.01
7.10.2020 2:44;-5.9;12.01
7.10.2020 2:59;-7.9;11.73
7.10.2020 3:14;-9.9;11.73
7.10.2020 3:29;-11.0;11.19
7.10.2020 3:44;-7.9;11.46
7.10.2020 3:59;-6.9;11.46
7.10.2020 4:14;-4.9;11.19
7.10.2020 4:29;-4.9;11.46
7.10.2020 4:44;-4.4;11.46
7.10.2020 4:59;-3.8;11.46
7.10.2020 5:14;-3.3;11.73
7.10.2020 5:29;-3.3;11.46
7.10.2020 5:44;-2.8;11.46
7.10.2020 5:59;-2.8;11.19
7.10.2020 6:14;-2.8;11.19
7.10.2020 6:29;-2.8;11.19
7.10.2020 6:44;-2.8;11.46
7.10.2020 6:59;-3.3;11.73
7.10.2020 7:14;-3.3;11.73
7.10.2020 7:29;-3.8;11.46
7.10.2020 7:44;-3.8;11.19
7.10.2020 7:59;-4.4;11.46
7.10.2020 8:14;-4.4;11.73
7.10.2020 8:29;-4.9;12.01
7.10.2020 8:44;-4.9;12.01
7.10.2020 8:59;-5.4;11.73
7.10.2020 9:14;-5.9;11.73
7.10.2020 9:29;-5.9;12.01
7.10.2020 9:44;-5.9;11.73
7.10.2020 9:59;-6.4;12.01
7.10.2020 10:14;-6.9;12.28
7.10.2020 10:29;-6.9;12.28
7.10.2020 10:44;-7.9;12.28
7.10.2020 10:59;-7.9;12.28
7.10.2020 11:14;-8.4;12.28
7.10.2020 11:29;-9.9;12.84
7.10.2020 11:44;-13.5;12.84
7.10.2020 11:59;110.7;13.11
7.10.2020 12:14;105.3;13.39
7.10.2020 12:29;103.8;13.67
7.10.2020 12:44;101.4;13.39
7.10.2020 12:59;100.9;13.67
7.10.2020 13:14;101.9;13.39
7.10.2020 13:29;93.1;13.67
7.10.2020 13:44;93.1;13.95
7.10.2020 13:59;93.1;14.24
7.10.2020 14:14;95.0;13.95
7.10.2020 14:29;93.1;14.24
7.10.2020 14:44;92.6;14.24
7.10.2020 14:59;92.6;14.52
7.10.2020 15:14;90.6;14.52
7.10.2020 15:29;91.1;14.52
7.10.2020 15:44;92.6;13.95
7.10.2020 15:59;95.0;13.95
7.10.2020 16:14;97.5;13.67
7.10.2020 16:29;98.5;13.11
7.10.2020 16:44;99.4;13.39
7.10.2020 16:59;101.9;12.56
7.10.2020 17:14;103.8;12.56
7.10.2020 17:29;103.8;12.01
7.10.2020 17:44;104.3;12.01
7.10.2020 17:59;102.9;11.73
7.10.2020 18:14;98.9;11.73
7.10.2020 18:29;99.9;11.73
7.10.2020 18:44;103.4;11.73
7.10.2020 18:59;105.8;11.73
7.10.2020 19:14;107.3;11.73
7.10.2020 19:29;106.8;11.73
7.10.2020 19:44;107.8;11.46
7.10.2020 19:59;108.7;11.46
7.10.2020 20:14;106.3;10.92
7.10.2020 20:29;110.2;11.19
7.10.2020 20:44;112.6;11.19
7.10.2020 20:59;113.1;10.92
7.10.2020 21:14;112.6;10.92
7.10.2020 21:29;-13.5;10.65
7.10.2020 21:44;112.6;10.65
7.10.2020 21:59;111.2;10.38
7.10.2020 22:14;-13.0;10.11
7.10.2020 22:29;-13.0;10.38
7.10.2020 22:44;-12.5;9.84
7.10.2020 22:59;-12.0;9.84
7.10.2020 23:14;-9.4;10.11
7.10.2020 23:29;-6.9;10.11
7.10.2020 23:44;-5.4;10.38
7.10.2020 23:59;-4.9;10.11
8.10.2020 0:14;-4.4;10.38
8.10.2020 0:29;-3.8;10.11
8.10.2020 0:44;-3.3;10.38
8.10.2020 0:59;-3.3;10.38
8.10.2020 1:14;-3.3;10.38
8.10.2020 1:29;-3.3;10.38
8.10.2020 1:44;-3.3;10.65
8.10.2020 1:59;-2.8;10.11
8.10.2020 2:14;-2.8;10.11
8.10.2020 2:29;-2.8;10.11
8.10.2020 2:44;-2.8;10.11
8.10.2020 2:59;-2.3;10.38
8.10.2020 3:14;-2.3;10.65
8.10.2020 3:29;-2.3;10.65
8.10.2020 3:44;-2.3;10.65
8.10.2020 3:59;-2.3;10.38
8.10.2020 4:14;-2.8;10.11
8.10.2020 4:29;-2.3;10.38
8.10.2020 4:44;-2.3;10.65
8.10.2020 4:59;-2.3;10.65
8.10.2020 5:14;-1.8;10.65
8.10.2020 5:29;-1.8;10.38
8.10.2020 5:44;-1.8;10.38
8.10.2020 5:59;-1.8;10.38
8.10.2020 6:14;-1.3;10.38
8.10.2020 6:29;-0.8;10.92
8.10.2020 6:44;-0.8;10.92
8.10.2020 6:59;-0.8;10.65
8.10.2020 7:14;-0.3;10.65
8.10.2020 7:29;-0.3;10.92
8.10.2020 7:44;-0.3;10.92
8.10.2020 7:59;-0.3;11.19
8.10.2020 8:14;-0.3;11.19
8.10.2020 8:29;-0.3;11.46
8.10.2020 8:44;-0.3;11.46
8.10.2020 8:59;-0.3;11.46
8.10.2020 9:14;-0.3;11.73
8.10.2020 9:29;-0.3;12.01
8.10.2020 9:44;-0.3;12.01
8.10.2020 9:59;-0.3;11.73
8.10.2020 10:14;-0.3;11.73
8.10.2020 10:29;-0.3;12.01
8.10.2020 10:44;-0.8;12.28
8.10.2020 10:59;-0.8;12.28
8.10.2020 11:14;-0.8;12.28
8.10.2020 11:29;-0.8;12.28
8.10.2020 11:44;-0.8;12.56
8.10.2020 11:59;-0.8;12.56
8.10.2020 12:14;-0.8;12.56
8.10.2020 12:29;-0.8;12.84
8.10.2020 12:44;-0.8;12.84
8.10.2020 12:59;-0.8;12.84
8.10.2020 13:14;-0.8;12.84
8.10.2020 13:29;-1.3;12.56
8.10.2020 13:44;-1.8;12.56
8.10.2020 13:59;-1.8;12.84
8.10.2020 14:14;-2.3;12.84
8.10.2020 14:29;-2.3;13.11
8.10.2020 14:44;-2.8;13.11
8.10.2020 14:59;-4.4;13.39
8.10.2020 15:14;-5.4;13.11
8.10.2020 15:29;-5.9;13.11
8.10.2020 15:44;-6.9;13.39
8.10.2020 15:59;-6.9;13.11
8.10.2020 16:14;-6.9;12.84
8.10.2020 16:29;-7.4;12.84
8.10.2020 16:44;-7.4;12.28
8.10.2020 16:59;-6.9;12.56
8.10.2020 17:14;-5.9;12.01
8.10.2020 17:29;-5.9;12.56
8.10.2020 17:44;-5.9;12.56
8.10.2020 17:59;-6.9;12.84
8.10.2020 18:14;-8.9;12.56
8.10.2020 18:29;-9.9;12.56
8.10.2020 18:44;-11.0;12.28
8.10.2020 18:59;-12.5;12.28
8.10.2020 19:14;-12.5;12.28
8.10.2020 19:29;-14.0;12.28
8.10.2020 19:44;-13.5;11.73
8.10.2020 19:59;113.1;12.01
8.10.2020 20:14;112.6;11.19
8.10.2020 20:29;110.7;11.19
8.10.2020 20:44;111.2;11.19
8.10.2020 20:59;-12.0;11.19
8.10.2020 21:14;-7.9;10.92
8.10.2020 21:29;-6.4;11.46
8.10.2020 21:44;-4.9;11.46
8.10.2020 21:59;-4.4;11.19
8.10.2020 22:14;-3.3;11.46
8.10.2020 22:29;-2.8;11.46
8.10.2020 22:44;-3.3;11.46
8.10.2020 22:59;-3.3;11.73
8.10.2020 23:14;-3.3;11.46
8.10.2020 23:29;-3.3;11.73
8.10.2020 23:44;-2.8;11.46
8.10.2020 23:59;-2.8;11.19
9.10.2020 0:14;-2.8;11.19
9.10.2020 0:29;-2.8;11.19
9.10.2020 0:44;-2.8;11.19
9.10.2020 0:59;-2.8;11.46
9.10.2020 1:14;-3.3;11.73
9.10.2020 1:29;-3.3;11.46
9.10.2020 1:44;-3.3;11.46
9.10.2020 1:59;-3.3;11.46
9.10.2020 2:14;-2.8;11.19
9.10.2020 2:29;-2.8;11.19
9.10.2020 2:44;-2.8;11.19
9.10.2020 2:59;-2.8;11.19
9.10.2020 3:14;-3.3;11.46
9.10.2020 3:29;-3.3;11.46
9.10.2020 3:44;-3.3;11.46
9.10.2020 3:59;-2.8;11.19
9.10.2020 4:14;-2.8;11.19
9.10.2020 4:29;-2.8;11.46
9.10.2020 4:44;-2.3;11.46
9.10.2020 4:59;-2.3;11.19
9.10.2020 5:14;-2.3;11.19
9.10.2020 5:29;-2.3;11.46
9.10.2020 5:44;-2.8;11.46
9.10.2020 5:59;-2.8;11.46
9.10.2020 6:14;-2.3;11.46
9.10.2020 6:29;-2.8;11.19
9.10.2020 6:44;-2.8;11.46
9.10.2020 6:59;-3.3;11.46
9.10.2020 7:14;-3.3;11.46
9.10.2020 7:29;-3.3;11.73
9.10.2020 7:44;-3.8;11.46
9.10.2020 7:59;-4.4;11.73
9.10.2020 8:14;-4.9;11.73
9.10.2020 8:29;-4.9;12.01
9.10.2020 8:44;-4.9;12.01
9.10.2020 8:59;-4.9;12.01
9.10.2020 9:14;-5.4;11.73
9.10.2020 9:29;-5.9;12.01
9.10.2020 9:44;-5.4;12.01
9.10.2020 9:59;-5.9;12.01
9.10.2020 10:14;-5.4;12.01
9.10.2020 10:29;-5.4;11.73
9.10.2020 10:44;-7.9;12.01
9.10.2020 10:59;-9.4;12.28
9.10.2020 11:14;-10.5;12.56
9.10.2020 11:29;-10.5;12.56
9.10.2020 11:44;109.7;12.56
9.10.2020 11:59;102.4;13.11
9.10.2020 12:14;100.4;12.56
9.10.2020 12:29;98.0;12.84
9.10.2020 12:44;96.5;12.56
9.10.2020 12:59;97.5;12.56
9.10.2020 13:14;98.0;12.84
9.10.2020 13:29;98.0;12.56
9.10.2020 13:44;95.5;12.28
9.10.2020 13:59;91.6;12.56
9.10.2020 14:14;93.1;12.84
9.10.2020 14:29;93.1;12.28
9.10.2020 14:44;93.6;12.56
9.10.2020 14:59;90.6;12.84
9.10.2020 15:14;92.1;12.84
9.10.2020 15:29;94.5;12.28
9.10.2020 15:44;95.5;12.28
9.10.2020 15:59;97.0;11.73
9.10.2020 16:14;98.0;12.01
9.10.2020 16:29;98.9;12.01
9.10.2020 16:44;100.4;11.73
9.10.2020 16:59;101.9;11.46
9.10.2020 17:14;102.9;11.46
9.10.2020 17:29;102.9;11.19
9.10.2020 17:44;101.9;10.92
9.10.2020 17:59;102.9;10.92
9.10.2020 18:14;101.9;10.92
9.10.2020 18:29;102.4;11.46
9.10.2020 18:44;102.4;11.46
9.10.2020 18:59;107.3;11.19
9.10.2020 19:14;108.7;11.19
9.10.2020 19:29;110.2;11.46
9.10.2020 19:44;111.7;10.92
9.10.2020 19:59;113.1;10.92
9.10.2020 20:14;-13.0;11.19
9.10.2020 20:29;-11.0;10.92
9.10.2020 20:44;-8.9;11.19
9.10.2020 20:59;-7.4;10.92
9.10.2020 21:14;-5.9;10.92
9.10.2020 21:29;-5.4;10.92
9.10.2020 21:44;-4.9;11.19
9.10.2020 21:59;-4.9;10.92
9.10.2020 22:14;-4.4;11.46
9.10.2020 22:29;-4.4;10.92
9.10.2020 22:44;-4.4;11.19
9.10.2020 22:59;-4.4;11.46
9.10.2020 23:14;-4.4;11.46
9.10.2020 23:29;-5.4;10.92
9.10.2020 23:44;-7.4;10.92
9.10.2020 23:59;-7.9;10.65
10.10.2020 0:14;-10.5;10.65
10.10.2020 0:29;-12.5;10.11
10.10.2020 0:44;-14.0;10.38
10.10.2020 0:59;113.1;10.11
10.10.2020 1:14;112.6;9.58
10.10.2020 1:29;111.7;9.84
10.10.2020 1:44;110.2;9.05
10.10.2020 1:59;110.2;9.31
10.10.2020 2:14;108.7;9.05
10.10.2020 2:29;107.8;9.05
10.10.2020 2:44;107.8;8.52
10.10.2020 2:59;107.8;8.52
10.10.2020 3:14;108.2;8.25
10.10.2020 3:29;108.2;7.99
10.10.2020 3:44;109.2;7.99
10.10.2020 3:59;111.2;7.73
10.10.2020 4:14;-12.0;7.99
10.10.2020 4:29;-9.9;7.73
10.10.2020 4:44;-9.9;7.99
10.10.2020 4:59;-9.4;8.25
10.10.2020 5:14;-9.4;7.99
10.10.2020 5:29;-9.4;8.25
10.10.2020 5:44;-8.4;7.99
10.10.2020 5:59;-7.4;7.99
10.10.2020 6:14;-5.4;8.25
10.10.2020 6:29;-4.9;8.52
10.10.2020 6:44;-4.4;8.52
10.10.2020 6:59;-4.4;8.52
10.10.2020 7:14;-4.9;7.99
10.10.2020 7:29;-4.9;8.52
10.10.2020 7:44;-4.9;8.52
10.10.2020 7:59;-4.9;8.52
10.10.2020 8:14;-4.9;8.78
10.10.2020 8:29;-4.4;9.05
10.10.2020 8:44;-4.9;9.05
10.10.2020 8:59;-7.4;9.31
10.10.2020 9:14;-10.5;9.84
10.10.2020 9:29;-14.0;10.38
10.10.2020 9:44;109.7;10.65
10.10.2020 9:59;107.3;10.38
10.10.2020 10:14;104.8;10.65
10.10.2020 10:29;101.9;10.65
10.10.2020 10:44;96.0;10.92
10.10.2020 10:59;89.6;11.46
10.10.2020 11:14;90.6;11.19
10.10.2020 11:29;82.2;11.19
10.10.2020 11:44;84.7;11.46
10.10.2020 11:59;80.8;12.01
10.10.2020 12:14;80.3;11.73
10.10.2020 12:29;77.8;12.28
10.10.2020 12:44;77.3;12.56
10.10.2020 12:59;74.3;12.56
10.10.2020 13:14;74.8;12.28
10.10.2020 13:29;73.8;12.84
10.10.2020 13:44;74.3;12.84
10.10.2020 13:59;74.3;12.28
10.10.2020 14:14;76.3;12.56
10.10.2020 14:29;76.3;12.84
10.10.2020 14:44;79.3;12.28
10.10.2020 14:59;82.2;12.28
10.10.2020 15:14;83.7;12.28
10.10.2020 15:29;86.2;12.28
10.10.2020 15:44;86.2;12.28
10.10.2020 15:59;86.2;12.01
10.10.2020 16:14;87.2;12.28
10.10.2020 16:29;87.7;12.28
10.10.2020 16:44;88.2;12.01
10.10.2020 16:59;88.6;11.46
10.10.2020 17:14;89.6;11.46
10.10.2020 17:29;90.6;10.92
10.10.2020 17:44;93.6;10.38
10.10.2020 17:59;95.0;10.38
10.10.2020 18:14;97.5;10.11
10.10.2020 18:29;98.5;10.11
10.10.2020 18:44;99.9;9.84
10.10.2020 18:59;100.4;9.31
10.10.2020 19:14;102.9;9.58
10.10.2020 19:29;104.8;9.31
10.10.2020 19:44;106.8;9.05
10.10.2020 19:59;105.8;8.52
10.10.2020 20:14;105.3;8.52
10.10.2020 20:29;104.3;8.78
10.10.2020 20:44;106.3;8.52
10.10.2020 20:59;105.8;8.25
10.10.2020 21:14;105.8;8.25
10.10.2020 21:29;106.3;8.25
10.10.2020 21:44;107.3;7.99
10.10.2020 21:59;107.8;7.99
10.10.2020 22:14;110.7;7.73
10.10.2020 22:29;110.7;7.73
10.10.2020 22:44;108.7;7.47
10.10.2020 22:59;108.7;7.47
10.10.2020 23:14;110.7;7.73
10.10.2020 23:29;112.1;7.21
10.10.2020 23:44;111.2;7.21
10.10.2020 23:59;111.2;7.21
11.10.2020 0:14;110.7;6.95
11.10.2020 0:29;109.2;7.21
11.10.2020 0:44;112.6;7.21
11.10.2020 0:59;-9.9;7.47
11.10.2020 1:14;-7.9;7.21
11.10.2020 1:29;-6.9;7.47
11.10.2020 1:44;-6.9;7.47
11.10.2020 1:59;-5.9;7.21
11.10.2020 2:14;-6.4;7.21
11.10.2020 2:29;-4.9;7.73
11.10.2020 2:44;-4.9;7.21
11.10.2020 2:59;-4.4;7.73
11.10.2020 3:14;-4.4;7.73
11.10.2020 3:29;-4.9;7.73
11.10.2020 3:44;-4.9;7.73
11.10.2020 3:59;-4.9;7.73
11.10.2020 4:14;-4.9;7.73
11.10.2020 4:29;-4.9;7.47
11.10.2020 4:44;-4.9;7.47
11.10.2020 4:59;-4.9;7.73
11.10.2020 5:14;-4.9;7.47
11.10.2020 5:29;-4.9;7.47
11.10.2020 5:44;-4.9;7.21
11.10.2020 5:59;-4.9;7.73
11.10.2020 6:14;-4.4;7.73
11.10.2020 6:29;-4.9;7.73
11.10.2020 6:44;-4.9;7.21
11.10.2020 6:59;-4.9;7.21
11.10.2020 7:14;-4.4;7.73
11.10.2020 7:29;-3.8;7.73
11.10.2020 7:44;-3.3;7.99
11.10.2020 7:59;-3.3;7.99
11.10.2020 8:14;-3.3;7.99
11.10.2020 8:29;-3.3;7.99
11.10.2020 8:44;-3.3;7.99
11.10.2020 8:59;-3.3;8.25
11.10.2020 9:14;-3.8;7.99
11.10.2020 9:29;-4.9;7.99
11.10.2020 9:44;-7.4;8.25
11.10.2020 9:59;-12.5;8.52
11.10.2020 10:14;109.2;9.31
11.10.2020 10:29;107.3;9.58
11.10.2020 10:44;107.3;9.58
11.10.2020 10:59;108.2;9.58
11.10.2020 11:14;-12.0;9.05
11.10.2020 11:29;-9.9;8.78
11.10.2020 11:44;-6.9;9.31
11.10.2020 11:59;-5.9;9.58
11.10.2020 12:14;-5.4;9.31
11.10.2020 12:29;-5.4;9.58
11.10.2020 12:44;-4.9;9.58
11.10.2020 12:59;-3.8;9.31
11.10.2020 13:14;-3.3;9.84
11.10.2020 13:29;-2.8;9.31
11.10.2020 13:44;-2.8;9.84
11.10.2020 13:59;-2.3;9.58
11.10.2020 14:14;-2.3;9.58
11.10.2020 14:29;-1.8;10.11
11.10.2020 14:44;-1.8;10.38
11.10.2020 14:59;-1.8;10.65
11.10.2020 15:14;-2.3;10.65
11.10.2020 15:29;-2.3;10.38
11.10.2020 15:44;-2.3;10.65
11.10.2020 15:59;-2.8;10.65
11.10.2020 16:14;-2.3;10.65
11.10.2020 16:29;-2.8;10.65
11.10.2020 16:44;-2.8;10.65
11.10.2020 16:59;-2.8;10.65
11.10.2020 17:14;-2.8;10.65
11.10.2020 17:29;-2.8;10.65
11.10.2020 17:44;-2.8;10.65
11.10.2020 17:59;-2.3;11.19
11.10.2020 18:14;-2.8;10.92
11.10.2020 18:29;-2.8;10.65
11.10.2020 18:44;-3.3;10.92
11.10.2020 18:59;-3.3;10.92
11.10.2020 19:14;-3.8;10.38
11.10.2020 19:29;-3.8;10.11
11.10.2020 19:44;-4.4;10.38
11.10.2020 19:59;-4.9;10.11
11.10.2020 20:14;-4.9;10.38
11.10.2020 20:29;-5.4;10.11
11.10.2020 20:44;-6.4;10.11
11.10.2020 20:59;-7.4;9.84
11.10.2020 21:14;-5.9;9.84
11.10.2020 21:29;-5.9;9.84
11.10.2020 21:44;-6.9;10.11
11.10.2020 21:59;-7.4;9.58
11.10.2020 22:14;-7.4;9.84
11.10.2020 22:29;-6.4;9.58
11.10.2020 22:44;-5.4;9.84
11.10.2020 22:59;-5.4;9.58
11.10.2020 23:14;-4.9;9.58
11.10.2020 23:29;-5.4;9.84
11.10.2020 23:44;-4.9;9.58
11.10.2020 23:59;-5.4;9.58
12.10.2020 0:14;-6.4;9.58
12.10.2020 0:29;-7.9;9.31
12.10.2020 0:44;-7.4;9.31
12.10.2020 0:59;-4.9;9.31
12.10.2020 1:14;-4.9;9.58
12.10.2020 1:29;-4.4;9.58
12.10.2020 1:44;-3.8;9.05
12.10.2020 1:59;-3.8;9.31
12.10.2020 2:14;-3.8;9.31
12.10.2020 2:29;-3.8;9.05
12.10.2020 2:44;-3.8;9.05
12.10.2020 2:59;-3.8;9.05
12.10.2020 3:14;-3.8;9.05
12.10.2020 3:29;-3.8;9.05
12.10.2020 3:44;-3.3;9.05
12.10.2020 3:59;-3.8;9.05
12.10.2020 4:14;-3.8;9.05
12.10.2020 4:29;-3.8;9.05
12.10.2020 4:44;-3.3;8.78
12.10.2020 4:59;-3.3;9.05
12.10.2020 5:14;-3.3;9.05
12.10.2020 5:29;-3.3;9.05
12.10.2020 5:44;-3.3;9.05
12.10.2020 5:59;-3.3;9.05
12.10.2020 6:14;-3.3;9.05
12.10.2020 6:29;-2.8;9.05
12.10.2020 6:44;-2.8;9.05
12.10.2020 6:59;-2.8;8.78
12.10.2020 7:14;-2.8;8.78
12.10.2020 7:29;-2.8;9.05
12.10.2020 7:44;-3.3;9.05
12.10.2020 7:59;-4.4;8.78
12.10.2020 8:14;-3.8;8.78
12.10.2020 8:29;-4.4;9.31
12.10.2020 8:44;-4.4;9.31
12.10.2020 8:59;-4.9;9.31
12.10.2020 9:14;-4.4;9.31
12.10.2020 9:29;-4.9;9.31
12.10.2020 9:44;-4.9;9.05
12.10.2020 9:59;-4.9;9.58
12.10.2020 10:14;-5.4;9.31
12.10.2020 10:29;-5.9;9.31
12.10.2020 10:44;-5.4;9.58
12.10.2020 10:59;-5.9;9.31
12.10.2020 11:14;-5.9;9.31
12.10.2020 11:29;-5.9;9.84
12.10.2020 11:44;-5.4;9.84
12.10.2020 11:59;-5.4;9.84
12.10.2020 12:14;-8.4;10.65
12.10.2020 12:29;112.6;10.65
12.10.2020 12:44;108.7;10.92
12.10.2020 12:59;100.4;11.19
12.10.2020 13:14;95.0;11.19
12.10.2020 13:29;95.5;10.92
12.10.2020 13:44;94.0;11.19
12.10.2020 13:59;95.5;11.19
12.10.2020 14:14;95.0;10.92
12.10.2020 14:29;95.0;10.65
12.10.2020 14:44;94.0;10.92
12.10.2020 14:59;95.5;10.92
12.10.2020 15:14;99.9;10.92
12.10.2020 15:29;101.4;10.38
12.10.2020 15:44;103.8;10.65
12.10.2020 15:59;104.3;10.11
12.10.2020 16:14;104.8;10.65
12.10.2020 16:29;101.4;10.65
12.10.2020 16:44;99.9;10.11
12.10.2020 16:59;98.5;10.38
12.10.2020 17:14;98.9;9.84
12.10.2020 17:29;99.9;9.84
12.10.2020 17:44;100.4;9.58
12.10.2020 17:59;101.4;9.05
12.10.2020 18:14;101.9;8.78
12.10.2020 18:29;103.4;9.05
12.10.2020 18:44;103.8;9.05
12.10.2020 18:59;104.3;8.52
12.10.2020 19:14;104.8;8.52
12.10.2020 19:29;105.3;8.25
12.10.2020 19:44;107.8;8.25
12.10.2020 19:59;108.2;7.99
12.10.2020 20:14;108.7;8.25
12.10.2020 20:29;107.8;7.99
12.10.2020 20:44;107.8;7.73
12.10.2020 20:59;106.3;7.47
12.10.2020 21:14;107.3;7.47
12.10.2020 21:29;108.7;7.47
12.10.2020 21:44;110.7;7.21
12.10.2020 21:59;-12.0;7.73
12.10.2020 22:14;-9.9;7.47
12.10.2020 22:29;-9.4;7.73
12.10.2020 22:44;-10.5;7.73
12.10.2020 22:59;-12.0;7.47
12.10.2020 23:14;-12.5;7.21
12.10.2020 23:29;-12.5;7.73
12.10.2020 23:44;-12.0;7.73
12.10.2020 23:59;-12.5;7.47
13.10.2020 0:14;-12.5;7.21
13.10.2020 0:29;-12.0;7.47
13.10.2020 0:44;-12.5;7.21
13.10.2020 0:59;-12.5;6.95
13.10.2020 1:14;-12.0;7.21
13.10.2020 1:29;-12.0;7.21
13.10.2020 1:44;-11.0;6.95
13.10.2020 1:59;-9.9;6.95
13.10.2020 2:14;-9.9;6.95
13.10.2020 2:29;-9.9;6.95
13.10.2020 2:44;-9.9;6.69
13.10.2020 2:59;-9.4;6.95
13.10.2020 3:14;-7.9;6.95
13.10.2020 3:29;-7.4;6.69
13.10.2020 3:44;-5.9;6.95
13.10.2020 3:59;-5.9;6.95
13.10.2020 4:14;-5.9;6.95
13.10.2020 4:29;-6.9;6.95
13.10.2020 4:44;-7.4;6.69
13.10.2020 4:59;-6.4;6.95
13.10.2020 5:14;-4.9;6.95
13.10.2020 5:29;-4.4;7.47
13.10.2020 5:44;-4.4;7.21
13.10.2020 5:59;-4.9;7.21
13.10.2020 6:14;-5.4;6.95
13.10.2020 6:29;-5.9;7.21
13.10.2020 6:44;-6.9;7.21
13.10.2020 6:59;-6.9;7.21
13.10.2020 7:14;-6.9;7.21
13.10.2020 7:29;-6.9;7.21
13.10.2020 7:44;-5.9;7.21
13.10.2020 7:59;-5.4;7.21
13.10.2020 8:14;-4.9;7.73
13.10.2020 8:29;-4.9;7.21
13.10.2020 8:44;-4.4;7.47
13.10.2020 8:59;-3.8;7.47
13.10.2020 9:14;-4.4;7.73
13.10.2020 9:29;-4.4;7.99
13.10.2020 9:44;-4.4;7.99
13.10.2020 9:59;-4.4;8.25
13.10.2020 10:14;-4.9;7.99
13.10.2020 10:29;-5.9;8.25
13.10.2020 10:44;-7.9;8.25
13.10.2020 10:59;-13.0;8.78
13.10.2020 11:14;-12.5;8.52
13.10.2020 11:29;-12.0;8.78
13.10.2020 11:44;113.1;9.05
13.10.2020 11:59;110.2;9.05
13.10.2020 12:14;107.8;9.31
13.10.2020 12:29;86.2;9.05
13.10.2020 12:44;88.2;9.31
13.10.2020 12:59;84.7;9.58
13.10.2020 13:14;84.7;9.58
13.10.2020 13:29;77.3;9.58
13.10.2020 13:44;81.3;9.58
13.10.2020 13:59;78.8;9.58
13.10.2020 14:14;74.3;9.58
13.10.2020 14:29;75.8;9.58
13.10.2020 14:44;75.3;9.84
13.10.2020 14:59;75.8;9.58
13.10.2020 15:14;76.3;9.58
13.10.2020 15:29;77.3;9.31
13.10.2020 15:44;79.3;9.31
13.10.2020 15:59;79.3;9.31
13.10.2020 16:14;80.3;9.31
13.10.2020 16:29;81.7;9.31
13.10.2020 16:44;83.7;9.05
13.10.2020 16:59;86.7;8.78
13.10.2020 17:14;88.2;8.52
13.10.2020 17:29;89.6;8.52
13.10.2020 17:44;91.1;8.52
13.10.2020 17:59;91.6;8.25
13.10.2020 18:14;91.6;7.99
13.10.2020 18:29;90.6;7.99
13.10.2020 18:44;89.1;7.73
13.10.2020 18:59;91.1;7.21
13.10.2020 19:14;91.6;6.95
13.10.2020 19:29;90.6;6.43
13.10.2020 19:44;92.6;6.43
13.10.2020 19:59;95.5;6.43
13.10.2020 20:14;98.0;6.43
13.10.2020 20:29;98.5;6.43
13.10.2020 20:44;98.9;6.17
13.10.2020 20:59;98.9;6.43
13.10.2020 21:14;98.5;6.69
13.10.2020 21:29;98.0;6.17
13.10.2020 21:44;99.9;6.43
13.10.2020 21:59;100.4;5.91
13.10.2020 22:14;101.4;5.91
13.10.2020 22:29;102.4;6.17
13.10.2020 22:44;103.8;6.17
13.10.2020 22:59;104.3;5.91
13.10.2020 23:14;104.3;5.65
13.10.2020 23:29;104.3;5.65
13.10.2020 23:44;104.8;5.65
13.10.2020 23:59;107.8;5.39
14.10.2020 0:14;108.7;5.39
14.10.2020 0:29;105.3;5.65
14.10.2020 0:44;107.3;5.14
14.10.2020 0:59;110.2;5.14
14.10.2020 1:14;111.2;5.39
14.10.2020 1:29;112.6;5.14
14.10.2020 1:44;-14.0;5.14
14.10.2020 1:59;111.2;5.14
14.10.2020 2:14;104.8;4.88
14.10.2020 2:29;104.3;4.88
14.10.2020 2:44;104.3;4.63
14.10.2020 2:59;106.8;4.63
14.10.2020 3:14;110.2;4.37
14.10.2020 3:29;109.2;4.37
14.10.2020 3:44;108.7;4.11
14.10.2020 3:59;106.3;4.11
14.10.2020 4:14;105.3;3.86
14.10.2020 4:29;106.8;3.86
14.10.2020 4:44;108.7;3.86
14.10.2020 4:59;112.6;3.86
14.10.2020 5:14;-11.5;3.86
14.10.2020 5:29;-9.9;3.86
14.10.2020 5:44;-7.4;3.86
14.10.2020 5:59;-7.4;3.86
14.10.2020 6:14;-6.4;3.86
14.10.2020 6:29;-4.9;4.11
14.10.2020 6:44;-2.3;4.37
14.10.2020 6:59;-1.8;4.63
14.10.2020 7:14;-0.8;5.14
14.10.2020 7:29;-0.3;4.88
14.10.2020 7:44;-0.3;5.14
14.10.2020 7:59;0.2;5.39
14.10.2020 8:14;0.2;5.65
14.10.2020 8:29;0.2;5.65
14.10.2020 8:44;-0.3;6.17
14.10.2020 8:59;-0.3;6.43
14.10.2020 9:14;-0.3;6.69
14.10.2020 9:29;0.2;6.69
14.10.2020 9:44;-0.3;6.95
14.10.2020 9:59;-1.3;7.21
14.10.2020 10:14;-4.9;7.21
14.10.2020 10:29;-8.9;7.73
14.10.2020 10:44;-12.0;7.73
14.10.2020 10:59;-12.5;7.99
14.10.2020 11:14;111.2;7.99
14.10.2020 11:29;110.7;7.99
14.10.2020 11:44;106.8;8.25
14.10.2020 11:59;100.4;8.52
14.10.2020 12:14;98.9;8.78
14.10.2020 12:29;99.4;8.78
14.10.2020 12:44;98.5;8.78
14.10.2020 12:59;99.4;9.05
14.10.2020 13:14;98.9;8.52
14.10.2020 13:29;97.0;8.52
14.10.2020 13:44;95.5;8.78
14.10.2020 13:59;95.5;8.78
14.10.2020 14:14;97.0;8.78
14.10.2020 14:29;98.0;9.31
14.10.2020 14:44;97.5;8.78
14.10.2020 14:59;99.4;9.05
14.10.2020 15:14;99.9;9.05
14.10.2020 15:29;100.4;8.78
14.10.2020 15:44;102.4;9.05
14.10.2020 15:59;102.9;8.52
14.10.2020 16:14;100.9;8.78
14.10.2020 16:29;107.3;8.52
14.10.2020 16:44;107.3;8.25
14.10.2020 16:59;107.8;8.25
14.10.2020 17:14;108.2;8.25
14.10.2020 17:29;110.2;8.52
14.10.2020 17:44;111.2;8.25
14.10.2020 17:59;111.2;8.52
14.10.2020 18:14;110.7;8.25
14.10.2020 18:29;111.7;8.52
14.10.2020 18:44;112.6;8.52
14.10.2020 18:59;112.1;7.99
14.10.2020 19:14;-14.0;8.25
14.10.2020 19:29;-14.0;8.25
14.10.2020 19:44;113.1;7.99
14.10.2020 19:59;-13.0;8.25
14.10.2020 20:14;-12.5;7.99
14.10.2020 20:29;-12.5;8.25
14.10.2020 20:44;-12.0;8.25
14.10.2020 20:59;-11.0;7.73
14.10.2020 21:14;-9.4;7.99
14.10.2020 21:29;-9.4;7.73
14.10.2020 21:44;-8.9;7.99
14.10.2020 21:59;-9.4;7.99
14.10.2020 22:14;-9.4;7.73
14.10.2020 22:29;-9.9;7.73
14.10.2020 22:44;-8.9;7.73
14.10.2020 22:59;-8.4;7.47
14.10.2020 23:14;-7.4;7.47
14.10.2020 23:29;-7.4;7.21
14.10.2020 23:44;-6.9;7.47
14.10.2020 23:59;-7.4;7.21
15.10.2020 0:14;-7.4;7.21
15.10.2020 0:29;-7.4;7.47
15.10.2020 0:44;-7.4;6.95
15.10.2020 0:59;-9.4;6.95
15.10.2020 1:14;-9.4;7.21
15.10.2020 1:29;-9.9;6.95
15.10.2020 1:44;-10.5;6.95
15.10.2020 1:59;-12.0;6.95
15.10.2020 2:14;-12.5;6.43
15.10.2020 2:29;-14.0;6.69
15.10.2020 2:44;-13.5;6.69
15.10.2020 2:59;-11.5;6.69
15.10.2020 3:14;-9.4;6.69
15.10.2020 3:29;-8.9;6.43
15.10.2020 3:44;-10.5;6.17
15.10.2020 3:59;-10.5;6.17
15.10.2020 4:14;-10.5;5.91
15.10.2020 4:29;-10.5;5.91
15.10.2020 4:44;-12.0;5.65
15.10.2020 4:59;-13.0;5.65
15.10.2020 5:14;108.7;5.39
15.10.2020 5:29;106.3;5.39
15.10.2020 5:44;105.3;5.14
15.10.2020 5:59;102.4;5.14
15.10.2020 6:14;93.6;4.37
15.10.2020 6:29;94.5;4.37
15.10.2020 6:44;89.6;4.11
15.10.2020 6:59;86.2;3.86
15.10.2020 7:14;86.2;3.61
15.10.2020 7:29;82.7;3.61
15.10.2020 7:44;82.7;3.35
15.10.2020 7:59;86.2;3.35
15.10.2020 8:14;86.7;3.35
15.10.2020 8:29;88.2;3.35
15.10.2020 8:44;84.2;3.61
15.10.2020 8:59;83.7;3.10
15.10.2020 9:14;81.7;3.10
15.10.2020 9:29;81.7;3.35
15.10.2020 9:44;79.3;3.61
15.10.2020 9:59;79.3;3.86
15.10.2020 10:14;77.8;4.11
15.10.2020 10:29;75.8;4.11
15.10.2020 10:44;75.8;4.37
15.10.2020 10:59;76.3;4.37
15.10.2020 11:14;74.8;4.37
15.10.2020 11:29;73.8;4.63
15.10.2020 11:44;72.4;4.63
15.10.2020 11:59;69.9;4.88
15.10.2020 12:14;71.9;5.14
15.10.2020 12:29;72.9;5.14
15.10.2020 12:44;72.9;5.14
15.10.2020 12:59;74.3;5.39
15.10.2020 13:14;74.3;5.65
15.10.2020 13:29;76.8;5.39
15.10.2020 13:44;78.8;5.39
15.10.2020 13:59;79.8;5.39
15.10.2020 14:14;81.7;5.14
15.10.2020 14:29;82.2;5.65
15.10.2020 14:44;81.7;5.91
15.10.2020 14:59;81.7;5.91
15.10.2020 15:14;82.7;5.65
15.10.2020 15:29;84.2;5.65
15.10.2020 15:44;83.2;5.65
15.10.2020 15:59;83.7;5.39
15.10.2020 16:14;83.7;5.39
15.10.2020 16:29;83.7;5.39
15.10.2020 16:44;80.3;5.39
15.10.2020 16:59;82.2;5.39
15.10.2020 17:14;83.7;5.14
15.10.2020 17:29;87.2;4.88
15.10.2020 17:44;86.7;4.88
15.10.2020 17:59;81.3;4.88
15.10.2020 18:14;81.3;4.63
15.10.2020 18:29;81.3;4.63
15.10.2020 18:44;83.7;4.63
15.10.2020 18:59;82.2;4.37
15.10.2020 19:14;82.2;4.37
15.10.2020 19:29;83.2;4.37
15.10.2020 19:44;83.7;4.11
15.10.2020 19:59;90.6;3.86
15.10.2020 20:14;98.9;3.86
15.10.2020 20:29;98.9;3.35
15.10.2020 20:44;96.5;3.61
15.10.2020 20:59;94.5;3.35
15.10.2020 21:14;88.6;3.35
15.10.2020 21:29;84.2;3.61
15.10.2020 21:44;84.2;3.35
15.10.2020 21:59;83.7;3.61
15.10.2020 22:14;84.2;3.10
15.10.2020 22:29;83.7;3.35
15.10.2020 22:44;85.7;3.61
15.10.2020 22:59;88.2;3.35
15.10.2020 23:14;88.6;3.35
15.10.2020 23:29;88.6;3.35
15.10.2020 23:44;87.2;2.84
15.10.2020 23:59;87.7;2.84
16.10.2020 0:14;88.6;2.84
16.10.2020 0:29;86.2;3.10
16.10.2020 0:44;86.2;3.10
16.10.2020 0:59;87.2;2.84
16.10.2020 1:14;86.7;3.10
16.10.2020 1:29;87.2;2.84
16.10.2020 1:44;86.7;3.10
16.10.2020 1:59;85.2;2.84
16.10.2020 2:14;83.7;3.10
16.10.2020 2:29;81.7;3.10
16.10.2020 2:44;81.7;3.10
16.10.2020 2:59;79.3;3.10
16.10.2020 3:14;79.8;3.10
16.10.2020 3:29;77.3;3.10
16.10.2020 3:44;71.9;3.10
16.10.2020 3:59;70.9;3.35
16.10.2020 4:14;69.9;3.35
16.10.2020 4:29;70.9;3.35
16.10.2020 4:44;70.9;3.35
16.10.2020 4:59;74.3;3.35
16.10.2020 5:14;78.8;3.10
16.10.2020 5:29;82.2;3.10
16.10.2020 5:44;84.2;2.84
16.10.2020 5:59;85.7;3.10
16.10.2020 6:14;87.2;2.84
16.10.2020 6:29;89.6;3.10
16.10.2020 6:44;90.6;2.84
16.10.2020 6:59;91.6;2.84
16.10.2020 7:14;91.1;2.84
16.10.2020 7:29;91.1;3.10
16.10.2020 7:44;91.1;3.10
16.10.2020 7:59;89.6;3.10
16.10.2020 8:14;87.2;3.10
16.10.2020 8:29;86.2;2.84
16.10.2020 8:44;85.2;3.10
16.10.2020 8:59;83.2;2.84
16.10.2020 9:14;84.7;3.10
16.10.2020 9:29;83.7;3.10
16.10.2020 9:44;84.7;3.10
16.10.2020 9:59;85.2;2.84
16.10.2020 10:14;84.2;2.84
16.10.2020 10:29;83.7;2.84
16.10.2020 10:44;84.2;3.10
16.10.2020 10:59;83.2;3.10
16.10.2020 11:14;84.2;3.35
16.10.2020 11:29;85.7;3.35
16.10.2020 11:44;84.2;3.61
16.10.2020 11:59;83.2;3.86
16.10.2020 12:14;81.7;3.86
16.10.2020 12:29;82.2;4.11
16.10.2020 12:44;81.3;4.11
16.10.2020 12:59;81.3;4.11
16.10.2020 13:14;81.7;4.11
16.10.2020 13:29;79.3;4.37
16.10.2020 13:44;80.8;4.11
16.10.2020 13:59;80.3;4.37
16.10.2020 14:14;79.8;4.37
16.10.2020 14:29;80.8;4.63
16.10.2020 14:44;78.8;4.63
16.10.2020 14:59;77.3;4.63
16.10.2020 15:14;78.8;4.63
16.10.2020 15:29;77.3;4.63
16.10.2020 15:44;78.8;4.63
16.10.2020 15:59;80.8;4.63
16.10.2020 16:14;79.8;4.63
16.10.2020 16:29;80.3;4.37
16.10.2020 16:44;81.7;4.37
16.10.2020 16:59;82.2;4.37
16.10.2020 17:14;83.7;4.11
16.10.2020 17:29;84.7;4.37
16.10.2020 17:44;86.2;4.11
16.10.2020 17:59;88.2;3.86
16.10.2020 18:14;88.6;3.35
16.10.2020 18:29;89.1;3.86
16.10.2020 18:44;90.1;3.61
16.10.2020 18:59;89.6;3.86
16.10.2020 19:14;90.1;3.86
16.10.2020 19:29;90.6;3.86
16.10.2020 19:44;92.1;3.61
16.10.2020 19:59;93.1;3.35
16.10.2020 20:14;93.1;3.35
16.10.2020 20:29;93.6;3.10
16.10.2020 20:44;91.6;2.84
16.10.2020 20:59;91.1;2.84
16.10.2020 21:14;95.0;2.34
16.10.2020 21:29;97.5;2.34
16.10.2020 21:44;99.4;2.34
16.10.2020 21:59;93.6;1.83
16.10.2020 22:14;95.5;1.83
16.10.2020 22:29;98.5;1.58
16.10.2020 22:44;100.4;1.58
16.10.2020 22:59;97.5;1.07
16.10.2020 23:14;95.5;1.33
16.10.2020 23:29;95.0;0.82
16.10.2020 23:44;96.0;0.82
16.10.2020 23:59;95.0;0.57
17.10.2020 0:14;95.0;0.57
17.10.2020 0:29;102.9;0.32
17.10.2020 0:44;105.3;0.32
17.10.2020 0:59;109.2;0.57
17.10.2020 1:14;107.8;0.32
17.10.2020 1:29;103.4;0.32
17.10.2020 1:44;100.4;0.32
17.10.2020 1:59;98.5;0.07
17.10.2020 2:14;98.9;0.07
17.10.2020 2:29;99.9;-0.19
17.10.2020 2:44;101.9;-0.19
17.10.2020 2:59;100.4;-0.19
17.10.2020 3:14;102.4;-0.19
17.10.2020 3:29;99.9;-0.44
17.10.2020 3:44;99.9;-0.69
17.10.2020 3:59;102.9;-0.44
17.10.2020 4:14;103.8;-0.69
17.10.2020 4:29;103.8;-0.69
17.10.2020 4:44;107.3;-0.44
17.10.2020 4:59;107.8;-0.69
17.10.2020 5:14;105.3;-0.44
17.10.2020 5:29;103.8;-0.69
17.10.2020 5:44;102.9;-0.94
17.10.2020 5:59;104.8;-0.69
17.10.2020 6:14;105.8;-0.94
17.10.2020 6:29;106.3;-0.94
17.10.2020 6:44;104.8;-0.94
17.10.2020 6:59;104.3;-0.94
17.10.2020 7:14;104.3;-0.94
17.10.2020 7:29;105.3;-0.94
17.10.2020 7:44;107.3;-0.69
17.10.2020 7:59;110.2;-0.69
17.10.2020 8:14;112.6;-0.44
17.10.2020 8:29;-13.0;-0.19
17.10.2020 8:44;-11.5;0.07
17.10.2020 8:59;-11.0;0.07
17.10.2020 9:14;-9.9;0.32
17.10.2020 9:29;-9.9;0.57
17.10.2020 9:44;-9.9;1.07
17.10.2020 9:59;-9.9;1.33
17.10.2020 10:14;-10.5;1.58
17.10.2020 10:29;-12.0;1.83
17.10.2020 10:44;-12.0;2.34
17.10.2020 10:59;-12.5;2.34
17.10.2020 11:14;-13.5;2.59
17.10.2020 11:29;109.7;3.35
17.10.2020 11:44;102.9;3.86
17.10.2020 11:59;103.4;4.11
17.10.2020 12:14;102.9;4.37
17.10.2020 12:29;98.5;4.63
17.10.2020 12:44;95.0;4.88
17.10.2020 12:59;95.0;5.14
17.10.2020 13:14;98.5;5.14
17.10.2020 13:29;96.5;5.65
17.10.2020 13:44;97.0;5.39
17.10.2020 13:59;98.5;5.39
17.10.2020 14:14;98.0;5.65
17.10.2020 14:29;99.4;5.65
17.10.2020 14:44;97.0;5.65
17.10.2020 14:59;90.6;5.91
17.10.2020 15:14;86.7;6.17
17.10.2020 15:29;88.6;5.91
17.10.2020 15:44;87.2;5.91
17.10.2020 15:59;86.2;5.91
17.10.2020 16:14;86.2;5.91
17.10.2020 16:29;85.7;6.43
17.10.2020 16:44;84.7;6.43
17.10.2020 16:59;87.2;6.43
17.10.2020 17:14;89.1;6.17
17.10.2020 17:29;89.6;6.17
17.10.2020 17:44;91.6;6.17
17.10.2020 17:59;96.0;5.91
17.10.2020 18:14;99.9;6.17
17.10.2020 18:29;102.4;6.17
17.10.2020 18:44;105.3;5.91
17.10.2020 18:59;106.8;5.91
17.10.2020 19:14;107.8;6.17
17.10.2020 19:29;105.3;5.91
17.10.2020 19:44;105.3;5.91
17.10.2020 19:59;109.2;5.91
17.10.2020 20:14;111.7;5.91
17.10.2020 20:29;112.6;5.91
17.10.2020 20:44;-14.0;5.91
17.10.2020 20:59;-14.0;5.91
17.10.2020 21:14;112.6;5.91
17.10.2020 21:29;111.7;5.91
17.10.2020 21:44;112.6;5.91
17.10.2020 21:59;-14.0;5.39
17.10.2020 22:14;-12.0;5.65
17.10.2020 22:29;-11.0;5.39
17.10.2020 22:44;-9.9;5.65
17.10.2020 22:59;-8.9;5.91
17.10.2020 23:14;-7.9;5.65
17.10.2020 23:29;-7.4;5.65
17.10.2020 23:44;-5.9;5.39
17.10.2020 23:59;-4.9;5.65
18.10.2020 0:14;-4.9;5.65
18.10.2020 0:29;-4.4;6.17
18.10.2020 0:44;-3.8;5.65
18.10.2020 0:59;-3.3;5.91
18.10.2020 1:14;-3.3;6.17
18.10.2020 1:29;-3.3;6.17
18.10.2020 1:44;-3.8;6.17
18.10.2020 1:59;-4.4;6.17
18.10.2020 2:14;-4.9;5.91
18.10.2020 2:29;-4.9;6.43
18.10.2020 2:44;-4.9;6.43
18.10.2020 2:59;-4.9;6.17
18.10.2020 3:14;-4.4;6.43
18.10.2020 3:29;-3.3;6.17
18.10.2020 3:44;-3.3;6.43
18.10.2020 3:59;-2.8;6.17
18.10.2020 4:14;-2.8;6.17
18.10.2020 4:29;-2.8;6.17
18.10.2020 4:44;-2.8;6.43
18.10.2020 4:59;-2.8;6.43
18.10.2020 5:14;-2.8;6.17
18.10.2020 5:29;-2.8;6.17
18.10.2020 5:44;-2.8;6.17
18.10.2020 5:59;-2.8;6.17
18.10.2020 6:14;-3.3;6.17
18.10.2020 6:29;-3.3;6.17
18.10.2020 6:44;-3.3;6.17
18.10.2020 6:59;-3.3;6.17
18.10.2020 7:14;-2.8;6.17
18.10.2020 7:29;-2.8;6.17
18.10.2020 7:44;-2.8;5.91
18.10.2020 7:59;-2.8;5.91
18.10.2020 8:14;-2.3;6.17
18.10.2020 8:29;-2.3;6.17
18.10.2020 8:44;-2.3;6.17
18.10.2020 8:59;113.1;4.88
18.10.2020 9:14;109.7;4.88
18.10.2020 9:29;108.7;4.37
18.10.2020 9:44;108.7;4.11
18.10.2020 9:59;108.7;3.35
18.10.2020 10:14;109.2;3.35
18.10.2020 10:29;109.7;3.35
18.10.2020 10:44;110.7;3.10
18.10.2020 10:59;112.1;3.10
18.10.2020 11:14;112.6;3.35
18.10.2020 11:29;111.2;3.35
18.10.2020 11:44;113.1;3.10
18.10.2020 11:59;-12.0;3.35
18.10.2020 12:14;-12.0;3.61
18.10.2020 12:29;-12.5;3.35
18.10.2020 12:44;-12.5;3.35
18.10.2020 12:59;-13.5;3.86
18.10.2020 13:14;-12.5;3.86
18.10.2020 13:29;-12.5;3.86
18.10.2020 13:44;-13.0;3.86
18.10.2020 13:59;-12.0;4.11
18.10.2020 14:14;112.6;3.86
18.10.2020 14:29;107.8;4.37
18.10.2020 14:44;107.8;4.37
18.10.2020 14:59;105.3;4.11
18.10.2020 15:14;103.8;4.37
18.10.2020 15:29;105.8;4.37
18.10.2020 15:44;107.8;4.37
18.10.2020 15:59;105.3;4.37
18.10.2020 16:14;106.8;4.37
18.10.2020 16:29;106.8;4.11
18.10.2020 16:44;106.8;4.11
18.10.2020 16:59;107.8;4.11
18.10.2020 17:14;107.3;3.86
18.10.2020 17:29;105.3;3.61
18.10.2020 17:44;106.3;3.61
18.10.2020 17:59;106.3;3.35
18.10.2020 18:14;105.3;3.10
18.10.2020 18:29;104.8;3.10
18.10.2020 18:44;109.2;3.10
18.10.2020 18:59;110.7;3.10
18.10.2020 19:14;109.2;3.10
18.10.2020 19:29;109.7;2.84
18.10.2020 19:44;109.2;2.59
18.10.2020 19:59;105.8;2.34
18.10.2020 20:14;105.8;2.34
18.10.2020 20:29;102.4;2.08
18.10.2020 20:44;99.4;2.08
18.10.2020 20:59;98.5;1.83
18.10.2020 21:14;98.5;1.83
18.10.2020 21:29;98.9;1.58
18.10.2020 21:44;99.9;1.33
18.10.2020 21:59;103.8;1.07
18.10.2020 22:14;104.8;1.07
18.10.2020 22:29;101.4;0.82
18.10.2020 22:44;104.3;1.07
18.10.2020 22:59;104.3;0.82
18.10.2020 23:14;104.3;0.57
18.10.2020 23:29;106.3;0.57
18.10.2020 23:44;105.8;0.32
18.10.2020 23:59;108.2;0.32
19.10.2020 0:14;111.2;0.32
19.10.2020 0:29;112.6;0.57
19.10.2020 0:44;-13.0;0.57
19.10.2020 0:59;-12.5;0.32
19.10.2020 1:14;-12.5;0.57
19.10.2020 1:29;-13.0;0.57
19.10.2020 1:44;-13.5;0.32
19.10.2020 1:59;-13.5;0.32
19.10.2020 2:14;-13.5;0.32
19.10.2020 2:29;-14.0;0.57
19.10.2020 2:44;113.1;0.57
19.10.2020 2:59;-14.0;0.57
19.10.2020 3:14;-13.5;0.32
19.10.2020 3:29;112.1;0.32
19.10.2020 3:44;111.2;0.32
19.10.2020 3:59;109.7;0.32
19.10.2020 4:14;108.7;0.07
19.10.2020 4:29;110.2;0.07
19.10.2020 4:44;111.2;0.07
19.10.2020 4:59;112.1;0.07
19.10.2020 5:14;113.1;-0.19
19.10.2020 5:29;-14.0;0.07
19.10.2020 5:44;-14.0;0.32
19.10.2020 5:59;-14.0;0.07
19.10.2020 6:14;-14.0;0.32
19.10.2020 6:29;113.1;0.07
19.10.2020 6:44;111.7;0.07
19.10.2020 6:59;110.2;-0.19
19.10.2020 7:14;106.8;0.07
19.10.2020 7:29;105.3;-0.44
19.10.2020 7:44;105.8;-0.69
19.10.2020 7:59;106.8;-0.69
19.10.2020 8:14;106.8;-0.69
19.10.2020 8:29;106.8;-0.44
19.10.2020 8:44;105.8;-0.44
19.10.2020 8:59;105.3;-0.19
19.10.2020 9:14;105.8;0.32
19.10.2020 9:29;106.8;0.07
19.10.2020 9:44;107.3;0.07
19.10.2020 9:59;108.7;0.32
19.10.2020 10:14;109.7;0.32
19.10.2020 10:29;110.7;0.82
19.10.2020 10:44;111.2;1.07
19.10.2020 10:59;110.7;1.07
19.10.2020 11:14;110.7;1.07
19.10.2020 11:29;110.7;1.33
19.10.2020 11:44;110.2;1.58
19.10.2020 11:59;108.7;1.58
19.10.2020 12:14;104.8;1.58
19.10.2020 12:29;100.4;1.58
19.10.2020 12:44;96.0;1.58
19.10.2020 12:59;96.0;1.58
19.10.2020 13:14;93.6;1.83
19.10.2020 13:29;92.1;2.08
19.10.2020 13:44;96.0;2.08
19.10.2020 13:59;97.5;2.08
19.10.2020 14:14;98.5;1.83
19.10.2020 14:29;98.9;2.34
19.10.2020 14:44;100.4;2.34
19.10.2020 14:59;100.4;2.59
19.10.2020 15:14;100.9;2.34
19.10.2020 15:29;102.9;2.59
19.10.2020 15:44;102.9;2.34
19.10.2020 15:59;103.4;2.84
19.10.2020 16:14;102.9;2.59
19.10.2020 16:29;103.8;2.34
19.10.2020 16:44;111.2;2.08
19.10.2020 16:59;112.1;2.08
19.10.2020 17:14;112.1;2.08
19.10.2020 17:29;112.6;1.83
19.10.2020 17:44;-14.0;1.58
19.10.2020 17:59;113.1;1.33
19.10.2020 18:14;-13.0;1.58
19.10.2020 18:29;-13.0;1.33
19.10.2020 18:44;-13.0;1.83
19.10.2020 18:59;-13.0;1.33
19.10.2020 19:14;113.1;1.58
19.10.2020 19:29;113.1;1.33
19.10.2020 19:44;112.6;1.33
19.10.2020 19:59;112.1;1.33
19.10.2020 20:14;-13.5;1.33
19.10.2020 20:29;-12.0;1.07
19.10.2020 20:44;-12.0;1.07
19.10.2020 20:59;-10.5;1.07
19.10.2020 21:14;-12.0;0.82
19.10.2020 21:29;-12.0;1.07
19.10.2020 21:44;-12.0;0.82
19.10.2020 21:59;-9.9;1.07
19.10.2020 22:14;-9.4;1.07
19.10.2020 22:29;-8.4;1.07
19.10.2020 22:44;-8.9;1.33
19.10.2020 22:59;-8.9;0.82
19.10.2020 23:14;-7.9;1.07
19.10.2020 23:29;-6.9;1.07
19.10.2020 23:44;-7.4;0.82
19.10.2020 23:59;-6.9;0.82
20.10.2020 0:14;-7.4;0.57
20.10.2020 0:29;-6.9;0.57
20.10.2020 0:44;-6.9;0.82
20.10.2020 0:59;-5.9;0.57
20.10.2020 1:14;-5.9;0.82
20.10.2020 1:29;-4.9;0.57
20.10.2020 1:44;-5.4;1.07
20.10.2020 1:59;-5.9;0.82
20.10.2020 2:14;-5.9;0.82
20.10.2020 2:29;-7.4;0.82
20.10.2020 2:44;-9.4;1.33
20.10.2020 2:59;-9.4;1.07
20.10.2020 3:14;113.1;1.33
20.10.2020 3:29;112.1;1.33
20.10.2020 3:44;107.8;1.58
20.10.2020 3:59;107.8;1.33
20.10.2020 4:14;100.9;1.58
20.10.2020 4:29;100.9;1.58
20.10.2020 4:44;98.5;1.33
20.10.2020 4:59;99.4;1.33
20.10.2020 5:14;100.4;1.33
20.10.2020 5:29;100.9;1.33
20.10.2020 5:44;99.9;1.33
20.10.2020 5:59;98.0;1.33
20.10.2020 6:14;95.0;1.33
20.10.2020 6:29;94.5;1.33
20.10.2020 6:44;98.0;1.33
20.10.2020 6:59;98.9;1.07
20.10.2020 7:14;97.5;1.07
20.10.2020 7:29;96.5;1.33
20.10.2020 7:44;95.5;1.07
20.10.2020 7:59;94.5;1.07
20.10.2020 8:14;88.6;1.33
20.10.2020 8:29;88.6;1.33
20.10.2020 8:44;87.7;1.33
20.10.2020 8:59;92.1;1.33
20.10.2020 9:14;85.7;1.33
20.10.2020 9:29;95.5;1.07
20.10.2020 9:44;93.6;1.33
20.10.2020 9:59;93.6;1.33
20.10.2020 10:14;95.5;1.58
20.10.2020 10:29;94.0;1.33
20.10.2020 10:44;89.6;1.58
20.10.2020 10:59;91.6;1.33
20.10.2020 11:14;93.1;1.58
20.10.2020 11:29;88.2;1.33
20.10.2020 11:44;83.7;1.33
20.10.2020 11:59;83.2;1.58
20.10.2020 12:14;83.7;1.83
20.10.2020 12:29;82.7;1.83
20.10.2020 12:44;84.7;1.83
20.10.2020 12:59;86.2;2.08
20.10.2020 13:14;86.2;2.08
20.10.2020 13:29;81.7;2.08
20.10.2020 13:44;81.7;2.59
20.10.2020 13:59;79.3;2.08
20.10.2020 14:14;77.3;2.08
20.10.2020 14:29;76.8;2.34
20.10.2020 14:44;76.8;2.08
20.10.2020 14:59;79.3;1.83
20.10.2020 15:14;81.3;1.83
20.10.2020 15:29;82.2;1.83
20.10.2020 15:44;81.7;1.58
20.10.2020 15:59;81.3;1.58
20.10.2020 16:14;81.3;1.83
20.10.2020 16:29;83.2;1.58
20.10.2020 16:44;84.2;1.58
20.10.2020 16:59;84.2;1.58
20.10.2020 17:14;85.2;1.33
20.10.2020 17:29;84.7;1.58
20.10.2020 17:44;83.7;1.58
20.10.2020 17:59;83.2;1.58
20.10.2020 18:14;85.2;1.33
20.10.2020 18:29;87.2;1.33
20.10.2020 18:44;87.7;1.33
20.10.2020 18:59;88.2;1.33
20.10.2020 19:14;88.6;0.82
20.10.2020 19:29;90.1;1.07
20.10.2020 19:44;90.1;0.82
20.10.2020 19:59;89.6;0.82
20.10.2020 20:14;91.1;0.57
20.10.2020 20:29;91.1;0.82
20.10.2020 20:44;90.6;0.57
20.10.2020 20:59;89.1;0.32
20.10.2020 21:14;89.1;0.32
20.10.2020 21:29;89.1;0.07
20.10.2020 21:44;91.6;0.07
20.10.2020 21:59;93.1;-0.19
20.10.2020 22:14;93.1;0.07
20.10.2020 22:29;93.1;-0.19
20.10.2020 22:44;92.1;-0.44
20.10.2020 22:59;94.0;-0.44
20.10.2020 23:14;94.0;-0.69
20.10.2020 23:29;94.5;-0.69
20.10.2020 23:44;93.1;-1.19
20.10.2020 23:59;93.6;-1.19
21.10.2020 0:14;93.6;-1.19
21.10.2020 0:29;93.6;-1.19
21.10.2020 0:44;94.0;-1.44
21.10.2020 0:59;95.5;-1.70
21.10.2020 1:14;96.0;-1.70
21.10.2020 1:29;97.0;-1.95
21.10.2020 1:44;97.0;-1.95
21.10.2020 1:59;97.0;-1.70
21.10.2020 2:14;97.0;-1.95
21.10.2020 2:29;96.0;-1.95
21.10.2020 2:44;97.0;-1.95
21.10.2020 2:59;98.0;-1.70
21.10.2020 3:14;98.9;-1.70
21.10.2020 3:29;100.4;-1.70
21.10.2020 3:44;98.9;-1.70
21.10.2020 3:59;99.9;-1.95
21.10.2020 4:14;99.9;-1.70
21.10.2020 4:29;100.4;-1.70
21.10.2020 4:44;101.4;-1.70
21.10.2020 4:59;102.9;-1.95
21.10.2020 5:14;103.8;-1.95
21.10.2020 5:29;105.8;-1.70
21.10.2020 5:44;106.3;-1.95
21.10.2020 5:59;108.2;-1.70
21.10.2020 6:14;109.7;-1.70
21.10.2020 6:29;111.2;-1.70
21.10.2020 6:44;112.6;-1.44
21.10.2020 6:59;112.6;-1.44
21.10.2020 7:14;112.1;-1.44
21.10.2020 7:29;111.7;-1.19
21.10.2020 7:44;110.2;-1.19
21.10.2020 7:59;109.2;-1.19
21.10.2020 8:14;107.3;-1.19
21.10.2020 8:29;106.8;-0.94
21.10.2020 8:44;106.8;-0.94
21.10.2020 8:59;107.8;-0.69
21.10.2020 9:14;109.2;-0.44
21.10.2020 9:29;109.7;-0.69
21.10.2020 9:44;110.7;-0.44
21.10.2020 9:59;112.1;-0.44
21.10.2020 10:14;112.6;0.07
21.10.2020 10:29;-14.0;0.07
21.10.2020 10:44;-12.5;0.32
21.10.2020 10:59;-13.5;0.32
21.10.2020 11:14;-12.5;0.82
21.10.2020 11:29;-12.0;0.82
21.10.2020 11:44;-11.0;1.07
21.10.2020 11:59;-9.4;1.07
21.10.2020 12:14;-8.9;1.58
21.10.2020 12:29;-9.4;1.58
21.10.2020 12:44;-9.9;1.58
21.10.2020 12:59;-11.0;1.58
21.10.2020 13:14;-12.5;2.08
21.10.2020 13:29;113.1;1.83
21.10.2020 13:44;112.1;2.34
21.10.2020 13:59;110.7;2.08
21.10.2020 14:14;110.7;2.34
21.10.2020 14:29;109.7;2.34
21.10.2020 14:44;109.7;2.59
21.10.2020 14:59;109.2;2.34
21.10.2020 15:14;108.2;2.34
21.10.2020 15:29;108.2;2.34
21.10.2020 15:44;107.3;2.34
21.10.2020 15:59;107.8;2.59
21.10.2020 16:14;107.8;2.59
21.10.2020 16:29;107.3;2.59
21.10.2020 16:44;106.3;2.34
21.10.2020 16:59;106.3;2.34
21.10.2020 17:14;106.8;2.34
21.10.2020 17:29;107.8;2.59
21.10.2020 17:44;108.7;2.59
21.10.2020 17:59;108.7;2.34
21.10.2020 18:14;109.2;2.34
21.10.2020 18:29;109.7;2.08
21.10.2020 18:44;109.7;2.34
21.10.2020 18:59;110.2;2.34
21.10.2020 19:14;110.7;2.08
21.10.2020 19:29;111.2;2.08
21.10.2020 19:44;112.6;2.34
21.10.2020 19:59;113.1;2.34
21.10.2020 20:14;-13.5;2.08
21.10.2020 20:29;-12.0;2.08
21.10.2020 20:44;-9.9;2.34
21.10.2020 20:59;-9.4;2.34
21.10.2020 21:14;-7.4;2.08
21.10.2020 21:29;-6.9;2.34
21.10.2020 21:44;-5.4;2.08
21.10.2020 21:59;-4.9;2.08
21.10.2020 22:14;-4.4;2.34
21.10.2020 22:29;-2.8;2.34
21.10.2020 22:44;-2.3;2.59
21.10.2020 22:59;-2.3;2.34
21.10.2020 23:14;-1.8;2.84
21.10.2020 23:29;-1.8;2.84
21.10.2020 23:44;-1.3;2.59
21.10.2020 23:59;-0.8;3.10
22.10.2020 0:14;-0.8;3.10
22.10.2020 0:29;-0.3;2.84
22.10.2020 0:44;-0.3;2.84
22.10.2020 0:59;-0.3;2.84
22.10.2020 1:14;0.2;3.10
22.10.2020 1:29;0.2;3.35
22.10.2020 1:44;0.2;3.35
22.10.2020 1:59;0.2;3.35
22.10.2020 2:14;-0.3;3.35
22.10.2020 2:29;-0.3;3.35
22.10.2020 2:44;0.2;3.35
22.10.2020 2:59;0.2;3.61
22.10.2020 3:14;0.2;3.61
22.10.2020 3:29;0.2;3.86
22.10.2020 3:44;0.2;3.86
22.10.2020 3:59;0.2;4.11
22.10.2020 4:14;0.2;4.11
22.10.2020 4:29;0.2;4.11
22.10.2020 4:44;0.2;4.11
22.10.2020 4:59;0.2;4.11
22.10.2020 5:14;0.2;4.11
22.10.2020 5:29;0.2;4.37
22.10.2020 5:44;0.2;4.37
22.10.2020 5:59;0.2;4.37
22.10.2020 6:14;0.7;4.37
22.10.2020 6:29;0.7;4.37
22.10.2020 6:44;0.7;4.37
22.10.2020 6:59;0.7;4.37
22.10.2020 7:14;0.7;4.37
22.10.2020 7:29;0.7;4.37
22.10.2020 7:44;0.7;4.37
22.10.2020 7:59;0.7;4.37
22.10.2020 8:14;0.7;4.63
22.10.2020 8:29;0.7;4.63
22.10.2020 8:44;0.7;4.63
22.10.2020 8:59;0.7;4.88
22.10.2020 9:14;0.7;4.88
22.10.2020 9:29;0.7;4.88
22.10.2020 9:44;0.7;4.88
22.10.2020 9:59;0.7;4.88
22.10.2020 10:14;0.7;4.88
22.10.2020 10:29;0.7;4.88
22.10.2020 10:44;0.7;4.88
22.10.2020 10:59;0.7;5.39
22.10.2020 11:14;0.7;5.39
22.10.2020 11:29;0.7;5.39
22.10.2020 11:44;0.7;5.39
22.10.2020 11:59;0.7;5.65
22.10.2020 12:14;0.2;5.91
22.10.2020 12:29;0.2;5.91
22.10.2020 12:44;0.2;5.91
22.10.2020 12:59;0.2;5.91
22.10.2020 13:14;0.2;5.91
22.10.2020 13:29;0.2;5.65
22.10.2020 13:44;-0.3;5.65
22.10.2020 13:59;-0.3;5.91
22.10.2020 14:14;-0.3;5.91
22.10.2020 14:29;0.2;5.91
22.10.2020 14:44;0.2;6.17
22.10.2020 14:59;0.2;6.17
22.10.2020 15:14;-0.3;6.17
22.10.2020 15:29;0.2;6.17
22.10.2020 15:44;0.2;5.91
22.10.2020 15:59;0.2;6.17
22.10.2020 16:14;0.2;5.91
22.10.2020 16:29;0.2;5.91
22.10.2020 16:44;-0.3;5.91
22.10.2020 16:59;0.2;6.17
22.10.2020 17:14;0.2;6.43
22.10.2020 17:29;-0.3;6.17
22.10.2020 17:44;-0.8;6.17
22.10.2020 17:59;-0.8;6.17
22.10.2020 18:14;-1.3;5.91
22.10.2020 18:29;-1.8;5.91
22.10.2020 18:44;-1.8;6.17
22.10.2020 18:59;-1.8;5.91
22.10.2020 19:14;-1.3;5.91
22.10.2020 19:29;-1.3;6.17
22.10.2020 19:44;-0.8;6.43
22.10.2020 19:59;-0.8;6.43
22.10.2020 20:14;-0.8;6.17
22.10.2020 20:29;-0.3;5.91
22.10.2020 20:44;-0.3;5.91
22.10.2020 20:59;-0.3;5.91
22.10.2020 21:14;-0.3;6.17
22.10.2020 21:29;0.2;6.17
22.10.2020 21:44;0.2;6.17
22.10.2020 21:59;-0.3;6.17
22.10.2020 22:14;-0.3;6.43
22.10.2020 22:29;0.2;6.43
22.10.2020 22:44;0.2;6.43
22.10.2020 22:59;0.2;6.43
22.10.2020 23:14;0.2;6.43
22.10.2020 23:29;0.2;6.43
22.10.2020 23:44;0.2;6.43
22.10.2020 23:59;0.2;6.43
23.10.2020 0:14;0.2;6.43
23.10.2020 0:29;0.2;6.43
23.10.2020 0:44;0.2;6.43
23.10.2020 0:59;0.2;6.43
23.10.2020 1:14;0.2;6.43
23.10.2020 1:29;0.2;6.43
23.10.2020 1:44;0.2;6.43
23.10.2020 1:59;0.2;6.43
23.10.2020 2:14;-0.3;6.43
23.10.2020 2:29;-0.3;6.43
23.10.2020 2:44;-0.3;6.17
23.10.2020 2:59;0.2;6.17
23.10.2020 3:14;0.2;6.69
23.10.2020 3:29;0.2;6.69
23.10.2020 3:44;0.2;6.69
23.10.2020 3:59;0.2;6.69
23.10.2020 4:14;0.2;6.69
23.10.2020 4:29;0.2;6.95
23.10.2020 4:44;0.2;6.95
23.10.2020 4:59;0.2;6.95
23.10.2020 5:14;0.2;6.95
23.10.2020 5:29;0.2;7.21
23.10.2020 5:44;0.2;7.21
23.10.2020 5:59;0.2;7.21
23.10.2020 6:14;0.2;7.21
23.10.2020 6:29;0.2;7.21
23.10.2020 6:44;0.2;7.21
23.10.2020 6:59;0.2;7.21
23.10.2020 7:14;0.2;7.21
23.10.2020 7:29;0.2;7.21
23.10.2020 7:44;0.2;7.21
23.10.2020 7:59;0.2;7.47
23.10.2020 8:14;0.2;7.47
23.10.2020 8:29;0.2;7.47
23.10.2020 8:44;0.2;7.47
23.10.2020 8:59;0.2;7.47
23.10.2020 9:14;0.2;7.47
23.10.2020 9:29;0.2;7.73
23.10.2020 9:44;0.2;7.73
23.10.2020 9:59;0.7;7.73
23.10.2020 10:14;0.7;7.99
23.10.2020 10:29;0.7;7.99
23.10.2020 10:44;0.7;7.99
23.10.2020 10:59;0.7;8.25
23.10.2020 11:14;0.7;8.78
23.10.2020 11:29;0.7;8.78
23.10.2020 11:44;0.7;8.78
23.10.2020 11:59;0.7;9.31
23.10.2020 12:14;0.7;9.31
23.10.2020 12:29;0.7;9.58
23.10.2020 12:44;0.2;9.84
23.10.2020 12:59;-0.3;9.58
23.10.2020 13:14;-0.3;9.58
23.10.2020 13:29;-2.8;9.58
23.10.2020 13:44;-4.4;9.84
23.10.2020 13:59;-6.9;9.84
23.10.2020 14:14;-7.9;9.58
23.10.2020 14:29;-5.4;9.58
23.10.2020 14:44;-8.4;9.05
23.10.2020 14:59;111.7;8.52
23.10.2020 15:14;113.1;7.73
23.10.2020 15:29;113.1;7.21
23.10.2020 15:44;112.1;6.43
23.10.2020 15:59;107.8;6.43
23.10.2020 16:14;108.7;5.39
23.10.2020 16:29;111.7;5.65
23.10.2020 16:44;108.7;5.39
23.10.2020 16:59;109.7;4.88
23.10.2020 17:14;105.3;4.63
23.10.2020 17:29;98.0;4.37
23.10.2020 17:44;97.0;3.86
23.10.2020 17:59;98.5;3.86
23.10.2020 18:14;102.9;3.86
23.10.2020 18:29;100.9;3.86
23.10.2020 18:44;100.4;3.61
23.10.2020 18:59;101.9;3.61
23.10.2020 19:14;99.4;3.35
23.10.2020 19:29;98.9;3.61
23.10.2020 19:44;95.5;3.61
23.10.2020 19:59;92.1;3.35
23.10.2020 20:14;91.1;2.84
23.10.2020 20:29;93.6;2.59
23.10.2020 20:44;93.6;2.34
23.10.2020 20:59;93.1;2.08
23.10.2020 21:14;94.5;2.08
23.10.2020 21:29;91.6;2.08
23.10.2020 21:44;89.6;1.83
23.10.2020 21:59;89.1;1.83
23.10.2020 22:14;88.6;1.58
23.10.2020 22:29;91.1;1.58
23.10.2020 22:44;92.6;1.33
23.10.2020 22:59;93.1;1.07
23.10.2020 23:14;95.5;1.07
23.10.2020 23:29;93.6;1.07
23.10.2020 23:44;93.1;0.82
23.10.2020 23:59;93.6;0.82
24.10.2020 0:14;95.0;0.82
24.10.2020 0:29;97.0;0.57
24.10.2020 0:44;98.0;0.57
24.10.2020 0:59;98.5;0.32
24.10.2020 1:14;99.4;0.57
24.10.2020 1:29;99.9;0.32
24.10.2020 1:44;102.4;0.32
24.10.2020 1:59;103.4;0.07
24.10.2020 2:14;104.8;0.32
24.10.2020 2:29;106.3;-0.19
24.10.2020 2:44;107.8;-0.19
24.10.2020 2:59;109.2;0.07
24.10.2020 3:14;111.2;0.07
24.10.2020 3:29;111.2;0.07
24.10.2020 3:44;110.2;-0.19
24.10.2020 3:59;109.2;-0.19
24.10.2020 4:14;109.2;-0.19
24.10.2020 4:29;110.7;-0.44
24.10.2020 4:44;-14.0;-0.44
24.10.2020 4:59;-14.0;-0.44
24.10.2020 5:14;-12.0;-0.44
24.10.2020 5:29;-9.9;-0.44
24.10.2020 5:44;-9.4;-0.69
24.10.2020 5:59;-9.9;-0.69
24.10.2020 6:14;-9.4;-0.44
24.10.2020 6:29;-8.9;-0.19
24.10.2020 6:44;-8.4;-0.44
24.10.2020 6:59;-7.9;-0.19
24.10.2020 7:14;-9.4;-0.44
24.10.2020 7:29;-12.0;-0.44
24.10.2020 7:44;-12.5;-0.44
24.10.2020 7:59;-12.5;-0.44
24.10.2020 8:14;-11.0;-0.44
24.10.2020 8:29;-9.4;-0.19
24.10.2020 8:44;-9.4;-0.19
24.10.2020 8:59;-8.9;0.07
24.10.2020 9:14;-9.4;0.07
24.10.2020 9:29;-10.5;0.07
24.10.2020 9:44;-11.0;0.07
24.10.2020 9:59;-11.0;0.32
24.10.2020 10:14;-10.5;0.57
24.10.2020 10:29;-9.9;0.32
24.10.2020 10:44;110.2;1.83
24.10.2020 10:59;91.1;3.61
24.10.2020 11:14;86.2;4.11
24.10.2020 11:29;84.7;4.37
24.10.2020 11:44;84.2;4.88
24.10.2020 11:59;83.7;4.63
24.10.2020 12:14;86.2;4.11
24.10.2020 12:29;90.6;3.61
24.10.2020 12:44;92.1;3.61
24.10.2020 12:59;93.6;3.35
24.10.2020 13:14;95.5;3.35
24.10.2020 13:29;94.0;3.35
24.10.2020 13:44;93.6;3.35
24.10.2020 13:59;93.6;3.35
24.10.2020 14:14;91.1;3.61
24.10.2020 14:29;87.7;3.61
24.10.2020 14:44;90.1;3.35
24.10.2020 14:59;89.6;3.35
24.10.2020 15:14;88.6;3.10
24.10.2020 15:29;88.6;3.10
24.10.2020 15:44;88.6;3.10
24.10.2020 15:59;89.1;2.84
24.10.2020 16:14;87.7;3.35
24.10.2020 16:29;86.7;3.35
24.10.2020 16:44;86.7;3.10
24.10.2020 16:59;86.2;3.10
24.10.2020 17:14;87.2;2.59
24.10.2020 17:29;88.2;2.59
24.10.2020 17:44;88.6;2.34
24.10.2020 17:59;90.6;2.08
24.10.2020 18:14;90.6;2.08
24.10.2020 18:29;91.1;1.83
24.10.2020 18:44;90.6;1.83
24.10.2020 18:59;91.1;1.58
24.10.2020 19:14;92.6;1.33
24.10.2020 19:29;94.0;1.33
24.10.2020 19:44;94.0;1.07
24.10.2020 19:59;94.5;0.82
24.10.2020 20:14;94.5;0.57
24.10.2020 20:29;95.5;0.82
24.10.2020 20:44;95.5;0.57
24.10.2020 20:59;95.5;0.32
24.10.2020 21:14;97.5;0.32
24.10.2020 21:29;98.9;0.32
24.10.2020 21:44;100.4;0.32
24.10.2020 21:59;102.4;0.32
24.10.2020 22:14;100.4;0.57
24.10.2020 22:29;98.5;0.82
24.10.2020 22:44;95.5;1.07
24.10.2020 22:59;99.4;1.07
24.10.2020 23:14;100.4;0.82
24.10.2020 23:29;99.4;1.07
24.10.2020 23:44;98.9;0.57
24.10.2020 23:59;98.5;0.57
25.10.2020 0:14;98.9;0.82
25.10.2020 0:29;98.5;0.32
25.10.2020 0:44;98.9;0.32
25.10.2020 0:59;100.4;0.32
25.10.2020 1:14;101.4;0.07
25.10.2020 1:29;101.4;0.32
25.10.2020 1:44;102.9;-0.19
25.10.2020 1:59;102.4;-0.19
25.10.2020 2:14;100.4;0.07
25.10.2020 2:29;100.4;-0.19
25.10.2020 2:44;102.4;-0.44
25.10.2020 2:59;105.3;-0.44
25.10.2020 3:14;110.2;-0.19
25.10.2020 3:29;111.2;-0.19
25.10.2020 3:44;111.2;0.07
25.10.2020 3:59;112.6;0.07
25.10.2020 4:14;112.6;0.32
25.10.2020 4:29;111.7;0.07
25.10.2020 4:44;111.7;0.07
25.10.2020 4:59;110.7;-0.19
25.10.2020 5:14;108.2;-0.19
25.10.2020 5:29;105.3;-0.19
25.10.2020 5:44;104.3;-0.69
25.10.2020 5:59;105.3;-0.44
25.10.2020 6:14;106.3;-0.44
25.10.2020 6:29;109.7;-0.69
25.10.2020 6:44;106.8;-0.69
25.10.2020 6:59;104.8;-0.94
25.10.2020 7:14;104.8;-0.69
25.10.2020 7:29;107.3;-1.19
25.10.2020 7:44;109.7;-0.94
25.10.2020 7:59;113.1;-0.69
25.10.2020 8:14;112.6;-0.69
25.10.2020 8:29;110.7;-0.94
25.10.2020 8:44;112.6;-0.69
25.10.2020 8:59;113.1;-0.44
25.10.2020 9:14;-14.0;-0.19
25.10.2020 9:29;113.1;0.07
25.10.2020 9:44;-14.0;0.07
25.10.2020 9:59;-11.5;0.32
25.10.2020 10:14;-9.4;0.57
25.10.2020 10:29;-9.4;0.57
25.10.2020 10:44;-8.4;0.57
25.10.2020 10:59;-7.4;1.07
25.10.2020 11:14;-5.9;1.33
25.10.2020 11:29;-6.4;1.58
25.10.2020 11:44;-10.5;2.08
25.10.2020 11:59;-12.5;2.08
25.10.2020 12:14;110.7;2.34
25.10.2020 12:29;106.8;2.59
25.10.2020 12:44;102.4;2.59
25.10.2020 12:59;102.4;2.59
25.10.2020 13:14;100.9;3.10
25.10.2020 13:29;98.5;3.10
25.10.2020 13:44;99.9;2.84
25.10.2020 13:59;98.9;3.10
25.10.2020 14:14;95.5;3.10
25.10.2020 14:29;95.5;3.10
25.10.2020 14:44;96.0;3.35
25.10.2020 14:59;98.0;3.35
25.10.2020 15:14;99.9;3.35
25.10.2020 15:29;100.4;3.10
25.10.2020 15:44;99.9;3.10
25.10.2020 15:59;100.4;2.84
25.10.2020 16:14;102.4;3.10
25.10.2020 16:29;103.4;3.10
25.10.2020 16:44;102.9;2.84
25.10.2020 16:59;103.4;2.84
25.10.2020 17:14;100.9;3.10
25.10.2020 17:29;101.9;3.61
25.10.2020 17:44;99.9;3.86
25.10.2020 17:59;99.4;3.61
25.10.2020 18:14;99.9;3.61
25.10.2020 18:29;99.9;3.86
25.10.2020 18:44;99.9;3.86
25.10.2020 18:59;98.9;3.61
25.10.2020 19:14;100.4;3.86
25.10.2020 19:29;101.4;3.35
25.10.2020 19:44;102.9;3.35
25.10.2020 19:59;104.3;3.86
25.10.2020 20:14;103.4;3.35
25.10.2020 20:29;103.8;3.35
25.10.2020 20:44;104.8;3.61
25.10.2020 20:59;105.3;3.35
25.10.2020 21:14;106.3;3.35
25.10.2020 21:29;106.3;3.61
25.10.2020 21:44;107.8;3.61
25.10.2020 21:59;108.7;3.61
25.10.2020 22:14;109.7;3.86
25.10.2020 22:29;110.2;3.61
25.10.2020 22:44;111.7;3.86
25.10.2020 22:59;113.1;3.86
25.10.2020 23:14;-12.5;4.11
25.10.2020 23:29;-10.5;4.11
25.10.2020 23:44;-7.9;4.11
25.10.2020 23:59;-7.4;4.11
26.10.2020 0:14;-5.4;4.37
26.10.2020 0:29;-4.9;4.37
26.10.2020 0:44;-4.4;4.63
26.10.2020 0:59;-3.3;4.63
26.10.2020 1:14;-3.3;4.88
26.10.2020 1:29;-2.8;4.63
26.10.2020 1:44;-2.3;5.14
26.10.2020 1:59;-2.8;4.88
26.10.2020 2:14;-2.3;4.88
26.10.2020 2:29;-2.3;4.88
26.10.2020 2:44;-1.8;5.39
26.10.2020 2:59;-1.8;5.39
26.10.2020 3:14;-1.3;5.39
26.10.2020 3:29;-1.3;5.39
26.10.2020 3:44;-1.3;5.39
26.10.2020 3:59;-0.8;5.65
26.10.2020 4:14;-0.8;5.91
26.10.2020 4:29;-0.3;5.91
26.10.2020 4:44;-0.3;5.65
26.10.2020 4:59;0.2;6.17
26.10.2020 5:14;0.2;6.17
26.10.2020 5:29;-0.3;5.91
26.10.2020 5:44;0.2;6.17
26.10.2020 5:59;0.2;6.69
26.10.2020 6:14;0.2;6.69
26.10.2020 6:29;0.7;6.69
26.10.2020 6:44;0.7;6.95
26.10.2020 6:59;0.7;6.95
26.10.2020 7:14;0.7;6.95
26.10.2020 7:29;1.helmi;7.21
26.10.2020 7:44;1.helmi;7.47
26.10.2020 7:59;1.helmi;7.73
26.10.2020 8:14;1.helmi;7.73
26.10.2020 8:29;1.helmi;7.73
26.10.2020 8:44;1.heinä;7.99
26.10.2020 8:59;1.heinä;7.99
26.10.2020 9:14;1.heinä;7.99
26.10.2020 9:29;1.heinä;7.99
26.10.2020 9:44;1.heinä;7.99
26.10.2020 9:59;1.heinä;7.99
26.10.2020 10:14;1.heinä;7.99
26.10.2020 10:29;1.heinä;7.99
26.10.2020 10:44;1.heinä;7.99
26.10.2020 10:59;1.heinä;7.99
26.10.2020 11:14;1.heinä;8.25
26.10.2020 11:29;1.heinä;7.99
26.10.2020 11:44;1.heinä;7.99
26.10.2020 11:59;1.heinä;7.99
26.10.2020 12:14;1.heinä;8.25
26.10.2020 12:29;1.heinä;8.25
26.10.2020 12:44;1.heinä;8.25
26.10.2020 12:59;1.heinä;8.52
26.10.2020 13:14;1.heinä;8.52
26.10.2020 13:29;1.helmi;8.25
26.10.2020 13:44;0.7;8.52
26.10.2020 13:59;-0.3;8.52
26.10.2020 14:14;-1.3;8.25
26.10.2020 14:29;-3.3;8.78
26.10.2020 14:44;-5.9;8.78
26.10.2020 14:59;-7.4;8.52
26.10.2020 15:14;-9.4;8.78
26.10.2020 15:29;-10.5;9.05
26.10.2020 15:44;-13.0;8.78
26.10.2020 15:59;112.6;9.05
26.10.2020 16:14;112.6;9.05
26.10.2020 16:29;113.1;9.05
26.10.2020 16:44;113.1;9.31
26.10.2020 16:59;-13.5;9.31
26.10.2020 17:14;-13.0;8.78
26.10.2020 17:29;-13.5;9.05
26.10.2020 17:44;-13.0;9.05
26.10.2020 17:59;-12.0;8.78
26.10.2020 18:14;-11.0;8.78
26.10.2020 18:29;-9.9;8.78
26.10.2020 18:44;-9.4;9.05
26.10.2020 18:59;-8.9;9.05
26.10.2020 19:14;-7.9;8.52
26.10.2020 19:29;-7.4;8.78
26.10.2020 19:44;-7.4;8.52
26.10.2020 19:59;-6.9;9.05
26.10.2020 20:14;-6.4;9.05
26.10.2020 20:29;-6.4;9.05
26.10.2020 20:44;-6.4;9.05
26.10.2020 20:59;-5.9;8.78
26.10.2020 21:14;-5.9;8.78
26.10.2020 21:29;-5.9;8.52
26.10.2020 21:44;-5.9;8.52
26.10.2020 21:59;-5.4;8.52
26.10.2020 22:14;-5.4;8.25
26.10.2020 22:29;-4.9;8.78
26.10.2020 22:44;-4.9;8.25
26.10.2020 22:59;-3.8;8.52
26.10.2020 23:14;-3.3;8.52
26.10.2020 23:29;-2.8;8.52
26.10.2020 23:44;-2.8;8.25
26.10.2020 23:59;-2.8;8.78
27.10.2020 0:14;-2.3;8.52
27.10.2020 0:29;-2.8;8.52
27.10.2020 0:44;-2.3;8.25
27.10.2020 0:59;-2.3;8.78
27.10.2020 1:14;-1.8;8.52
27.10.2020 1:29;-1.8;8.52
27.10.2020 1:44;-1.3;8.25
27.10.2020 1:59;-1.3;8.52
27.10.2020 2:14;-0.8;8.78
27.10.2020 2:29;-0.8;8.52
27.10.2020 2:44;-0.3;8.52
27.10.2020 2:59;-0.3;8.52
27.10.2020 3:14;-0.3;8.52
27.10.2020 3:29;-0.3;8.78
27.10.2020 3:44;0.2;8.78
27.10.2020 3:59;-0.3;9.05
27.10.2020 4:14;0.2;9.05
27.10.2020 4:29;-0.3;8.78
27.10.2020 4:44;-0.3;8.78
27.10.2020 4:59;-0.3;8.78
27.10.2020 5:14;0.2;8.78
27.10.2020 5:29;0.2;8.78
27.10.2020 5:44;0.2;8.78
27.10.2020 5:59;0.2;9.05
27.10.2020 6:14;0.2;9.05
27.10.2020 6:29;0.2;9.05
27.10.2020 6:44;0.2;9.31
27.10.2020 6:59;0.2;9.31
27.10.2020 7:14;0.2;9.31
27.10.2020 7:29;0.2;9.31
27.10.2020 7:44;0.7;9.31
27.10.2020 7:59;0.7;9.31
27.10.2020 8:14;0.7;9.31
27.10.2020 8:29;0.7;9.58
27.10.2020 8:44;0.7;9.31
27.10.2020 8:59;0.7;9.31
27.10.2020 9:14;0.7;9.58
27.10.2020 9:29;0.7;9.58
27.10.2020 9:44;0.7;9.58
27.10.2020 9:59;0.7;9.58
27.10.2020 10:14;0.7;9.58
27.10.2020 10:29;0.7;9.58
27.10.2020 10:44;0.2;9.58
27.10.2020 10:59;0.2;9.84
27.10.2020 11:14;0.2;9.84
27.10.2020 11:29;0.2;9.58
27.10.2020 11:44;0.2;9.58
27.10.2020 11:59;0.2;9.84
27.10.2020 12:14;0.2;9.58
27.10.2020 12:29;0.2;9.58
27.10.2020 12:44;0.2;9.31
27.10.2020 12:59;-0.3;9.31
27.10.2020 13:14;-0.3;9.31
27.10.2020 13:29;-0.3;9.31
27.10.2020 13:44;-0.3;9.58
27.10.2020 13:59;-0.3;9.58
27.10.2020 14:14;-0.3;9.58
27.10.2020 14:29;-0.3;9.58
27.10.2020 14:44;-0.3;9.58
27.10.2020 14:59;0.2;9.58
27.10.2020 15:14;0.2;9.84
27.10.2020 15:29;-0.3;10.11
27.10.2020 15:44;-0.3;9.58
27.10.2020 15:59;-0.8;10.11
27.10.2020 16:14;-1.3;9.84
27.10.2020 16:29;-1.8;10.11
27.10.2020 16:44;-2.3;10.11
27.10.2020 16:59;-2.3;9.84
27.10.2020 17:14;-1.8;10.11
27.10.2020 17:29;-1.8;10.11
27.10.2020 17:44;-1.8;9.84
27.10.2020 17:59;-1.8;9.84
27.10.2020 18:14;-1.8;9.84
27.10.2020 18:29;-1.8;9.58
27.10.2020 18:44;-1.3;9.58
27.10.2020 18:59;-1.3;9.84
27.10.2020 19:14;-0.8;10.11
27.10.2020 19:29;-0.8;10.11
27.10.2020 19:44;-0.8;10.11
27.10.2020 19:59;-0.3;9.84
27.10.2020 20:14;-0.3;9.84
27.10.2020 20:29;-0.3;9.84
27.10.2020 20:44;0.2;10.11
27.10.2020 20:59;-0.3;10.11
27.10.2020 21:14;-0.3;10.11
27.10.2020 21:29;0.2;10.11
27.10.2020 21:44;0.2;10.11
27.10.2020 21:59;0.2;10.38
27.10.2020 22:14;0.2;10.38
27.10.2020 22:29;-0.3;10.38
27.10.2020 22:44;0.2;10.38
27.10.2020 22:59;0.2;10.38
27.10.2020 23:14;0.2;10.38
27.10.2020 23:29;0.2;10.38
27.10.2020 23:44;0.2;10.38
27.10.2020 23:59;0.2;10.38
28.10.2020 0:14;-0.3;10.38
28.10.2020 0:29;-0.3;10.38
28.10.2020 0:44;-0.3;10.38
28.10.2020 0:59;-0.3;10.38
28.10.2020 1:14;-0.3;10.38
28.10.2020 1:29;-0.3;10.11
28.10.2020 1:44;0.2;10.38
28.10.2020 1:59;-0.3;10.11
28.10.2020 2:14;-1.3;9.58
28.10.2020 2:29;-1.8;9.84
28.10.2020 2:44;-2.8;9.58
28.10.2020 2:59;-2.8;9.84
28.10.2020 3:14;-3.3;9.58
28.10.2020 3:29;-4.4;9.31
28.10.2020 3:44;-4.9;9.31
28.10.2020 3:59;-5.9;8.78
28.10.2020 4:14;-5.9;9.05
28.10.2020 4:29;-7.4;8.78
28.10.2020 4:44;-9.4;8.25
28.10.2020 4:59;-7.9;8.52
28.10.2020 5:14;-8.9;8.25
28.10.2020 5:29;-8.4;7.73
28.10.2020 5:44;-9.4;7.47
28.10.2020 5:59;-9.9;7.47
28.10.2020 6:14;-12.0;7.47
28.10.2020 6:29;-12.0;7.47
28.10.2020 6:44;-9.9;7.21
28.10.2020 6:59;-8.9;7.47
28.10.2020 7:14;-7.4;7.21
28.10.2020 7:29;-7.4;7.21
28.10.2020 7:44;-6.9;7.21
28.10.2020 7:59;-7.4;8.25
28.10.2020 8:14;-9.9;10.65
28.10.2020 8:29;85.2;14.24
28.10.2020 8:44;62.0;18.32
28.10.2020 8:59;57.5;19.23
28.10.2020 9:14;55.5;19.85
28.10.2020 9:29;54.5;19.85
28.10.2020 9:44;53.0;20.16
28.10.2020 9:59;53.0;20.48
28.10.2020 10:14;52.5;20.79
28.10.2020 10:29;52.5;20.48
28.10.2020 10:44;53.0;20.79
28.10.2020 10:59;53.0;20.79
28.10.2020 11:14;52.5;20.48
