TimeStamp;RH
25.9.2020 0:02;63,08
25.9.2020 0:17;63,59
25.9.2020 0:32;63,59
25.9.2020 0:47;63,59
25.9.2020 1:02;63,59
25.9.2020 1:17;63,59
25.9.2020 1:32;63,59
25.9.2020 1:47;63,08
25.9.2020 2:02;63,08
25.9.2020 2:17;63,08
25.9.2020 2:32;63,08
25.9.2020 2:47;63,08
25.9.2020 3:02;63,08
25.9.2020 3:17;63,08
25.9.2020 3:32;63,08
25.9.2020 3:47;63,08
25.9.2020 4:02;63,08
25.9.2020 4:17;63,08
25.9.2020 4:32;63,08
25.9.2020 4:47;63,08
25.9.2020 5:02;63,08
25.9.2020 5:17;63,08
25.9.2020 5:32;63,08
25.9.2020 5:47;63,08
25.9.2020 6:02;63,08
25.9.2020 6:17;63,08
25.9.2020 6:32;63,08
25.9.2020 6:47;63,08
25.9.2020 7:02;63,08
25.9.2020 7:17;70,21
25.9.2020 7:32;70,21
25.9.2020 7:47;68,68
25.9.2020 8:02;68,18
25.9.2020 8:17;67,67
25.9.2020 8:32;67,16
25.9.2020 8:47;66,65
25.9.2020 9:02;66,14
25.9.2020 9:17;66,14
25.9.2020 9:32;65,63
25.9.2020 9:47;65,63
25.9.2020 10:02;65,63
25.9.2020 10:17;65,63
25.9.2020 10:32;65,63
25.9.2020 10:47;65,63
25.9.2020 11:02;65,63
25.9.2020 11:17;65,63
25.9.2020 11:32;65,63
25.9.2020 11:47;65,63
25.9.2020 12:02;65,63
25.9.2020 12:17;65,63
25.9.2020 12:32;65,12
25.9.2020 12:47;65,12
25.9.2020 13:02;65,12
25.9.2020 13:17;65,12
25.9.2020 13:32;65,12
25.9.2020 13:47;65,12
25.9.2020 14:02;65,12
25.9.2020 14:17;64,61
25.9.2020 14:32;64,61
25.9.2020 14:47;64,61
25.9.2020 15:02;64,61
25.9.2020 15:17;64,61
25.9.2020 15:32;64,61
25.9.2020 15:47;64,61
25.9.2020 16:02;64,61
25.9.2020 16:17;64,1
25.9.2020 16:32;64,1
25.9.2020 16:47;64,1
25.9.2020 17:02;64,1
25.9.2020 17:17;64,1
25.9.2020 17:32;64,1
25.9.2020 17:47;64,1
25.9.2020 18:02;64,1
25.9.2020 18:17;64,1
25.9.2020 18:32;64,1
25.9.2020 18:47;64,1
25.9.2020 19:02;64,1
25.9.2020 19:17;64,1
25.9.2020 19:32;64,1
25.9.2020 19:47;64,1
25.9.2020 20:02;64,1
25.9.2020 20:17;64,1
25.9.2020 20:32;64,1
25.9.2020 20:47;64,1
25.9.2020 21:02;63,59
25.9.2020 21:17;63,59
25.9.2020 21:32;63,59
25.9.2020 21:47;63,59
25.9.2020 22:02;63,59
25.9.2020 22:17;63,59
25.9.2020 22:32;63,59
25.9.2020 22:47;64,1
25.9.2020 23:02;64,1
25.9.2020 23:17;64,1
25.9.2020 23:32;64,1
25.9.2020 23:47;64,1
26.9.2020 0:02;64,1
26.9.2020 0:17;63,59
26.9.2020 0:32;63,59
26.9.2020 0:47;63,59
26.9.2020 1:02;63,59
26.9.2020 1:17;63,59
26.9.2020 1:32;63,59
26.9.2020 1:47;63,59
26.9.2020 2:02;63,59
26.9.2020 2:17;63,59
26.9.2020 2:32;63,08
26.9.2020 2:47;63,08
26.9.2020 3:02;63,08
26.9.2020 3:17;63,08
26.9.2020 3:32;63,08
26.9.2020 3:47;63,08
26.9.2020 4:02;63,08
26.9.2020 4:17;63,08
26.9.2020 4:32;63,08
26.9.2020 4:47;63,08
26.9.2020 5:02;63,59
26.9.2020 5:17;63,59
26.9.2020 5:32;63,08
26.9.2020 5:47;63,08
26.9.2020 6:02;63,08
26.9.2020 6:17;63,08
26.9.2020 6:32;63,08
26.9.2020 6:47;63,08
26.9.2020 7:02;63,08
26.9.2020 7:17;63,08
26.9.2020 7:32;63,08
26.9.2020 7:47;63,08
26.9.2020 8:02;63,08
26.9.2020 8:17;63,08
26.9.2020 8:32;63,08
26.9.2020 8:47;63,08
26.9.2020 9:02;63,08
26.9.2020 9:17;63,08
26.9.2020 9:32;63,08
26.9.2020 9:47;63,08
26.9.2020 10:02;62,57
26.9.2020 10:17;62,57
26.9.2020 10:32;62,57
26.9.2020 10:47;62,57
26.9.2020 11:02;62,57
26.9.2020 11:17;62,57
26.9.2020 11:32;63,08
26.9.2020 11:47;63,08
26.9.2020 12:02;63,08
26.9.2020 12:17;63,08
26.9.2020 12:32;63,08
26.9.2020 12:47;62,57
26.9.2020 13:02;62,57
26.9.2020 13:17;62,57
26.9.2020 13:32;62,57
26.9.2020 13:47;62,57
26.9.2020 14:02;62,57
26.9.2020 14:17;62,57
26.9.2020 14:32;62,57
26.9.2020 14:47;62,57
26.9.2020 15:02;62,57
26.9.2020 15:17;62,57
26.9.2020 15:32;62,57
26.9.2020 15:47;62,57
26.9.2020 16:02;62,57
26.9.2020 16:17;62,57
26.9.2020 16:32;62,57
26.9.2020 16:47;62,57
26.9.2020 17:02;62,57
26.9.2020 17:17;62,57
26.9.2020 17:32;62,57
26.9.2020 17:47;62,57
26.9.2020 18:02;63,08
26.9.2020 18:17;63,08
26.9.2020 18:32;63,08
26.9.2020 18:47;63,08
26.9.2020 19:02;63,08
26.9.2020 19:17;63,08
26.9.2020 19:32;63,08
26.9.2020 19:47;63,08
26.9.2020 20:02;63,08
26.9.2020 20:17;63,08
26.9.2020 20:32;63,08
26.9.2020 20:47;63,08
26.9.2020 21:02;63,08
26.9.2020 21:17;63,08
26.9.2020 21:32;63,08
26.9.2020 21:47;63,08
26.9.2020 22:02;63,08
26.9.2020 22:17;63,08
26.9.2020 22:32;63,08
26.9.2020 22:47;63,08
26.9.2020 23:02;63,08
26.9.2020 23:17;63,08
26.9.2020 23:32;63,08
26.9.2020 23:47;63,08
27.9.2020 0:02;63,08
27.9.2020 0:17;63,08
27.9.2020 0:32;63,08
27.9.2020 0:47;63,08
27.9.2020 1:02;63,08
27.9.2020 1:17;63,08
27.9.2020 1:32;63,08
27.9.2020 1:47;63,08
27.9.2020 2:02;63,08
27.9.2020 2:17;63,08
27.9.2020 2:32;63,08
27.9.2020 2:47;63,08
27.9.2020 3:02;63,08
27.9.2020 3:17;63,08
27.9.2020 3:32;63,08
27.9.2020 3:47;63,08
27.9.2020 4:02;63,08
27.9.2020 4:17;63,08
27.9.2020 4:32;63,08
27.9.2020 4:47;63,08
27.9.2020 5:02;63,08
27.9.2020 5:17;63,08
27.9.2020 5:32;63,08
27.9.2020 5:47;63,08
27.9.2020 6:02;63,08
27.9.2020 6:17;63,08
27.9.2020 6:32;63,08
27.9.2020 6:47;63,08
27.9.2020 7:02;63,08
27.9.2020 7:17;63,08
27.9.2020 7:32;63,08
27.9.2020 7:47;63,08
27.9.2020 8:02;63,08
27.9.2020 8:17;63,08
27.9.2020 8:32;63,08
27.9.2020 8:47;63,08
27.9.2020 9:02;62,57
27.9.2020 9:17;62,57
27.9.2020 9:32;62,57
27.9.2020 9:47;62,57
27.9.2020 10:02;62,57
27.9.2020 10:17;62,57
27.9.2020 10:32;62,57
27.9.2020 10:47;62,57
27.9.2020 11:02;62,57
27.9.2020 11:17;62,57
27.9.2020 11:32;62,57
27.9.2020 11:47;62,57
27.9.2020 12:02;62,57
27.9.2020 12:17;62,57
27.9.2020 12:32;62,57
27.9.2020 12:47;62,57
27.9.2020 13:02;62,57
27.9.2020 13:17;62,57
27.9.2020 13:32;62,57
27.9.2020 13:47;62,57
27.9.2020 14:02;62,57
27.9.2020 14:17;62,57
27.9.2020 14:32;62,57
27.9.2020 14:47;62,57
27.9.2020 15:02;62,57
27.9.2020 15:17;62,57
27.9.2020 15:32;62,57
27.9.2020 15:47;62,57
27.9.2020 16:02;62,57
27.9.2020 16:17;62,57
27.9.2020 16:32;62,57
27.9.2020 16:47;62,57
27.9.2020 17:02;62,57
27.9.2020 17:17;62,57
27.9.2020 17:32;62,57
27.9.2020 17:47;62,57
27.9.2020 18:02;62,57
27.9.2020 18:17;62,57
27.9.2020 18:32;62,57
27.9.2020 18:47;62,57
27.9.2020 19:02;62,57
27.9.2020 19:17;62,57
27.9.2020 19:32;62,57
27.9.2020 19:47;62,57
27.9.2020 20:02;62,57
27.9.2020 20:17;62,57
27.9.2020 20:32;62,57
27.9.2020 20:47;62,57
27.9.2020 21:02;62,57
27.9.2020 21:17;62,57
27.9.2020 21:32;62,57
27.9.2020 21:47;62,57
27.9.2020 22:02;62,57
27.9.2020 22:17;62,57
27.9.2020 22:32;62,57
27.9.2020 22:47;62,57
27.9.2020 23:02;62,57
27.9.2020 23:17;62,57
27.9.2020 23:32;62,57
27.9.2020 23:47;62,57
28.9.2020 0:02;63,08
28.9.2020 0:17;63,08
28.9.2020 0:32;63,08
28.9.2020 0:47;63,08
28.9.2020 1:02;63,08
28.9.2020 1:17;63,08
28.9.2020 1:32;63,08
28.9.2020 1:47;63,08
28.9.2020 2:02;63,08
28.9.2020 2:17;62,57
28.9.2020 2:32;63,08
28.9.2020 2:47;63,08
28.9.2020 3:02;63,08
28.9.2020 3:17;63,08
28.9.2020 3:32;62,57
28.9.2020 3:47;62,57
28.9.2020 4:02;62,57
28.9.2020 4:17;62,57
28.9.2020 4:32;62,57
28.9.2020 4:47;62,57
28.9.2020 5:02;62,57
28.9.2020 5:17;62,57
28.9.2020 5:32;62,57
28.9.2020 5:47;62,57
28.9.2020 6:02;62,57
28.9.2020 6:17;62,06
28.9.2020 6:32;62,06
28.9.2020 6:47;62,06
28.9.2020 7:02;62,06
28.9.2020 7:17;62,06
28.9.2020 7:32;62,06
28.9.2020 7:47;62,06
28.9.2020 8:02;62,06
28.9.2020 8:17;62,06
28.9.2020 8:32;61,55
28.9.2020 8:47;61,55
28.9.2020 9:02;61,55
28.9.2020 9:17;61,04
28.9.2020 9:32;61,04
28.9.2020 9:47;61,04
28.9.2020 10:02;61,04
28.9.2020 10:17;61,04
28.9.2020 10:32;61,04
28.9.2020 10:47;61,04
28.9.2020 11:02;61,04
28.9.2020 11:17;61,04
28.9.2020 11:32;61,04
28.9.2020 11:47;61,04
28.9.2020 12:02;61,04
28.9.2020 12:17;61,04
28.9.2020 12:32;61,04
28.9.2020 12:47;61,04
28.9.2020 13:02;61,04
28.9.2020 13:17;61,04
28.9.2020 13:32;61,04
28.9.2020 13:47;61,04
28.9.2020 14:02;61,04
28.9.2020 14:17;61,04
28.9.2020 14:32;61,04
28.9.2020 14:47;61,04
28.9.2020 15:02;61,04
28.9.2020 15:17;61,04
28.9.2020 15:32;61,04
28.9.2020 15:47;61,04
28.9.2020 16:02;61,04
28.9.2020 16:17;61,04
28.9.2020 16:32;61,04
28.9.2020 16:47;60,53
28.9.2020 17:02;59,53
28.9.2020 17:17;60,03
28.9.2020 17:32;60,53
28.9.2020 17:47;60,53
28.9.2020 18:02;61,04
28.9.2020 18:17;61,04
28.9.2020 18:32;61,04
28.9.2020 18:47;61,04
28.9.2020 19:02;61,04
28.9.2020 19:17;61,04
28.9.2020 19:32;61,04
28.9.2020 19:47;61,55
28.9.2020 20:02;61,55
28.9.2020 20:17;61,55
28.9.2020 20:32;61,55
28.9.2020 20:47;61,55
28.9.2020 21:02;61,04
28.9.2020 21:17;61,55
28.9.2020 21:32;61,55
28.9.2020 21:47;61,55
28.9.2020 22:02;61,55
28.9.2020 22:17;61,55
28.9.2020 22:32;61,55
28.9.2020 22:47;61,55
28.9.2020 23:02;61,55
28.9.2020 23:17;61,55
28.9.2020 23:32;61,55
28.9.2020 23:47;61,55
29.9.2020 0:02;61,55
29.9.2020 0:17;61,55
29.9.2020 0:32;61,04
29.9.2020 0:47;61,04
29.9.2020 1:02;61,04
29.9.2020 1:17;61,04
29.9.2020 1:32;61,04
29.9.2020 1:47;61,04
29.9.2020 2:02;61,04
29.9.2020 2:17;61,04
29.9.2020 2:32;61,04
29.9.2020 2:47;61,04
29.9.2020 3:02;61,04
29.9.2020 3:17;61,04
29.9.2020 3:32;60,53
29.9.2020 3:47;60,53
29.9.2020 4:02;60,53
29.9.2020 4:17;60,53
29.9.2020 4:32;60,53
29.9.2020 4:47;60,53
29.9.2020 5:02;60,53
29.9.2020 5:17;60,53
29.9.2020 5:32;60,53
29.9.2020 5:47;60,53
29.9.2020 6:02;60,53
29.9.2020 6:17;60,53
29.9.2020 6:32;60,53
29.9.2020 6:47;60,53
29.9.2020 7:02;60,53
29.9.2020 7:17;60,53
29.9.2020 7:32;60,53
29.9.2020 7:47;60,53
29.9.2020 8:02;60,53
29.9.2020 8:17;61,04
29.9.2020 8:32;61,04
29.9.2020 8:47;61,04
29.9.2020 9:02;61,04
29.9.2020 9:17;61,04
29.9.2020 9:32;61,04
29.9.2020 9:47;61,04
29.9.2020 10:02;61,04
29.9.2020 10:17;61,04
29.9.2020 10:32;61,04
29.9.2020 10:47;61,04
29.9.2020 11:02;61,04
29.9.2020 11:17;61,04
29.9.2020 11:32;61,04
29.9.2020 11:47;61,04
29.9.2020 12:02;61,04
29.9.2020 12:17;61,04
29.9.2020 12:32;61,04
29.9.2020 12:47;61,04
29.9.2020 13:02;61,04
29.9.2020 13:17;61,04
29.9.2020 13:32;61,04
29.9.2020 13:47;61,04
29.9.2020 14:02;61,04
29.9.2020 14:17;61,04
29.9.2020 14:32;61,04
29.9.2020 14:47;61,04
29.9.2020 15:02;61,04
29.9.2020 15:17;61,04
29.9.2020 15:32;61,04
29.9.2020 15:47;61,04
29.9.2020 16:02;61,04
29.9.2020 16:17;61,04
29.9.2020 16:32;61,04
29.9.2020 16:47;61,04
29.9.2020 17:02;61,04
29.9.2020 17:17;61,04
29.9.2020 17:32;61,04
29.9.2020 17:47;61,04
29.9.2020 18:02;61,04
29.9.2020 18:17;61,55
29.9.2020 18:32;61,55
29.9.2020 18:47;61,55
29.9.2020 19:02;61,55
29.9.2020 19:17;61,55
29.9.2020 19:32;61,55
29.9.2020 19:47;61,55
29.9.2020 20:02;61,55
29.9.2020 20:17;61,55
29.9.2020 20:32;61,55
29.9.2020 20:47;61,55
29.9.2020 21:02;61,55
29.9.2020 21:17;61,55
29.9.2020 21:32;61,55
29.9.2020 21:47;61,55
29.9.2020 22:02;61,55
29.9.2020 22:17;61,55
29.9.2020 22:32;61,55
29.9.2020 22:47;61,55
29.9.2020 23:02;61,55
29.9.2020 23:17;61,55
29.9.2020 23:32;61,55
29.9.2020 23:47;61,55
30.9.2020 0:02;61,55
30.9.2020 0:17;61,55
30.9.2020 0:32;61,55
30.9.2020 0:47;61,55
30.9.2020 1:02;61,55
30.9.2020 1:17;61,55
30.9.2020 1:32;61,55
30.9.2020 1:47;61,55
30.9.2020 2:02;61,55
30.9.2020 2:17;61,55
30.9.2020 2:32;61,55
30.9.2020 2:47;61,55
30.9.2020 3:02;61,55
30.9.2020 3:17;61,55
30.9.2020 3:32;62,06
30.9.2020 3:47;62,06
30.9.2020 4:02;62,06
30.9.2020 4:17;62,06
30.9.2020 4:32;62,06
30.9.2020 4:47;62,06
30.9.2020 5:02;62,06
30.9.2020 5:17;62,06
30.9.2020 5:32;62,06
30.9.2020 5:47;62,06
30.9.2020 6:02;62,06
30.9.2020 6:17;62,06
30.9.2020 6:32;62,06
30.9.2020 6:47;62,06
30.9.2020 7:02;62,06
30.9.2020 7:17;62,06
30.9.2020 7:32;62,06
30.9.2020 7:47;62,06
30.9.2020 8:02;62,06
30.9.2020 8:17;62,06
30.9.2020 8:32;62,06
30.9.2020 8:47;62,06
30.9.2020 9:02;62,06
30.9.2020 9:17;62,06
30.9.2020 9:32;62,06
30.9.2020 9:47;62,06
30.9.2020 10:02;62,06
30.9.2020 10:17;62,06
30.9.2020 10:32;62,06
30.9.2020 10:47;62,06
30.9.2020 11:02;61,55
30.9.2020 11:17;61,55
30.9.2020 11:32;61,55
30.9.2020 11:47;61,55
30.9.2020 12:02;61,55
30.9.2020 12:17;61,55
30.9.2020 12:32;61,55
30.9.2020 12:47;62,06
30.9.2020 13:02;62,06
30.9.2020 13:17;62,06
30.9.2020 13:32;62,06
30.9.2020 13:47;62,06
30.9.2020 14:02;62,06
30.9.2020 14:17;62,06
30.9.2020 14:32;62,06
30.9.2020 14:47;62,06
30.9.2020 15:02;62,06
30.9.2020 15:17;62,06
30.9.2020 15:32;62,06
30.9.2020 15:47;62,06
30.9.2020 16:02;62,06
30.9.2020 16:17;62,06
30.9.2020 16:32;62,06
30.9.2020 16:47;62,06
30.9.2020 17:02;62,06
30.9.2020 17:17;62,06
30.9.2020 17:32;62,06
30.9.2020 17:47;62,06
30.9.2020 18:02;62,06
30.9.2020 18:17;62,06
30.9.2020 18:32;62,06
30.9.2020 18:47;62,06
30.9.2020 19:02;62,06
30.9.2020 19:17;62,06
30.9.2020 19:32;62,06
30.9.2020 19:47;61,55
30.9.2020 20:02;61,55
30.9.2020 20:17;61,55
30.9.2020 20:32;61,55
30.9.2020 20:47;61,55
30.9.2020 21:02;61,55
30.9.2020 21:17;61,55
30.9.2020 21:32;61,55
30.9.2020 21:47;61,55
30.9.2020 22:02;61,55
30.9.2020 22:17;61,55
30.9.2020 22:32;61,55
30.9.2020 22:47;61,55
30.9.2020 23:02;61,55
30.9.2020 23:17;62,06
30.9.2020 23:32;62,06
30.9.2020 23:47;62,06
1.10.2020 0:02;62,06
1.10.2020 0:17;62,06
1.10.2020 0:32;62,06
1.10.2020 0:47;62,06
1.10.2020 1:02;62,06
1.10.2020 1:17;61,55
1.10.2020 1:32;61,55
1.10.2020 1:47;61,55
1.10.2020 2:02;61,55
1.10.2020 2:17;61,55
1.10.2020 2:32;61,55
1.10.2020 2:47;61,55
1.10.2020 3:02;61,55
1.10.2020 3:17;61,55
1.10.2020 3:32;61,55
1.10.2020 3:47;61,55
1.10.2020 4:02;61,55
1.10.2020 4:17;61,04
1.10.2020 4:32;61,04
1.10.2020 4:47;61,04
1.10.2020 5:02;61,04
1.10.2020 5:17;61,04
1.10.2020 5:32;61,04
1.10.2020 5:47;61,04
1.10.2020 6:02;61,04
1.10.2020 6:17;61,04
1.10.2020 6:32;61,04
1.10.2020 6:47;61,04
1.10.2020 7:02;61,04
1.10.2020 7:17;61,04
1.10.2020 7:32;61,04
1.10.2020 7:47;61,04
1.10.2020 8:02;61,04
1.10.2020 8:17;61,04
1.10.2020 8:32;61,04
1.10.2020 8:47;61,04
1.10.2020 9:02;61,04
1.10.2020 9:17;61,04
1.10.2020 9:32;61,04
1.10.2020 9:47;61,04
1.10.2020 10:02;61,04
1.10.2020 10:17;61,04
1.10.2020 10:32;61,04
1.10.2020 10:47;60,53
1.10.2020 11:02;60,53
1.10.2020 11:17;60,53
1.10.2020 11:32;61,04
1.10.2020 11:47;61,04
1.10.2020 12:02;61,04
1.10.2020 12:17;61,04
1.10.2020 12:32;61,04
1.10.2020 12:47;61,04
1.10.2020 13:02;61,04
1.10.2020 13:17;61,04
1.10.2020 13:32;61,04
1.10.2020 13:47;61,04
1.10.2020 14:02;61,04
1.10.2020 14:17;61,04
1.10.2020 14:32;61,04
1.10.2020 14:47;61,04
1.10.2020 15:02;61,04
1.10.2020 15:17;61,04
1.10.2020 15:32;61,04
1.10.2020 15:47;61,04
1.10.2020 16:02;61,04
1.10.2020 16:17;61,04
1.10.2020 16:32;61,04
1.10.2020 16:47;61,04
1.10.2020 17:02;61,04
1.10.2020 17:17;61,04
1.10.2020 17:32;61,04
1.10.2020 17:47;62,06
1.10.2020 18:02;62,06
1.10.2020 18:17;62,06
1.10.2020 18:32;62,06
1.10.2020 18:47;62,06
1.10.2020 19:02;62,06
1.10.2020 19:17;62,06
1.10.2020 19:32;62,06
1.10.2020 19:47;62,06
1.10.2020 20:02;61,55
1.10.2020 20:17;61,55
1.10.2020 20:32;61,55
1.10.2020 20:47;61,55
1.10.2020 21:02;61,55
1.10.2020 21:17;61,55
1.10.2020 21:32;61,55
1.10.2020 21:47;61,04
1.10.2020 22:02;61,04
1.10.2020 22:17;61,04
1.10.2020 22:32;61,04
1.10.2020 22:47;61,04
1.10.2020 23:02;61,04
1.10.2020 23:17;61,04
1.10.2020 23:32;61,04
1.10.2020 23:47;61,04
2.10.2020 0:02;61,04
2.10.2020 0:17;61,04
2.10.2020 0:32;61,04
2.10.2020 0:47;60,53
2.10.2020 1:02;60,53
2.10.2020 1:17;61,04
2.10.2020 1:32;61,04
2.10.2020 1:47;61,04
2.10.2020 2:02;61,04
2.10.2020 2:17;61,04
2.10.2020 2:32;61,04
2.10.2020 2:47;61,04
2.10.2020 3:02;61,04
2.10.2020 3:17;60,53
2.10.2020 3:32;60,53
2.10.2020 3:47;60,53
2.10.2020 4:02;60,53
2.10.2020 4:17;60,53
2.10.2020 4:32;60,53
2.10.2020 4:47;60,53
2.10.2020 5:02;60,53
2.10.2020 5:17;61,04
2.10.2020 5:32;61,04
2.10.2020 5:47;61,04
2.10.2020 6:02;61,04
2.10.2020 6:17;60,53
2.10.2020 6:32;60,53
2.10.2020 6:47;60,53
2.10.2020 7:02;60,53
2.10.2020 7:17;60,03
2.10.2020 7:32;60,53
2.10.2020 7:47;60,53
2.10.2020 8:02;60,53
2.10.2020 8:17;60,53
2.10.2020 8:32;60,53
2.10.2020 8:47;60,53
2.10.2020 9:02;60,53
2.10.2020 9:17;60,53
2.10.2020 9:32;60,53
2.10.2020 9:47;60,03
2.10.2020 10:02;60,03
2.10.2020 10:17;60,03
2.10.2020 10:32;60,03
2.10.2020 10:47;60,03
2.10.2020 11:02;60,03
2.10.2020 11:17;60,03
2.10.2020 11:32;60,03
2.10.2020 11:47;60,53
2.10.2020 12:02;60,53
2.10.2020 12:17;60,53
2.10.2020 12:32;60,53
2.10.2020 12:47;60,53
2.10.2020 13:02;60,53
2.10.2020 13:17;60,53
2.10.2020 13:32;60,53
2.10.2020 13:47;60,53
2.10.2020 14:02;60,53
2.10.2020 14:17;60,53
2.10.2020 14:32;60,53
2.10.2020 14:47;60,03
2.10.2020 15:02;60,03
2.10.2020 15:17;60,53
2.10.2020 15:32;60,53
2.10.2020 15:47;60,53
2.10.2020 16:02;60,53
2.10.2020 16:17;60,53
2.10.2020 16:32;60,03
2.10.2020 16:47;60,03
2.10.2020 17:02;60,53
2.10.2020 17:17;60,53
2.10.2020 17:32;60,53
2.10.2020 17:47;60,53
2.10.2020 18:02;60,53
2.10.2020 18:17;60,53
2.10.2020 18:32;60,53
2.10.2020 18:47;60,53
2.10.2020 19:02;60,53
2.10.2020 19:17;60,53
2.10.2020 19:32;60,53
2.10.2020 19:47;60,53
2.10.2020 20:02;60,53
2.10.2020 20:17;60,53
2.10.2020 20:32;60,53
2.10.2020 20:47;60,53
2.10.2020 21:02;60,53
2.10.2020 21:17;60,53
2.10.2020 21:32;60,53
2.10.2020 21:47;60,53
2.10.2020 22:02;60,53
2.10.2020 22:17;60,53
2.10.2020 22:32;60,53
2.10.2020 22:47;60,53
2.10.2020 23:02;60,53
2.10.2020 23:17;60,53
2.10.2020 23:32;60,53
2.10.2020 23:47;60,53
3.10.2020 0:02;60,53
3.10.2020 0:17;60,53
3.10.2020 0:32;60,53
3.10.2020 0:47;60,53
3.10.2020 1:02;60,53
3.10.2020 1:17;60,53
3.10.2020 1:32;60,53
3.10.2020 1:47;60,53
3.10.2020 2:02;60,03
3.10.2020 2:17;60,53
3.10.2020 2:32;60,53
3.10.2020 2:47;60,53
3.10.2020 3:02;60,53
3.10.2020 3:17;60,53
3.10.2020 3:32;60,53
3.10.2020 3:47;60,53
3.10.2020 4:02;60,53
3.10.2020 4:17;60,53
3.10.2020 4:32;60,53
3.10.2020 4:47;60,53
3.10.2020 5:02;60,53
3.10.2020 5:17;60,53
3.10.2020 5:32;60,53
3.10.2020 5:47;60,03
3.10.2020 6:02;60,03
3.10.2020 6:17;60,03
3.10.2020 6:32;60,03
3.10.2020 6:47;60,03
3.10.2020 7:02;60,03
3.10.2020 7:17;60,03
3.10.2020 7:32;60,03
3.10.2020 7:47;60,03
3.10.2020 8:02;60,03
3.10.2020 8:17;60,03
3.10.2020 8:32;60,03
3.10.2020 8:47;60,03
3.10.2020 9:02;60,03
3.10.2020 9:17;60,03
3.10.2020 9:32;60,03
3.10.2020 9:47;60,03
3.10.2020 10:02;60,03
3.10.2020 10:17;60,03
3.10.2020 10:32;60,03
3.10.2020 10:47;60,03
3.10.2020 11:02;60,03
3.10.2020 11:17;60,03
3.10.2020 11:32;60,03
3.10.2020 11:47;60,03
3.10.2020 12:02;60,03
3.10.2020 12:17;60,03
3.10.2020 12:32;60,03
3.10.2020 12:47;60,03
3.10.2020 13:02;60,03
3.10.2020 13:17;60,03
3.10.2020 13:32;60,03
3.10.2020 13:47;60,03
3.10.2020 14:02;60,03
3.10.2020 14:17;60,03
3.10.2020 14:32;60,03
3.10.2020 14:47;60,03
3.10.2020 15:02;60,03
3.10.2020 15:17;60,03
3.10.2020 15:32;60,03
3.10.2020 15:47;60,03
3.10.2020 16:02;60,03
3.10.2020 16:17;60,03
3.10.2020 16:32;60,03
3.10.2020 16:47;60,03
3.10.2020 17:02;60,03
3.10.2020 17:17;60,03
3.10.2020 17:32;60,03
3.10.2020 17:47;60,03
3.10.2020 18:02;60,03
3.10.2020 18:17;60,03
3.10.2020 18:32;60,03
3.10.2020 18:47;60,03
3.10.2020 19:02;60,53
3.10.2020 19:17;60,53
3.10.2020 19:32;60,53
3.10.2020 19:47;60,53
3.10.2020 20:02;60,53
3.10.2020 20:17;60,53
3.10.2020 20:32;60,53
3.10.2020 20:47;60,53
3.10.2020 21:02;60,53
3.10.2020 21:17;60,53
3.10.2020 21:32;60,53
3.10.2020 21:47;60,53
3.10.2020 22:02;60,53
3.10.2020 22:17;60,53
3.10.2020 22:32;60,53
3.10.2020 22:47;60,53
3.10.2020 23:02;60,53
3.10.2020 23:17;60,53
3.10.2020 23:32;60,53
3.10.2020 23:47;60,53
4.10.2020 0:02;60,53
4.10.2020 0:17;60,53
4.10.2020 0:32;60,53
4.10.2020 0:47;60,53
4.10.2020 1:02;60,53
4.10.2020 1:17;60,53
4.10.2020 1:32;60,53
4.10.2020 1:47;60,53
4.10.2020 2:02;60,53
4.10.2020 2:17;60,53
4.10.2020 2:32;60,53
4.10.2020 2:47;60,53
4.10.2020 3:02;60,53
4.10.2020 3:17;60,53
4.10.2020 3:32;60,53
4.10.2020 3:47;60,53
4.10.2020 4:02;60,53
4.10.2020 4:17;60,53
4.10.2020 4:32;60,53
4.10.2020 4:47;60,53
4.10.2020 5:02;60,53
4.10.2020 5:17;61,04
4.10.2020 5:32;61,04
4.10.2020 5:47;61,04
4.10.2020 6:02;61,04
4.10.2020 6:17;60,53
4.10.2020 6:32;61,04
4.10.2020 6:47;61,04
4.10.2020 7:02;61,04
4.10.2020 7:17;61,04
4.10.2020 7:32;61,04
4.10.2020 7:47;61,04
4.10.2020 8:02;61,04
4.10.2020 8:17;61,04
4.10.2020 8:32;60,53
4.10.2020 8:47;60,53
4.10.2020 9:02;60,53
4.10.2020 9:17;60,53
4.10.2020 9:32;60,53
4.10.2020 9:47;60,53
4.10.2020 10:02;60,53
4.10.2020 10:17;60,53
4.10.2020 10:32;60,53
4.10.2020 10:47;60,53
4.10.2020 11:02;60,53
4.10.2020 11:17;60,53
4.10.2020 11:32;60,53
4.10.2020 11:47;60,53
4.10.2020 12:02;60,53
4.10.2020 12:17;60,53
4.10.2020 12:32;60,53
4.10.2020 12:47;60,53
4.10.2020 13:02;60,53
4.10.2020 13:17;60,53
4.10.2020 13:32;60,53
4.10.2020 13:47;60,53
4.10.2020 14:02;60,53
4.10.2020 14:17;60,53
4.10.2020 14:32;60,53
4.10.2020 14:47;60,53
4.10.2020 15:02;60,53
4.10.2020 15:17;60,53
4.10.2020 15:32;60,53
4.10.2020 15:47;60,53
4.10.2020 16:02;60,53
4.10.2020 16:17;60,53
4.10.2020 16:32;60,53
4.10.2020 16:47;60,53
4.10.2020 17:02;60,53
4.10.2020 17:17;60,53
4.10.2020 17:32;60,53
4.10.2020 17:47;60,53
4.10.2020 18:02;60,53
4.10.2020 18:17;60,53
4.10.2020 18:32;60,53
4.10.2020 18:47;60,53
4.10.2020 19:02;60,53
4.10.2020 19:17;60,53
4.10.2020 19:32;60,53
4.10.2020 19:47;60,53
4.10.2020 20:02;60,53
4.10.2020 20:17;60,53
4.10.2020 20:32;60,53
4.10.2020 20:47;60,53
4.10.2020 21:02;60,53
4.10.2020 21:17;60,53
4.10.2020 21:32;60,53
4.10.2020 21:47;60,53
4.10.2020 22:02;60,53
4.10.2020 22:17;60,53
4.10.2020 22:32;60,53
4.10.2020 22:47;60,53
4.10.2020 23:02;60,53
4.10.2020 23:17;61,04
4.10.2020 23:32;61,04
4.10.2020 23:47;61,04
5.10.2020 0:02;60,53
5.10.2020 0:17;60,53
5.10.2020 0:32;60,53
5.10.2020 0:47;60,53
5.10.2020 1:02;60,53
5.10.2020 1:17;60,53
5.10.2020 1:32;60,53
5.10.2020 1:47;60,53
5.10.2020 2:02;60,53
5.10.2020 2:17;60,53
5.10.2020 2:32;60,53
5.10.2020 2:47;60,53
5.10.2020 3:02;60,53
5.10.2020 3:17;60,53
5.10.2020 3:32;60,53
5.10.2020 3:47;60,53
5.10.2020 4:02;60,53
5.10.2020 4:17;60,53
5.10.2020 4:32;60,53
5.10.2020 4:47;60,53
5.10.2020 5:02;60,53
5.10.2020 5:17;60,53
5.10.2020 5:32;60,53
5.10.2020 5:47;60,53
5.10.2020 6:02;60,53
5.10.2020 6:17;60,53
5.10.2020 6:32;60,53
5.10.2020 6:47;60,53
5.10.2020 7:02;60,53
5.10.2020 7:17;60,53
5.10.2020 7:32;60,53
5.10.2020 7:47;60,53
5.10.2020 8:02;60,53
5.10.2020 8:17;61,04
5.10.2020 8:32;61,04
5.10.2020 8:47;61,04
5.10.2020 9:02;61,04
5.10.2020 9:17;61,04
5.10.2020 9:32;61,04
5.10.2020 9:47;61,55
5.10.2020 10:02;61,55
5.10.2020 10:17;61,55
5.10.2020 10:32;61,04
5.10.2020 10:47;61,04
5.10.2020 11:02;61,04
5.10.2020 11:17;61,04
5.10.2020 11:32;61,04
5.10.2020 11:47;61,04
5.10.2020 12:02;61,04
5.10.2020 12:17;61,04
5.10.2020 12:32;61,04
5.10.2020 12:47;61,04
5.10.2020 13:02;62,06
5.10.2020 13:17;61,55
5.10.2020 13:32;61,55
5.10.2020 13:47;61,55
5.10.2020 14:02;61,04
5.10.2020 14:17;61,04
5.10.2020 14:32;61,04
5.10.2020 14:47;61,04
5.10.2020 15:02;61,04
5.10.2020 15:17;61,04
5.10.2020 15:32;61,04
5.10.2020 15:47;61,04
5.10.2020 16:02;61,04
5.10.2020 16:17;61,04
5.10.2020 16:32;61,04
5.10.2020 16:47;61,04
5.10.2020 17:02;61,04
5.10.2020 17:17;61,04
5.10.2020 17:32;61,04
5.10.2020 17:47;61,04
5.10.2020 18:02;61,04
5.10.2020 18:17;61,04
5.10.2020 18:32;61,04
5.10.2020 18:47;61,04
5.10.2020 19:02;61,04
5.10.2020 19:17;61,04
5.10.2020 19:32;61,55
5.10.2020 19:47;61,55
5.10.2020 20:02;61,55
5.10.2020 20:17;61,55
5.10.2020 20:32;61,55
5.10.2020 20:47;61,04
5.10.2020 21:02;61,04
5.10.2020 21:17;61,04
5.10.2020 21:32;61,04
5.10.2020 21:47;61,04
5.10.2020 22:02;61,04
5.10.2020 22:17;61,04
5.10.2020 22:32;61,04
5.10.2020 22:47;61,04
5.10.2020 23:02;61,55
5.10.2020 23:17;61,55
5.10.2020 23:32;61,55
5.10.2020 23:47;61,55
6.10.2020 0:02;61,55
6.10.2020 0:17;61,55
6.10.2020 0:32;61,55
6.10.2020 0:47;61,55
6.10.2020 1:02;61,55
6.10.2020 1:17;61,55
6.10.2020 1:32;61,55
6.10.2020 1:47;61,55
6.10.2020 2:02;61,55
6.10.2020 2:17;61,55
6.10.2020 2:32;61,55
6.10.2020 2:47;61,55
6.10.2020 3:02;61,55
6.10.2020 3:17;61,55
6.10.2020 3:32;61,55
6.10.2020 3:47;61,55
6.10.2020 4:02;61,55
6.10.2020 4:17;61,55
6.10.2020 4:32;61,55
6.10.2020 4:47;62,06
6.10.2020 5:02;62,06
6.10.2020 5:17;62,06
6.10.2020 5:32;62,06
6.10.2020 5:47;62,06
6.10.2020 6:02;62,06
6.10.2020 6:17;62,06
6.10.2020 6:32;62,06
6.10.2020 6:47;62,06
6.10.2020 7:02;62,06
6.10.2020 7:17;62,06
6.10.2020 7:32;62,06
6.10.2020 7:47;62,06
6.10.2020 8:02;62,06
6.10.2020 8:17;62,06
6.10.2020 8:32;62,06
6.10.2020 8:47;62,06
6.10.2020 9:02;62,06
6.10.2020 9:17;62,06
6.10.2020 9:32;62,06
6.10.2020 9:47;62,06
6.10.2020 10:02;61,55
6.10.2020 10:17;61,55
6.10.2020 10:32;61,55
6.10.2020 10:47;61,55
6.10.2020 11:02;61,55
6.10.2020 11:17;61,55
6.10.2020 11:32;61,55
6.10.2020 11:47;61,04
6.10.2020 12:02;61,04
6.10.2020 12:17;61,04
6.10.2020 12:32;61,04
6.10.2020 12:47;61,04
6.10.2020 13:02;61,04
6.10.2020 13:17;61,04
6.10.2020 13:32;61,04
6.10.2020 13:47;61,04
6.10.2020 14:02;61,04
6.10.2020 14:17;61,04
6.10.2020 14:32;61,04
6.10.2020 14:47;61,04
6.10.2020 15:02;61,55
6.10.2020 15:17;61,55
6.10.2020 15:32;61,55
6.10.2020 15:47;61,55
6.10.2020 16:02;61,55
6.10.2020 16:17;61,55
6.10.2020 16:32;61,55
6.10.2020 16:47;61,55
6.10.2020 17:02;61,55
6.10.2020 17:17;61,55
6.10.2020 17:32;61,55
6.10.2020 17:47;61,55
6.10.2020 18:02;61,55
6.10.2020 18:17;61,55
6.10.2020 18:32;61,55
6.10.2020 18:47;61,55
6.10.2020 19:02;61,55
6.10.2020 19:17;61,55
6.10.2020 19:32;61,55
6.10.2020 19:47;61,55
6.10.2020 20:02;61,04
6.10.2020 20:17;61,04
6.10.2020 20:32;61,04
6.10.2020 20:47;61,55
6.10.2020 21:02;61,55
6.10.2020 21:17;61,55
6.10.2020 21:32;61,55
6.10.2020 21:47;61,55
6.10.2020 22:02;61,55
6.10.2020 22:17;61,55
6.10.2020 22:32;61,55
6.10.2020 22:47;61,55
6.10.2020 23:02;61,55
6.10.2020 23:17;61,55
6.10.2020 23:32;61,55
6.10.2020 23:47;61,55
7.10.2020 0:02;62,06
7.10.2020 0:17;62,06
7.10.2020 0:32;62,06
7.10.2020 0:47;62,06
7.10.2020 1:02;62,06
7.10.2020 1:17;62,06
7.10.2020 1:32;62,06
7.10.2020 1:47;62,06
7.10.2020 2:02;62,06
7.10.2020 2:17;62,06
7.10.2020 2:32;62,06
7.10.2020 2:47;62,06
7.10.2020 3:02;62,06
7.10.2020 3:17;62,06
7.10.2020 3:32;62,06
7.10.2020 3:47;62,06
7.10.2020 4:02;62,06
7.10.2020 4:17;62,06
7.10.2020 4:32;62,06
7.10.2020 4:47;62,06
7.10.2020 5:02;62,06
7.10.2020 5:17;62,06
7.10.2020 5:32;62,06
7.10.2020 5:47;62,06
7.10.2020 6:02;62,06
7.10.2020 6:17;62,06
7.10.2020 6:32;62,06
7.10.2020 6:47;62,06
7.10.2020 7:02;62,06
7.10.2020 7:17;62,06
7.10.2020 7:32;62,06
7.10.2020 7:47;62,06
7.10.2020 8:02;62,06
7.10.2020 8:17;62,06
7.10.2020 8:32;62,06
7.10.2020 8:47;62,06
7.10.2020 9:02;62,06
7.10.2020 9:17;62,06
7.10.2020 9:32;62,06
7.10.2020 9:47;62,06
7.10.2020 10:02;62,06
7.10.2020 10:17;62,06
7.10.2020 10:32;62,06
7.10.2020 10:47;62,06
7.10.2020 11:02;62,06
7.10.2020 11:17;62,06
7.10.2020 11:32;62,06
7.10.2020 11:47;62,06
7.10.2020 12:02;62,06
7.10.2020 12:17;62,06
7.10.2020 12:32;62,06
7.10.2020 12:47;62,06
7.10.2020 13:02;62,06
7.10.2020 13:17;62,06
7.10.2020 13:32;62,06
7.10.2020 13:47;62,06
7.10.2020 14:02;62,06
7.10.2020 14:17;62,06
7.10.2020 14:32;62,06
7.10.2020 14:47;62,06
7.10.2020 15:02;62,06
7.10.2020 15:17;62,06
7.10.2020 15:32;62,06
7.10.2020 15:47;62,06
7.10.2020 16:02;62,06
7.10.2020 16:17;62,06
7.10.2020 16:32;62,06
7.10.2020 16:47;62,06
7.10.2020 17:02;62,06
7.10.2020 17:17;62,06
7.10.2020 17:32;62,06
7.10.2020 17:47;62,06
7.10.2020 18:02;61,55
7.10.2020 18:17;61,55
7.10.2020 18:32;61,55
7.10.2020 18:47;61,55
7.10.2020 19:02;61,55
7.10.2020 19:17;61,55
7.10.2020 19:32;61,55
7.10.2020 19:47;61,55
7.10.2020 20:02;61,55
7.10.2020 20:17;61,55
7.10.2020 20:32;61,55
7.10.2020 20:47;61,55
7.10.2020 21:02;62,06
7.10.2020 21:17;62,06
7.10.2020 21:32;62,06
7.10.2020 21:47;62,06
7.10.2020 22:02;62,06
7.10.2020 22:17;62,06
7.10.2020 22:32;62,06
7.10.2020 22:47;61,55
7.10.2020 23:02;61,55
7.10.2020 23:17;61,55
7.10.2020 23:32;61,55
7.10.2020 23:47;61,55
8.10.2020 0:02;61,55
8.10.2020 0:17;61,55
8.10.2020 0:32;61,55
8.10.2020 0:47;61,55
8.10.2020 1:02;61,55
8.10.2020 1:17;61,55
8.10.2020 1:32;61,55
8.10.2020 1:47;61,55
8.10.2020 2:02;61,55
8.10.2020 2:17;61,55
8.10.2020 2:32;61,55
8.10.2020 2:47;61,55
8.10.2020 3:02;61,55
8.10.2020 3:17;61,55
8.10.2020 3:32;61,55
8.10.2020 3:47;61,55
8.10.2020 4:02;61,55
8.10.2020 4:17;61,55
8.10.2020 4:32;61,55
8.10.2020 4:47;61,55
8.10.2020 5:02;61,55
8.10.2020 5:17;61,55
8.10.2020 5:32;61,55
8.10.2020 5:47;61,55
8.10.2020 6:02;61,55
8.10.2020 6:17;61,55
8.10.2020 6:32;62,06
8.10.2020 6:47;62,06
8.10.2020 7:02;62,06
8.10.2020 7:17;62,06
8.10.2020 7:32;62,06
8.10.2020 7:47;63,59
8.10.2020 8:02;63,08
8.10.2020 8:17;63,08
8.10.2020 8:32;63,08
8.10.2020 8:47;63,08
8.10.2020 9:02;63,08
8.10.2020 9:17;63,08
8.10.2020 9:32;63,08
8.10.2020 9:47;62,57
8.10.2020 10:02;62,57
8.10.2020 10:17;62,57
8.10.2020 10:32;62,57
8.10.2020 10:47;62,57
8.10.2020 11:02;62,57
8.10.2020 11:17;62,57
8.10.2020 11:32;62,57
8.10.2020 11:47;62,57
8.10.2020 12:02;62,57
8.10.2020 12:17;62,57
8.10.2020 12:32;62,57
8.10.2020 12:47;62,57
8.10.2020 13:02;62,57
8.10.2020 13:17;62,57
8.10.2020 13:32;62,57
8.10.2020 13:47;62,57
8.10.2020 14:02;62,57
8.10.2020 14:17;62,57
8.10.2020 14:32;62,57
8.10.2020 14:47;62,57
8.10.2020 15:02;62,57
8.10.2020 15:17;62,57
8.10.2020 15:32;63,08
8.10.2020 15:47;63,08
8.10.2020 16:02;63,08
8.10.2020 16:17;63,08
8.10.2020 16:32;63,08
8.10.2020 16:47;62,57
8.10.2020 17:02;63,08
8.10.2020 17:17;63,08
8.10.2020 17:32;65,63
8.10.2020 17:47;63,59
8.10.2020 18:02;63,08
8.10.2020 18:17;63,08
8.10.2020 18:32;63,08
8.10.2020 18:47;63,08
8.10.2020 19:02;63,08
8.10.2020 19:17;63,08
8.10.2020 19:32;63,08
8.10.2020 19:47;63,08
8.10.2020 20:02;63,08
8.10.2020 20:17;63,08
8.10.2020 20:32;63,08
8.10.2020 20:47;63,08
8.10.2020 21:02;63,08
8.10.2020 21:17;63,08
8.10.2020 21:32;63,08
8.10.2020 21:47;63,08
8.10.2020 22:02;62,57
8.10.2020 22:17;63,08
8.10.2020 22:32;63,08
8.10.2020 22:47;63,08
8.10.2020 23:02;63,08
8.10.2020 23:17;63,08
8.10.2020 23:32;63,08
8.10.2020 23:47;63,08
9.10.2020 0:02;63,08
9.10.2020 0:17;63,08
9.10.2020 0:32;63,08
9.10.2020 0:47;63,08
9.10.2020 1:02;63,08
9.10.2020 1:17;63,08
9.10.2020 1:32;63,08
9.10.2020 1:47;63,08
9.10.2020 2:02;63,08
9.10.2020 2:17;63,08
9.10.2020 2:32;63,08
9.10.2020 2:47;63,08
9.10.2020 3:02;63,08
9.10.2020 3:17;63,08
9.10.2020 3:32;63,08
9.10.2020 3:47;63,08
9.10.2020 4:02;63,08
9.10.2020 4:17;63,08
9.10.2020 4:32;63,08
9.10.2020 4:47;63,08
9.10.2020 5:02;63,08
9.10.2020 5:17;63,08
9.10.2020 5:32;63,08
9.10.2020 5:47;63,08
9.10.2020 6:02;63,08
9.10.2020 6:17;62,57
9.10.2020 6:32;62,57
9.10.2020 6:47;62,57
9.10.2020 7:02;62,57
9.10.2020 7:17;62,57
9.10.2020 7:32;62,57
9.10.2020 7:47;62,57
9.10.2020 8:02;62,57
9.10.2020 8:17;62,57
9.10.2020 8:32;62,57
9.10.2020 8:47;62,57
9.10.2020 9:02;62,57
9.10.2020 9:17;62,57
9.10.2020 9:32;62,57
9.10.2020 9:47;62,57
9.10.2020 10:02;62,57
9.10.2020 10:17;62,57
9.10.2020 10:32;62,57
9.10.2020 10:47;63,08
9.10.2020 11:02;63,08
9.10.2020 11:17;63,08
9.10.2020 11:32;63,08
9.10.2020 11:47;63,08
9.10.2020 12:02;63,08
9.10.2020 12:17;63,08
9.10.2020 12:32;63,08
9.10.2020 12:47;63,08
9.10.2020 13:02;62,57
9.10.2020 13:17;62,57
9.10.2020 13:32;62,57
9.10.2020 13:47;62,57
9.10.2020 14:02;62,57
9.10.2020 14:17;62,57
9.10.2020 14:32;62,57
9.10.2020 14:47;62,57
9.10.2020 15:02;62,57
9.10.2020 15:17;62,57
9.10.2020 15:32;62,57
9.10.2020 15:47;62,57
9.10.2020 16:02;62,57
9.10.2020 16:17;62,57
9.10.2020 16:32;62,06
9.10.2020 16:47;62,06
9.10.2020 17:02;62,06
9.10.2020 17:17;62,06
9.10.2020 17:32;62,06
9.10.2020 17:47;62,06
9.10.2020 18:02;62,06
9.10.2020 18:17;62,06
9.10.2020 18:32;62,06
9.10.2020 18:47;62,06
9.10.2020 19:02;62,06
9.10.2020 19:17;62,06
9.10.2020 19:32;62,06
9.10.2020 19:47;62,06
9.10.2020 20:02;62,06
9.10.2020 20:17;62,06
9.10.2020 20:32;62,06
9.10.2020 20:47;62,57
9.10.2020 21:02;62,57
9.10.2020 21:17;62,57
9.10.2020 21:32;62,57
9.10.2020 21:47;62,57
9.10.2020 22:02;62,57
9.10.2020 22:17;62,57
9.10.2020 22:32;62,57
9.10.2020 22:47;62,57
9.10.2020 23:02;62,57
9.10.2020 23:17;62,57
9.10.2020 23:32;62,57
9.10.2020 23:47;62,57
10.10.2020 0:02;62,57
10.10.2020 0:17;62,57
10.10.2020 0:32;62,57
10.10.2020 0:47;62,57
10.10.2020 1:02;62,06
10.10.2020 1:17;62,06
10.10.2020 1:32;62,06
10.10.2020 1:47;62,06
10.10.2020 2:02;62,06
10.10.2020 2:17;62,06
10.10.2020 2:32;61,55
10.10.2020 2:47;61,55
10.10.2020 3:02;61,55
10.10.2020 3:17;61,04
10.10.2020 3:32;61,04
10.10.2020 3:47;61,04
10.10.2020 4:02;61,04
10.10.2020 4:17;61,04
10.10.2020 4:32;61,04
10.10.2020 4:47;61,04
10.10.2020 5:02;61,04
10.10.2020 5:17;61,04
10.10.2020 5:32;61,04
10.10.2020 5:47;61,04
10.10.2020 6:02;61,04
10.10.2020 6:17;61,04
10.10.2020 6:32;61,04
10.10.2020 6:47;61,04
10.10.2020 7:02;61,04
10.10.2020 7:17;61,04
10.10.2020 7:32;61,04
10.10.2020 7:47;61,04
10.10.2020 8:02;61,04
10.10.2020 8:17;61,04
10.10.2020 8:32;60,53
10.10.2020 8:47;60,53
10.10.2020 9:02;60,53
10.10.2020 9:17;60,53
10.10.2020 9:32;60,53
10.10.2020 9:47;60,53
10.10.2020 10:02;61,04
10.10.2020 10:17;61,04
10.10.2020 10:32;61,04
10.10.2020 10:47;61,04
10.10.2020 11:02;61,04
10.10.2020 11:17;61,04
10.10.2020 11:32;61,04
10.10.2020 11:47;61,04
10.10.2020 12:02;61,04
10.10.2020 12:17;61,04
10.10.2020 12:32;61,04
10.10.2020 12:47;60,53
10.10.2020 13:02;60,53
10.10.2020 13:17;60,53
10.10.2020 13:32;60,53
10.10.2020 13:47;60,53
10.10.2020 14:02;60,53
10.10.2020 14:17;60,53
10.10.2020 14:32;60,53
10.10.2020 14:47;60,53
10.10.2020 15:02;61,04
10.10.2020 15:17;61,04
10.10.2020 15:32;61,04
10.10.2020 15:47;61,04
10.10.2020 16:02;60,53
10.10.2020 16:17;60,53
10.10.2020 16:32;60,53
10.10.2020 16:47;60,53
10.10.2020 17:02;60,53
10.10.2020 17:17;61,04
10.10.2020 17:32;61,04
10.10.2020 17:47;61,04
10.10.2020 18:02;61,04
10.10.2020 18:17;61,04
10.10.2020 18:32;61,04
10.10.2020 18:47;61,04
10.10.2020 19:02;60,53
10.10.2020 19:17;60,53
10.10.2020 19:32;60,53
10.10.2020 19:47;60,53
10.10.2020 20:02;60,53
10.10.2020 20:17;60,53
10.10.2020 20:32;60,53
10.10.2020 20:47;60,53
10.10.2020 21:02;60,53
10.10.2020 21:17;60,53
10.10.2020 21:32;60,53
10.10.2020 21:47;60,53
10.10.2020 22:02;60,53
10.10.2020 22:17;60,53
10.10.2020 22:32;60,53
10.10.2020 22:47;60,03
10.10.2020 23:02;60,03
10.10.2020 23:17;60,03
10.10.2020 23:32;60,53
10.10.2020 23:47;60,53
11.10.2020 0:02;60,53
11.10.2020 0:17;60,53
11.10.2020 0:32;60,53
11.10.2020 0:47;60,53
11.10.2020 1:02;60,03
11.10.2020 1:17;60,03
11.10.2020 1:32;60,03
11.10.2020 1:47;60,03
11.10.2020 2:02;60,03
11.10.2020 2:17;60,03
11.10.2020 2:32;60,03
11.10.2020 2:47;60,03
11.10.2020 3:02;60,03
11.10.2020 3:17;60,03
11.10.2020 3:32;60,03
11.10.2020 3:47;60,03
11.10.2020 4:02;60,03
11.10.2020 4:17;60,03
11.10.2020 4:32;60,03
11.10.2020 4:47;60,03
11.10.2020 5:02;60,03
11.10.2020 5:17;60,03
11.10.2020 5:32;60,03
11.10.2020 5:47;60,03
11.10.2020 6:02;60,03
11.10.2020 6:17;60,03
11.10.2020 6:32;60,03
11.10.2020 6:47;60,03
11.10.2020 7:02;60,03
11.10.2020 7:17;60,03
11.10.2020 7:32;60,03
11.10.2020 7:47;60,03
11.10.2020 8:02;60,03
11.10.2020 8:17;60,03
11.10.2020 8:32;60,03
11.10.2020 8:47;60,03
11.10.2020 9:02;60,03
11.10.2020 9:17;60,03
11.10.2020 9:32;60,03
11.10.2020 9:47;59,53
11.10.2020 10:02;61,04
11.10.2020 10:17;63,08
11.10.2020 10:32;65,12
11.10.2020 10:47;66,14
11.10.2020 11:02;68,18
11.10.2020 11:17;67,67
11.10.2020 11:32;66,65
11.10.2020 11:47;66,14
11.10.2020 12:02;66,14
11.10.2020 12:17;65,63
11.10.2020 12:32;65,63
11.10.2020 12:47;65,12
11.10.2020 13:02;64,61
11.10.2020 13:17;64,61
11.10.2020 13:32;64,1
11.10.2020 13:47;64,1
11.10.2020 14:02;63,59
11.10.2020 14:17;63,59
11.10.2020 14:32;63,08
11.10.2020 14:47;63,08
11.10.2020 15:02;63,08
11.10.2020 15:17;63,59
11.10.2020 15:32;63,08
11.10.2020 15:47;63,08
11.10.2020 16:02;63,08
11.10.2020 16:17;63,08
11.10.2020 16:32;63,08
11.10.2020 16:47;63,08
11.10.2020 17:02;63,08
11.10.2020 17:17;63,08
11.10.2020 17:32;63,08
11.10.2020 17:47;62,57
11.10.2020 18:02;62,57
11.10.2020 18:17;62,57
11.10.2020 18:32;62,57
11.10.2020 18:47;62,57
11.10.2020 19:02;62,57
11.10.2020 19:17;62,57
11.10.2020 19:32;62,57
11.10.2020 19:47;62,57
11.10.2020 20:02;62,57
11.10.2020 20:17;62,57
11.10.2020 20:32;62,57
11.10.2020 20:47;62,06
11.10.2020 21:02;62,06
11.10.2020 21:17;62,06
11.10.2020 21:32;62,06
11.10.2020 21:47;62,06
11.10.2020 22:02;62,06
11.10.2020 22:17;62,06
11.10.2020 22:32;62,06
11.10.2020 22:47;62,06
11.10.2020 23:02;61,55
11.10.2020 23:17;61,55
11.10.2020 23:32;61,55
11.10.2020 23:47;61,55
12.10.2020 0:02;61,55
12.10.2020 0:17;61,04
12.10.2020 0:32;61,04
12.10.2020 0:47;61,04
12.10.2020 1:02;61,04
12.10.2020 1:17;61,04
12.10.2020 1:32;61,04
12.10.2020 1:47;61,55
12.10.2020 2:02;61,55
12.10.2020 2:17;61,55
12.10.2020 2:32;61,55
12.10.2020 2:47;61,55
12.10.2020 3:02;61,55
12.10.2020 3:17;61,55
12.10.2020 3:32;61,04
12.10.2020 3:47;61,04
12.10.2020 4:02;61,04
12.10.2020 4:17;61,04
12.10.2020 4:32;61,04
12.10.2020 4:47;61,04
12.10.2020 5:02;61,04
12.10.2020 5:17;61,04
12.10.2020 5:32;61,04
12.10.2020 5:47;61,04
12.10.2020 6:02;60,53
12.10.2020 6:17;60,53
12.10.2020 6:32;60,53
12.10.2020 6:47;60,53
12.10.2020 7:02;60,53
12.10.2020 7:17;60,53
12.10.2020 7:32;60,53
12.10.2020 7:47;60,53
12.10.2020 8:02;60,53
12.10.2020 8:17;60,53
12.10.2020 8:32;61,04
12.10.2020 8:47;61,04
12.10.2020 9:02;61,04
12.10.2020 9:17;61,04
12.10.2020 9:32;61,04
12.10.2020 9:47;61,04
12.10.2020 10:02;61,04
12.10.2020 10:17;61,04
12.10.2020 10:32;61,04
12.10.2020 10:47;60,53
12.10.2020 11:02;60,53
12.10.2020 11:17;60,53
12.10.2020 11:32;60,53
12.10.2020 11:47;60,53
12.10.2020 12:02;60,53
12.10.2020 12:17;60,53
12.10.2020 12:32;60,53
12.10.2020 12:47;61,04
12.10.2020 13:02;61,04
12.10.2020 13:17;61,04
12.10.2020 13:32;61,04
12.10.2020 13:47;60,53
12.10.2020 14:02;60,53
12.10.2020 14:17;60,53
12.10.2020 14:32;60,53
12.10.2020 14:47;60,53
12.10.2020 15:02;60,53
12.10.2020 15:17;60,53
12.10.2020 15:32;60,53
12.10.2020 15:47;60,53
12.10.2020 16:02;61,04
12.10.2020 16:17;61,04
12.10.2020 16:32;61,04
12.10.2020 16:47;61,04
12.10.2020 17:02;61,04
12.10.2020 17:17;61,04
12.10.2020 17:32;60,53
12.10.2020 17:47;60,53
12.10.2020 18:02;60,53
12.10.2020 18:17;60,53
12.10.2020 18:32;60,53
12.10.2020 18:47;60,53
12.10.2020 19:02;60,53
12.10.2020 19:17;60,53
12.10.2020 19:32;60,53
12.10.2020 19:47;60,53
12.10.2020 20:02;60,53
12.10.2020 20:17;60,53
12.10.2020 20:32;60,03
12.10.2020 20:47;60,03
12.10.2020 21:02;60,03
12.10.2020 21:17;60,03
12.10.2020 21:32;60,03
12.10.2020 21:47;60,03
12.10.2020 22:02;60,03
12.10.2020 22:17;60,03
12.10.2020 22:32;60,03
12.10.2020 22:47;60,03
12.10.2020 23:02;60,03
12.10.2020 23:17;60,03
12.10.2020 23:32;60,03
12.10.2020 23:47;60,03
13.10.2020 0:02;60,03
13.10.2020 0:17;60,03
13.10.2020 0:32;60,03
13.10.2020 0:47;60,03
13.10.2020 1:02;60,03
13.10.2020 1:17;60,03
13.10.2020 1:32;59,53
13.10.2020 1:47;59,53
13.10.2020 2:02;59,53
13.10.2020 2:17;59,53
13.10.2020 2:32;59,53
13.10.2020 2:47;59,53
13.10.2020 3:02;59,53
13.10.2020 3:17;59,53
13.10.2020 3:32;59,53
13.10.2020 3:47;59,53
13.10.2020 4:02;59,53
13.10.2020 4:17;59,53
13.10.2020 4:32;59,53
13.10.2020 4:47;59,53
13.10.2020 5:02;59,53
13.10.2020 5:17;59,53
13.10.2020 5:32;59,53
13.10.2020 5:47;59,53
13.10.2020 6:02;59,53
13.10.2020 6:17;59,53
13.10.2020 6:32;59,53
13.10.2020 6:47;59,53
13.10.2020 7:02;59,53
13.10.2020 7:17;59,53
13.10.2020 7:32;59,53
13.10.2020 7:47;59,53
13.10.2020 8:02;59,53
13.10.2020 8:17;59,53
13.10.2020 8:32;59,53
13.10.2020 8:47;59,53
13.10.2020 9:02;59,53
13.10.2020 9:17;59,53
13.10.2020 9:32;59,53
13.10.2020 9:47;59,53
13.10.2020 10:02;59,53
13.10.2020 10:17;59,53
13.10.2020 10:32;59,04
13.10.2020 10:47;58,04
13.10.2020 11:02;58,54
13.10.2020 11:17;58,54
13.10.2020 11:32;58,54
13.10.2020 11:47;58,54
13.10.2020 12:02;58,54
13.10.2020 12:17;58,54
13.10.2020 12:32;58,54
13.10.2020 12:47;58,54
13.10.2020 13:02;58,54
13.10.2020 13:17;58,54
13.10.2020 13:32;58,54
13.10.2020 13:47;58,54
13.10.2020 14:02;58,54
13.10.2020 14:17;58,54
13.10.2020 14:32;58,54
13.10.2020 14:47;58,54
13.10.2020 15:02;58,54
13.10.2020 15:17;58,54
13.10.2020 15:32;58,54
13.10.2020 15:47;58,04
13.10.2020 16:02;58,54
13.10.2020 16:17;58,54
13.10.2020 16:32;58,54
13.10.2020 16:47;58,54
13.10.2020 17:02;58,54
13.10.2020 17:17;58,54
13.10.2020 17:32;58,54
13.10.2020 17:47;58,54
13.10.2020 18:02;58,54
13.10.2020 18:17;58,54
13.10.2020 18:32;58,04
13.10.2020 18:47;58,04
13.10.2020 19:02;58,04
13.10.2020 19:17;58,04
13.10.2020 19:32;58,04
13.10.2020 19:47;58,04
13.10.2020 20:02;58,04
13.10.2020 20:17;58,04
13.10.2020 20:32;58,04
13.10.2020 20:47;58,04
13.10.2020 21:02;58,04
13.10.2020 21:17;58,04
13.10.2020 21:32;58,04
13.10.2020 21:47;58,04
13.10.2020 22:02;58,04
13.10.2020 22:17;58,04
13.10.2020 22:32;58,04
13.10.2020 22:47;58,04
13.10.2020 23:02;58,04
13.10.2020 23:17;57,54
13.10.2020 23:32;57,54
13.10.2020 23:47;57,54
14.10.2020 0:02;57,54
14.10.2020 0:17;57,54
14.10.2020 0:32;57,54
14.10.2020 0:47;57,54
14.10.2020 1:02;57,54
14.10.2020 1:17;57,54
14.10.2020 1:32;57,54
14.10.2020 1:47;57,54
14.10.2020 2:02;57,05
14.10.2020 2:17;57,05
14.10.2020 2:32;57,05
14.10.2020 2:47;57,05
14.10.2020 3:02;57,05
14.10.2020 3:17;57,05
14.10.2020 3:32;57,05
14.10.2020 3:47;57,05
14.10.2020 4:02;57,05
14.10.2020 4:17;56,55
14.10.2020 4:32;56,55
14.10.2020 4:47;56,05
14.10.2020 5:02;56,05
14.10.2020 5:17;56,05
14.10.2020 5:32;56,05
14.10.2020 5:47;56,05
14.10.2020 6:02;56,05
14.10.2020 6:17;56,05
14.10.2020 6:32;56,05
14.10.2020 6:47;56,05
14.10.2020 7:02;56,05
14.10.2020 7:17;56,05
14.10.2020 7:32;56,05
14.10.2020 7:47;56,55
14.10.2020 8:02;56,55
14.10.2020 8:17;57,05
14.10.2020 8:32;57,05
14.10.2020 8:47;57,05
14.10.2020 9:02;57,05
14.10.2020 9:17;57,54
14.10.2020 9:32;57,54
14.10.2020 9:47;57,54
14.10.2020 10:02;57,54
14.10.2020 10:17;57,54
14.10.2020 10:32;57,54
14.10.2020 10:47;57,54
14.10.2020 11:02;57,54
14.10.2020 11:17;57,54
14.10.2020 11:32;57,54
14.10.2020 11:47;57,54
14.10.2020 12:02;57,54
14.10.2020 12:17;57,54
14.10.2020 12:32;57,54
14.10.2020 12:47;57,54
14.10.2020 13:02;57,54
14.10.2020 13:17;57,54
14.10.2020 13:32;57,54
14.10.2020 13:47;57,54
14.10.2020 14:02;57,54
14.10.2020 14:17;57,54
14.10.2020 14:32;57,54
14.10.2020 14:47;57,54
14.10.2020 15:02;57,54
14.10.2020 15:17;57,54
14.10.2020 15:32;58,04
14.10.2020 15:47;58,04
14.10.2020 16:02;58,04
14.10.2020 16:17;58,04
14.10.2020 16:32;58,04
14.10.2020 16:47;58,04
14.10.2020 17:02;58,04
14.10.2020 17:17;58,04
14.10.2020 17:32;58,04
14.10.2020 17:47;58,04
14.10.2020 18:02;58,04
14.10.2020 18:17;58,04
14.10.2020 18:32;58,04
14.10.2020 18:47;58,04
14.10.2020 19:02;58,04
14.10.2020 19:17;58,04
14.10.2020 19:32;58,04
14.10.2020 19:47;58,04
14.10.2020 20:02;58,04
14.10.2020 20:17;58,04
14.10.2020 20:32;58,04
14.10.2020 20:47;58,04
14.10.2020 21:02;58,04
14.10.2020 21:17;58,04
14.10.2020 21:32;58,04
14.10.2020 21:47;58,04
14.10.2020 22:02;58,04
14.10.2020 22:17;58,04
14.10.2020 22:32;58,04
14.10.2020 22:47;58,04
14.10.2020 23:02;58,04
14.10.2020 23:17;58,04
14.10.2020 23:32;58,04
14.10.2020 23:47;58,04
15.10.2020 0:02;58,04
15.10.2020 0:17;58,04
15.10.2020 0:32;58,04
15.10.2020 0:47;58,04
15.10.2020 1:02;58,04
15.10.2020 1:17;58,04
15.10.2020 1:32;57,54
15.10.2020 1:47;57,54
15.10.2020 2:02;57,54
15.10.2020 2:17;57,54
15.10.2020 2:32;57,54
15.10.2020 2:47;57,54
15.10.2020 3:02;57,54
15.10.2020 3:17;57,54
15.10.2020 3:32;57,54
15.10.2020 3:47;57,54
15.10.2020 4:02;57,05
15.10.2020 4:17;57,05
15.10.2020 4:32;57,05
15.10.2020 4:47;57,05
15.10.2020 5:02;56,55
15.10.2020 5:17;56,05
15.10.2020 5:32;56,05
15.10.2020 5:47;55,56
15.10.2020 6:02;55,56
15.10.2020 6:17;55,06
15.10.2020 6:32;54,56
15.10.2020 6:47;54,06
15.10.2020 7:02;53,57
15.10.2020 7:17;53,57
15.10.2020 7:32;53,07
15.10.2020 7:47;53,07
15.10.2020 8:02;52,57
15.10.2020 8:17;52,08
15.10.2020 8:32;52,08
15.10.2020 8:47;52,57
15.10.2020 9:02;52,08
15.10.2020 9:17;52,08
15.10.2020 9:32;51,58
15.10.2020 9:47;51,08
15.10.2020 10:02;51,58
15.10.2020 10:17;51,08
15.10.2020 10:32;51,08
15.10.2020 10:47;51,08
15.10.2020 11:02;50,58
15.10.2020 11:17;50,58
15.10.2020 11:32;50,58
15.10.2020 11:47;50,58
15.10.2020 12:02;50,09
15.10.2020 12:17;50,09
15.10.2020 12:32;50,09
15.10.2020 12:47;50,09
15.10.2020 13:02;50,09
15.10.2020 13:17;50,09
15.10.2020 13:32;50,09
15.10.2020 13:47;50,58
15.10.2020 14:02;51,08
15.10.2020 14:17;51,08
15.10.2020 14:32;51,58
15.10.2020 14:47;51,58
15.10.2020 15:02;51,58
15.10.2020 15:17;51,58
15.10.2020 15:32;52,08
15.10.2020 15:47;52,08
15.10.2020 16:02;52,08
15.10.2020 16:17;52,08
15.10.2020 16:32;52,08
15.10.2020 16:47;52,08
15.10.2020 17:02;51,58
15.10.2020 17:17;52,08
15.10.2020 17:32;51,58
15.10.2020 17:47;51,08
15.10.2020 18:02;51,58
15.10.2020 18:17;51,08
15.10.2020 18:32;51,08
15.10.2020 18:47;51,58
15.10.2020 19:02;51,08
15.10.2020 19:17;51,58
15.10.2020 19:32;52,08
15.10.2020 19:47;52,08
15.10.2020 20:02;52,08
15.10.2020 20:17;51,58
15.10.2020 20:32;51,58
15.10.2020 20:47;51,58
15.10.2020 21:02;51,08
15.10.2020 21:17;51,58
15.10.2020 21:32;51,08
15.10.2020 21:47;50,58
15.10.2020 22:02;50,58
15.10.2020 22:17;50,58
15.10.2020 22:32;50,09
15.10.2020 22:47;50,09
15.10.2020 23:02;50,58
15.10.2020 23:17;50,58
15.10.2020 23:32;50,58
15.10.2020 23:47;50,58
16.10.2020 0:02;50,58
16.10.2020 0:17;50,58
16.10.2020 0:32;51,08
16.10.2020 0:47;51,08
16.10.2020 1:02;51,08
16.10.2020 1:17;51,58
16.10.2020 1:32;51,58
16.10.2020 1:47;51,58
16.10.2020 2:02;51,58
16.10.2020 2:17;51,58
16.10.2020 2:32;51,08
16.10.2020 2:47;51,08
16.10.2020 3:02;50,58
16.10.2020 3:17;50,58
16.10.2020 3:32;50,58
16.10.2020 3:47;50,09
16.10.2020 4:02;50,09
16.10.2020 4:17;49,59
16.10.2020 4:32;49,59
16.10.2020 4:47;49,59
16.10.2020 5:02;50,09
16.10.2020 5:17;50,09
16.10.2020 5:32;50,09
16.10.2020 5:47;50,58
16.10.2020 6:02;50,58
16.10.2020 6:17;50,58
16.10.2020 6:32;50,58
16.10.2020 6:47;50,58
16.10.2020 7:02;50,58
16.10.2020 7:17;50,58
16.10.2020 7:32;50,58
16.10.2020 7:47;50,58
16.10.2020 8:02;50,58
16.10.2020 8:17;50,58
16.10.2020 8:32;50,09
16.10.2020 8:47;50,09
16.10.2020 9:02;49,59
16.10.2020 9:17;49,59
16.10.2020 9:32;49,09
16.10.2020 9:47;49,09
16.10.2020 10:02;49,09
16.10.2020 10:17;49,09
16.10.2020 10:32;49,09
16.10.2020 10:47;49,09
16.10.2020 11:02;49,09
16.10.2020 11:17;49,59
16.10.2020 11:32;49,09
16.10.2020 11:47;49,09
16.10.2020 12:02;49,59
16.10.2020 12:17;49,09
16.10.2020 12:32;49,09
16.10.2020 12:47;49,09
16.10.2020 13:02;49,59
16.10.2020 13:17;49,59
16.10.2020 13:32;49,09
16.10.2020 13:47;49,59
16.10.2020 14:02;49,09
16.10.2020 14:17;49,09
16.10.2020 14:32;49,59
16.10.2020 14:47;49,09
16.10.2020 15:02;49,09
16.10.2020 15:17;49,09
16.10.2020 15:32;49,09
16.10.2020 15:47;49,09
16.10.2020 16:02;49,59
16.10.2020 16:17;50,09
16.10.2020 16:32;50,09
16.10.2020 16:47;50,09
16.10.2020 17:02;50,09
16.10.2020 17:17;50,09
16.10.2020 17:32;50,58
16.10.2020 17:47;50,58
16.10.2020 18:02;50,58
16.10.2020 18:17;50,58
16.10.2020 18:32;50,58
16.10.2020 18:47;50,58
16.10.2020 19:02;50,58
16.10.2020 19:17;50,58
16.10.2020 19:32;50,58
16.10.2020 19:47;50,58
16.10.2020 20:02;50,58
16.10.2020 20:17;50,58
16.10.2020 20:32;50,58
16.10.2020 20:47;50,58
16.10.2020 21:02;50,58
16.10.2020 21:17;50,58
16.10.2020 21:32;50,58
16.10.2020 21:47;50,58
16.10.2020 22:02;50,58
16.10.2020 22:17;50,58
16.10.2020 22:32;50,58
16.10.2020 22:47;50,58
16.10.2020 23:02;50,09
16.10.2020 23:17;50,09
16.10.2020 23:32;50,09
16.10.2020 23:47;50,09
17.10.2020 0:02;50,09
17.10.2020 0:17;49,59
17.10.2020 0:32;49,59
17.10.2020 0:47;49,59
17.10.2020 1:02;49,59
17.10.2020 1:17;49,59
17.10.2020 1:32;49,59
17.10.2020 1:47;49,59
17.10.2020 2:02;49,59
17.10.2020 2:17;49,59
17.10.2020 2:32;49,59
17.10.2020 2:47;49,59
17.10.2020 3:02;49,59
17.10.2020 3:17;49,59
17.10.2020 3:32;49,59
17.10.2020 3:47;49,59
17.10.2020 4:02;49,09
17.10.2020 4:17;49,09
17.10.2020 4:32;49,09
17.10.2020 4:47;49,09
17.10.2020 5:02;49,09
17.10.2020 5:17;49,59
17.10.2020 5:32;49,09
17.10.2020 5:47;49,09
17.10.2020 6:02;49,09
17.10.2020 6:17;49,09
17.10.2020 6:32;49,09
17.10.2020 6:47;49,09
17.10.2020 7:02;49,09
17.10.2020 7:17;49,09
17.10.2020 7:32;49,09
17.10.2020 7:47;49,09
17.10.2020 8:02;49,09
17.10.2020 8:17;49,09
17.10.2020 8:32;49,09
17.10.2020 8:47;49,09
17.10.2020 9:02;49,09
17.10.2020 9:17;49,09
17.10.2020 9:32;49,59
17.10.2020 9:47;49,09
17.10.2020 10:02;49,09
17.10.2020 10:17;49,09
17.10.2020 10:32;49,09
17.10.2020 10:47;49,09
17.10.2020 11:02;49,09
17.10.2020 11:17;49,59
17.10.2020 11:32;49,59
17.10.2020 11:47;49,59
17.10.2020 12:02;49,59
17.10.2020 12:17;50,09
17.10.2020 12:32;50,09
17.10.2020 12:47;50,09
17.10.2020 13:02;50,09
17.10.2020 13:17;50,09
17.10.2020 13:32;50,58
17.10.2020 13:47;50,58
17.10.2020 14:02;50,58
17.10.2020 14:17;50,58
17.10.2020 14:32;50,58
17.10.2020 14:47;50,58
17.10.2020 15:02;50,58
17.10.2020 15:17;50,58
17.10.2020 15:32;50,58
17.10.2020 15:47;50,58
17.10.2020 16:02;50,58
17.10.2020 16:17;50,58
17.10.2020 16:32;50,58
17.10.2020 16:47;50,58
17.10.2020 17:02;50,58
17.10.2020 17:17;50,58
17.10.2020 17:32;51,08
17.10.2020 17:47;51,08
17.10.2020 18:02;51,08
17.10.2020 18:17;51,08
17.10.2020 18:32;51,08
17.10.2020 18:47;51,08
17.10.2020 19:02;51,58
17.10.2020 19:17;51,58
17.10.2020 19:32;51,58
17.10.2020 19:47;51,58
17.10.2020 20:02;51,58
17.10.2020 20:17;51,58
17.10.2020 20:32;51,58
17.10.2020 20:47;51,58
17.10.2020 21:02;51,58
17.10.2020 21:17;51,58
17.10.2020 21:32;51,58
17.10.2020 21:47;51,58
17.10.2020 22:02;51,58
17.10.2020 22:17;51,08
17.10.2020 22:32;51,58
17.10.2020 22:47;51,58
17.10.2020 23:02;51,58
17.10.2020 23:17;52,08
17.10.2020 23:32;52,08
17.10.2020 23:47;52,08
18.10.2020 0:02;52,08
18.10.2020 0:17;52,08
18.10.2020 0:32;52,08
18.10.2020 0:47;52,08
18.10.2020 1:02;52,08
18.10.2020 1:17;52,08
18.10.2020 1:32;52,57
18.10.2020 1:47;52,57
18.10.2020 2:02;52,57
18.10.2020 2:17;52,57
18.10.2020 2:32;52,57
18.10.2020 2:47;52,57
18.10.2020 3:02;52,57
18.10.2020 3:17;52,57
18.10.2020 3:32;52,57
18.10.2020 3:47;52,57
18.10.2020 4:02;52,57
18.10.2020 4:17;53,07
18.10.2020 4:32;53,07
18.10.2020 4:47;53,07
18.10.2020 5:02;53,07
18.10.2020 5:17;53,07
18.10.2020 5:32;53,07
18.10.2020 5:47;53,07
18.10.2020 6:02;53,07
18.10.2020 6:17;53,07
18.10.2020 6:32;53,07
18.10.2020 6:47;53,07
18.10.2020 7:02;53,07
18.10.2020 7:17;53,07
18.10.2020 7:32;53,07
18.10.2020 7:47;53,07
18.10.2020 8:02;53,07
18.10.2020 8:17;53,07
18.10.2020 8:32;53,07
18.10.2020 8:47;53,07
18.10.2020 9:02;53,07
18.10.2020 9:17;52,57
18.10.2020 9:32;52,57
18.10.2020 9:47;52,57
18.10.2020 10:02;52,57
18.10.2020 10:17;52,57
18.10.2020 10:32;52,57
18.10.2020 10:47;52,57
18.10.2020 11:02;52,08
18.10.2020 11:17;52,08
18.10.2020 11:32;52,08
18.10.2020 11:47;52,08
18.10.2020 12:02;52,08
18.10.2020 12:17;51,58
18.10.2020 12:32;51,58
18.10.2020 12:47;51,58
18.10.2020 13:02;51,58
18.10.2020 13:17;52,08
18.10.2020 13:32;52,08
18.10.2020 13:47;52,08
18.10.2020 14:02;52,08
18.10.2020 14:17;52,08
18.10.2020 14:32;52,08
18.10.2020 14:47;52,08
18.10.2020 15:02;52,08
18.10.2020 15:17;52,08
18.10.2020 15:32;52,08
18.10.2020 15:47;51,58
18.10.2020 16:02;51,58
18.10.2020 16:17;52,08
18.10.2020 16:32;52,08
18.10.2020 16:47;52,08
18.10.2020 17:02;52,08
18.10.2020 17:17;52,08
18.10.2020 17:32;52,08
18.10.2020 17:47;52,08
18.10.2020 18:02;51,58
18.10.2020 18:17;51,58
18.10.2020 18:32;51,58
18.10.2020 18:47;51,58
18.10.2020 19:02;51,58
18.10.2020 19:17;51,58
18.10.2020 19:32;51,58
18.10.2020 19:47;51,58
18.10.2020 20:02;51,08
18.10.2020 20:17;51,08
18.10.2020 20:32;51,08
18.10.2020 20:47;51,08
18.10.2020 21:02;51,58
18.10.2020 21:17;51,58
18.10.2020 21:32;51,58
18.10.2020 21:47;51,08
18.10.2020 22:02;51,08
18.10.2020 22:17;51,08
18.10.2020 22:32;51,08
18.10.2020 22:47;51,08
18.10.2020 23:02;50,58
18.10.2020 23:17;50,58
18.10.2020 23:32;50,58
18.10.2020 23:47;50,58
19.10.2020 0:02;50,58
19.10.2020 0:17;50,58
19.10.2020 0:32;50,58
19.10.2020 0:47;50,58
19.10.2020 1:02;50,58
19.10.2020 1:17;50,58
19.10.2020 1:32;50,58
19.10.2020 1:47;50,58
19.10.2020 2:02;50,58
19.10.2020 2:17;50,58
19.10.2020 2:32;50,58
19.10.2020 2:47;50,58
19.10.2020 3:02;50,58
19.10.2020 3:17;50,58
19.10.2020 3:32;50,58
19.10.2020 3:47;50,58
19.10.2020 4:02;50,09
19.10.2020 4:17;50,09
19.10.2020 4:32;50,09
19.10.2020 4:47;50,09
19.10.2020 5:02;50,09
19.10.2020 5:17;50,09
19.10.2020 5:32;50,09
19.10.2020 5:47;50,09
19.10.2020 6:02;50,09
19.10.2020 6:17;50,09
19.10.2020 6:32;50,09
19.10.2020 6:47;50,09
19.10.2020 7:02;50,09
19.10.2020 7:17;49,59
19.10.2020 7:32;49,59
19.10.2020 7:47;49,59
19.10.2020 8:02;49,59
19.10.2020 8:17;49,09
19.10.2020 8:32;49,09
19.10.2020 8:47;49,09
19.10.2020 9:02;49,59
19.10.2020 9:17;49,09
19.10.2020 9:32;49,09
19.10.2020 9:47;49,09
19.10.2020 10:02;49,09
19.10.2020 10:17;49,09
19.10.2020 10:32;49,09
19.10.2020 10:47;49,09
19.10.2020 11:02;49,59
19.10.2020 11:17;49,09
19.10.2020 11:32;49,09
19.10.2020 11:47;49,09
19.10.2020 12:02;49,09
19.10.2020 12:17;49,09
19.10.2020 12:32;49,09
19.10.2020 12:47;49,09
19.10.2020 13:02;49,09
19.10.2020 13:17;49,09
19.10.2020 13:32;49,09
19.10.2020 13:47;49,09
19.10.2020 14:02;49,09
19.10.2020 14:17;49,09
19.10.2020 14:32;49,09
19.10.2020 14:47;49,09
19.10.2020 15:02;49,09
19.10.2020 15:17;49,09
19.10.2020 15:32;49,09
19.10.2020 15:47;49,09
19.10.2020 16:02;49,09
19.10.2020 16:17;49,09
19.10.2020 16:32;49,09
19.10.2020 16:47;49,09
19.10.2020 17:02;49,09
19.10.2020 17:17;49,09
19.10.2020 17:32;49,09
19.10.2020 17:47;49,09
19.10.2020 18:02;49,09
19.10.2020 18:17;49,59
19.10.2020 18:32;49,59
19.10.2020 18:47;49,09
19.10.2020 19:02;49,59
19.10.2020 19:17;49,09
19.10.2020 19:32;49,09
19.10.2020 19:47;49,09
19.10.2020 20:02;49,09
19.10.2020 20:17;49,09
19.10.2020 20:32;49,09
19.10.2020 20:47;49,59
19.10.2020 21:02;49,59
19.10.2020 21:17;49,59
19.10.2020 21:32;49,09
19.10.2020 21:47;49,59
19.10.2020 22:02;49,09
19.10.2020 22:17;49,09
19.10.2020 22:32;49,09
19.10.2020 22:47;49,09
19.10.2020 23:02;49,09
19.10.2020 23:17;49,09
19.10.2020 23:32;49,09
19.10.2020 23:47;48,6
20.10.2020 0:02;48,6
20.10.2020 0:17;48,6
20.10.2020 0:32;48,6
20.10.2020 0:47;48,6
20.10.2020 1:02;48,6
20.10.2020 1:17;48,6
20.10.2020 1:32;48,6
20.10.2020 1:47;49,09
20.10.2020 2:02;49,09
20.10.2020 2:17;49,09
20.10.2020 2:32;49,09
20.10.2020 2:47;48,6
20.10.2020 3:02;48,6
20.10.2020 3:17;48,1
20.10.2020 3:32;48,1
20.10.2020 3:47;48,1
20.10.2020 4:02;48,1
20.10.2020 4:17;47,6
20.10.2020 4:32;47,6
20.10.2020 4:47;47,6
20.10.2020 5:02;47,12
20.10.2020 5:17;47,6
20.10.2020 5:32;47,12
20.10.2020 5:47;47,12
20.10.2020 6:02;46,63
20.10.2020 6:17;47,12
20.10.2020 6:32;47,12
20.10.2020 6:47;47,12
20.10.2020 7:02;46,63
20.10.2020 7:17;46,63
20.10.2020 7:32;46,63
20.10.2020 7:47;47,12
20.10.2020 8:02;46,63
20.10.2020 8:17;46,63
20.10.2020 8:32;46,63
20.10.2020 8:47;47,12
20.10.2020 9:02;47,12
20.10.2020 9:17;46,63
20.10.2020 9:32;46,63
20.10.2020 9:47;46,63
20.10.2020 10:02;47,12
20.10.2020 10:17;47,12
20.10.2020 10:32;46,63
20.10.2020 10:47;47,12
20.10.2020 11:02;47,12
20.10.2020 11:17;47,12
20.10.2020 11:32;46,63
20.10.2020 11:47;47,12
20.10.2020 12:02;46,63
20.10.2020 12:17;46,63
20.10.2020 12:32;47,12
20.10.2020 12:47;47,12
20.10.2020 13:02;47,12
20.10.2020 13:17;47,12
20.10.2020 13:32;47,12
20.10.2020 13:47;47,12
20.10.2020 14:02;46,63
20.10.2020 14:17;46,63
20.10.2020 14:32;46,63
20.10.2020 14:47;46,63
20.10.2020 15:02;46,63
20.10.2020 15:17;46,63
20.10.2020 15:32;46,63
20.10.2020 15:47;46,63
20.10.2020 16:02;46,63
20.10.2020 16:17;46,63
20.10.2020 16:32;46,63
20.10.2020 16:47;46,63
20.10.2020 17:02;46,63
20.10.2020 17:17;46,63
20.10.2020 17:32;47,12
20.10.2020 17:47;46,63
20.10.2020 18:02;46,63
20.10.2020 18:17;46,63
20.10.2020 18:32;46,63
20.10.2020 18:47;46,63
20.10.2020 19:02;46,63
20.10.2020 19:17;47,12
20.10.2020 19:32;47,12
20.10.2020 19:47;47,12
20.10.2020 20:02;47,12
20.10.2020 20:17;47,12
20.10.2020 20:32;47,12
20.10.2020 20:47;47,12
20.10.2020 21:02;47,12
20.10.2020 21:17;46,63
20.10.2020 21:32;46,63
20.10.2020 21:47;46,63
20.10.2020 22:02;46,63
20.10.2020 22:17;47,12
20.10.2020 22:32;47,12
20.10.2020 22:47;47,12
20.10.2020 23:02;47,12
20.10.2020 23:17;46,63
20.10.2020 23:32;46,63
20.10.2020 23:47;46,63
21.10.2020 0:02;46,63
21.10.2020 0:17;46,63
21.10.2020 0:32;46,63
21.10.2020 0:47;46,63
21.10.2020 1:02;46,63
21.10.2020 1:17;46,63
21.10.2020 1:32;46,63
21.10.2020 1:47;46,63
21.10.2020 2:02;46,63
21.10.2020 2:17;46,15
21.10.2020 2:32;46,15
21.10.2020 2:47;46,15
21.10.2020 3:02;46,15
21.10.2020 3:17;46,15
21.10.2020 3:32;46,15
21.10.2020 3:47;46,15
21.10.2020 4:02;46,15
21.10.2020 4:17;46,15
21.10.2020 4:32;46,15
21.10.2020 4:47;46,15
21.10.2020 5:02;46,15
21.10.2020 5:17;46,15
21.10.2020 5:32;46,15
21.10.2020 5:47;46,15
21.10.2020 6:02;46,15
21.10.2020 6:17;46,15
21.10.2020 6:32;46,15
21.10.2020 6:47;46,15
21.10.2020 7:02;46,15
21.10.2020 7:17;46,15
21.10.2020 7:32;46,15
21.10.2020 7:47;46,15
21.10.2020 8:02;46,15
21.10.2020 8:17;46,15
21.10.2020 8:32;46,15
21.10.2020 8:47;46,15
21.10.2020 9:02;46,15
21.10.2020 9:17;46,63
21.10.2020 9:32;46,63
21.10.2020 9:47;46,63
21.10.2020 10:02;46,63
21.10.2020 10:17;46,63
21.10.2020 10:32;46,63
21.10.2020 10:47;46,63
21.10.2020 11:02;46,63
21.10.2020 11:17;46,63
21.10.2020 11:32;46,63
21.10.2020 11:47;46,63
21.10.2020 12:02;46,63
21.10.2020 12:17;47,12
21.10.2020 12:32;47,12
21.10.2020 12:47;47,12
21.10.2020 13:02;47,12
21.10.2020 13:17;46,63
21.10.2020 13:32;46,63
21.10.2020 13:47;47,12
21.10.2020 14:02;47,12
21.10.2020 14:17;47,12
21.10.2020 14:32;47,6
21.10.2020 14:47;47,6
21.10.2020 15:02;47,6
21.10.2020 15:17;47,6
21.10.2020 15:32;47,6
21.10.2020 15:47;47,6
21.10.2020 16:02;47,6
21.10.2020 16:17;47,6
21.10.2020 16:32;47,6
21.10.2020 16:47;47,6
21.10.2020 17:02;47,6
21.10.2020 17:17;47,6
21.10.2020 17:32;47,6
21.10.2020 17:47;47,6
21.10.2020 18:02;47,6
21.10.2020 18:17;47,6
21.10.2020 18:32;47,6
21.10.2020 18:47;48,1
21.10.2020 19:02;48,1
21.10.2020 19:17;48,1
21.10.2020 19:32;48,1
21.10.2020 19:47;48,1
21.10.2020 20:02;48,1
21.10.2020 20:17;48,1
21.10.2020 20:32;48,1
21.10.2020 20:47;48,1
21.10.2020 21:02;48,1
21.10.2020 21:17;48,1
21.10.2020 21:32;48,1
21.10.2020 21:47;48,1
21.10.2020 22:02;48,1
21.10.2020 22:17;48,1
21.10.2020 22:32;48,1
21.10.2020 22:47;48,1
21.10.2020 23:02;48,1
21.10.2020 23:17;48,1
21.10.2020 23:32;48,6
21.10.2020 23:47;48,6
22.10.2020 0:02;48,6
22.10.2020 0:17;48,6
22.10.2020 0:32;48,6
22.10.2020 0:47;48,6
22.10.2020 1:02;48,6
22.10.2020 1:17;48,6
22.10.2020 1:32;48,6
22.10.2020 1:47;48,6
22.10.2020 2:02;48,6
22.10.2020 2:17;48,6
22.10.2020 2:32;48,6
22.10.2020 2:47;49,09
22.10.2020 3:02;49,09
22.10.2020 3:17;49,09
22.10.2020 3:32;49,09
22.10.2020 3:47;49,09
22.10.2020 4:02;49,09
22.10.2020 4:17;49,09
22.10.2020 4:32;49,09
22.10.2020 4:47;49,09
22.10.2020 5:02;49,09
22.10.2020 5:17;49,09
22.10.2020 5:32;49,09
22.10.2020 5:47;49,09
22.10.2020 6:02;49,09
22.10.2020 6:17;49,09
22.10.2020 6:32;49,09
22.10.2020 6:47;49,09
22.10.2020 7:02;49,09
22.10.2020 7:17;49,09
22.10.2020 7:32;49,09
22.10.2020 7:47;49,09
22.10.2020 8:02;49,59
22.10.2020 8:17;49,59
22.10.2020 8:32;49,59
22.10.2020 8:47;49,59
22.10.2020 9:02;49,59
22.10.2020 9:17;50,09
22.10.2020 9:32;50,09
22.10.2020 9:47;50,09
22.10.2020 10:02;50,09
22.10.2020 10:17;50,09
22.10.2020 10:32;50,09
22.10.2020 10:47;50,09
22.10.2020 11:02;50,09
22.10.2020 11:17;50,09
22.10.2020 11:32;50,09
22.10.2020 11:47;50,09
22.10.2020 12:02;52,08
22.10.2020 12:17;51,08
22.10.2020 12:32;50,58
22.10.2020 12:47;51,58
22.10.2020 13:02;51,08
22.10.2020 13:17;51,08
22.10.2020 13:32;51,08
22.10.2020 13:47;51,08
22.10.2020 14:02;51,08
22.10.2020 14:17;51,08
22.10.2020 14:32;51,08
22.10.2020 14:47;51,08
22.10.2020 15:02;51,08
22.10.2020 15:17;51,08
22.10.2020 15:32;51,08
22.10.2020 15:47;51,08
22.10.2020 16:02;51,08
22.10.2020 16:17;51,08
22.10.2020 16:32;51,08
22.10.2020 16:47;51,08
22.10.2020 17:02;51,08
22.10.2020 17:17;51,08
22.10.2020 17:32;52,08
22.10.2020 17:47;52,57
22.10.2020 18:02;52,08
22.10.2020 18:17;52,08
22.10.2020 18:32;52,08
22.10.2020 18:47;51,58
22.10.2020 19:02;51,58
22.10.2020 19:17;52,08
22.10.2020 19:32;52,08
22.10.2020 19:47;52,08
22.10.2020 20:02;52,08
22.10.2020 20:17;52,08
22.10.2020 20:32;52,08
22.10.2020 20:47;52,08
22.10.2020 21:02;52,08
22.10.2020 21:17;52,08
22.10.2020 21:32;52,08
22.10.2020 21:47;52,08
22.10.2020 22:02;52,08
22.10.2020 22:17;52,08
22.10.2020 22:32;52,08
22.10.2020 22:47;52,08
22.10.2020 23:02;52,08
22.10.2020 23:17;52,08
22.10.2020 23:32;52,08
22.10.2020 23:47;52,08
23.10.2020 0:02;52,08
23.10.2020 0:17;52,08
23.10.2020 0:32;52,08
23.10.2020 0:47;52,08
23.10.2020 1:02;52,08
23.10.2020 1:17;52,57
23.10.2020 1:32;52,57
23.10.2020 1:47;52,57
23.10.2020 2:02;52,57
23.10.2020 2:17;52,57
23.10.2020 2:32;52,57
23.10.2020 2:47;52,57
23.10.2020 3:02;52,57
23.10.2020 3:17;52,57
23.10.2020 3:32;52,57
23.10.2020 3:47;52,57
23.10.2020 4:02;52,57
23.10.2020 4:17;52,57
23.10.2020 4:32;52,57
23.10.2020 4:47;52,57
23.10.2020 5:02;52,57
23.10.2020 5:17;52,57
23.10.2020 5:32;52,57
23.10.2020 5:47;52,57
23.10.2020 6:02;52,57
23.10.2020 6:17;52,57
23.10.2020 6:32;52,57
23.10.2020 6:47;52,57
23.10.2020 7:02;52,57
23.10.2020 7:17;53,07
23.10.2020 7:32;53,07
23.10.2020 7:47;53,07
23.10.2020 8:02;53,07
23.10.2020 8:17;53,07
23.10.2020 8:32;53,07
23.10.2020 8:47;53,07
23.10.2020 9:02;53,07
23.10.2020 9:17;53,07
23.10.2020 9:32;53,07
23.10.2020 9:47;53,07
23.10.2020 10:02;53,07
23.10.2020 10:17;53,07
23.10.2020 10:32;53,07
23.10.2020 10:47;53,07
23.10.2020 11:02;53,07
23.10.2020 11:17;53,07
23.10.2020 11:32;53,07
23.10.2020 11:47;53,07
23.10.2020 12:02;53,07
23.10.2020 12:17;53,07
23.10.2020 12:32;53,07
23.10.2020 12:47;53,07
23.10.2020 13:02;53,07
23.10.2020 13:17;53,07
23.10.2020 13:32;53,07
23.10.2020 13:47;53,57
23.10.2020 14:02;53,57
23.10.2020 14:17;53,57
23.10.2020 14:32;53,57
23.10.2020 14:47;53,57
23.10.2020 15:02;53,57
23.10.2020 15:17;53,57
23.10.2020 15:32;53,57
23.10.2020 15:47;53,07
23.10.2020 16:02;53,07
23.10.2020 16:17;53,07
23.10.2020 16:32;52,57
23.10.2020 16:47;52,57
23.10.2020 17:02;52,57
23.10.2020 17:17;52,08
23.10.2020 17:32;51,58
23.10.2020 17:47;51,58
23.10.2020 18:02;51,58
23.10.2020 18:17;51,58
23.10.2020 18:32;51,58
23.10.2020 18:47;51,58
23.10.2020 19:02;51,58
23.10.2020 19:17;51,58
23.10.2020 19:32;51,58
23.10.2020 19:47;51,58
23.10.2020 20:02;51,58
23.10.2020 20:17;51,08
23.10.2020 20:32;50,58
23.10.2020 20:47;50,58
23.10.2020 21:02;50,58
23.10.2020 21:17;50,58
23.10.2020 21:32;50,58
23.10.2020 21:47;50,09
23.10.2020 22:02;50,09
23.10.2020 22:17;49,59
23.10.2020 22:32;49,59
23.10.2020 22:47;49,59
23.10.2020 23:02;49,59
23.10.2020 23:17;49,59
23.10.2020 23:32;49,59
23.10.2020 23:47;49,09
24.10.2020 0:02;49,59
24.10.2020 0:17;49,59
24.10.2020 0:32;49,59
24.10.2020 0:47;49,59
24.10.2020 1:02;49,59
24.10.2020 1:17;49,59
24.10.2020 1:32;49,59
24.10.2020 1:47;49,09
24.10.2020 2:02;49,09
24.10.2020 2:17;49,09
24.10.2020 2:32;49,09
24.10.2020 2:47;49,09
24.10.2020 3:02;49,59
24.10.2020 3:17;49,09
24.10.2020 3:32;49,09
24.10.2020 3:47;49,09
24.10.2020 4:02;49,09
24.10.2020 4:17;49,09
24.10.2020 4:32;49,09
24.10.2020 4:47;49,09
24.10.2020 5:02;49,09
24.10.2020 5:17;49,09
24.10.2020 5:32;49,09
24.10.2020 5:47;49,09
24.10.2020 6:02;49,09
24.10.2020 6:17;49,09
24.10.2020 6:32;49,09
24.10.2020 6:47;49,09
24.10.2020 7:02;49,09
24.10.2020 7:17;48,6
24.10.2020 7:32;48,6
24.10.2020 7:47;48,6
24.10.2020 8:02;48,6
24.10.2020 8:17;48,6
24.10.2020 8:32;48,6
24.10.2020 8:47;48,6
24.10.2020 9:02;48,6
24.10.2020 9:17;48,6
24.10.2020 9:32;48,6
24.10.2020 9:47;48,1
24.10.2020 10:02;48,6
24.10.2020 10:17;48,6
24.10.2020 10:32;48,6
24.10.2020 10:47;43,24
24.10.2020 11:02;46,63
24.10.2020 11:17;49,59
24.10.2020 11:32;53,07
24.10.2020 11:47;55,06
24.10.2020 12:02;61,04
24.10.2020 12:17;60,03
24.10.2020 12:32;61,55
24.10.2020 12:47;65,63
24.10.2020 13:02;65,63
24.10.2020 13:17;65,63
24.10.2020 13:32;65,63
24.10.2020 13:47;65,63
24.10.2020 14:02;65,12
24.10.2020 14:17;64,61
24.10.2020 14:32;63,59
24.10.2020 14:47;63,08
24.10.2020 15:02;63,08
24.10.2020 15:17;62,57
24.10.2020 15:32;61,55
24.10.2020 15:47;61,04
24.10.2020 16:02;61,04
24.10.2020 16:17;60,53
24.10.2020 16:32;60,03
24.10.2020 16:47;59,53
24.10.2020 17:02;59,04
24.10.2020 17:17;58,54
24.10.2020 17:32;58,54
24.10.2020 17:47;58,04
24.10.2020 18:02;58,04
24.10.2020 18:17;57,54
24.10.2020 18:32;57,05
24.10.2020 18:47;56,55
24.10.2020 19:02;56,05
24.10.2020 19:17;56,05
24.10.2020 19:32;56,05
24.10.2020 19:47;55,56
24.10.2020 20:02;55,56
24.10.2020 20:17;55,56
24.10.2020 20:32;55,06
24.10.2020 20:47;55,06
24.10.2020 21:02;54,56
24.10.2020 21:17;54,56
24.10.2020 21:32;54,06
24.10.2020 21:47;54,06
24.10.2020 22:02;53,57
24.10.2020 22:17;54,06
24.10.2020 22:32;53,57
24.10.2020 22:47;53,57
24.10.2020 23:02;53,57
24.10.2020 23:17;53,57
24.10.2020 23:32;53,07
24.10.2020 23:47;53,07
25.10.2020 0:02;53,07
25.10.2020 0:17;53,07
25.10.2020 0:32;53,07
25.10.2020 0:47;53,07
25.10.2020 1:02;52,57
25.10.2020 1:17;52,57
25.10.2020 1:32;52,57
25.10.2020 1:47;52,08
25.10.2020 2:02;52,08
25.10.2020 2:17;52,08
25.10.2020 2:32;51,58
25.10.2020 2:47;51,58
25.10.2020 3:02;51,08
25.10.2020 3:17;51,08
25.10.2020 3:32;51,08
25.10.2020 3:47;51,08
25.10.2020 4:02;51,08
25.10.2020 4:17;51,08
25.10.2020 4:32;51,58
25.10.2020 4:47;51,58
25.10.2020 5:02;51,58
25.10.2020 5:17;51,58
25.10.2020 5:32;51,08
25.10.2020 5:47;51,08
25.10.2020 6:02;51,08
25.10.2020 6:17;50,58
25.10.2020 6:32;50,58
25.10.2020 6:47;50,58
25.10.2020 7:02;50,58
25.10.2020 7:17;50,58
25.10.2020 7:32;50,58
25.10.2020 7:47;50,58
25.10.2020 8:02;50,58
25.10.2020 8:17;50,58
25.10.2020 8:32;50,09
25.10.2020 8:47;50,09
25.10.2020 9:02;50,09
25.10.2020 9:17;50,09
25.10.2020 9:32;50,09
25.10.2020 9:47;50,09
25.10.2020 10:02;50,09
25.10.2020 10:17;50,09
25.10.2020 10:32;50,09
25.10.2020 10:47;50,09
25.10.2020 11:02;50,09
25.10.2020 11:17;50,09
25.10.2020 11:32;50,09
25.10.2020 11:47;50,09
25.10.2020 12:02;50,09
25.10.2020 12:17;50,09
25.10.2020 12:32;50,58
25.10.2020 12:47;50,09
25.10.2020 13:02;50,09
25.10.2020 13:17;50,09
25.10.2020 13:32;50,09
25.10.2020 13:47;50,09
25.10.2020 14:02;50,09
25.10.2020 14:17;50,09
25.10.2020 14:32;50,09
25.10.2020 14:47;50,09
25.10.2020 15:02;50,09
25.10.2020 15:17;50,09
25.10.2020 15:32;50,09
25.10.2020 15:47;50,09
25.10.2020 16:02;50,09
25.10.2020 16:17;50,58
25.10.2020 16:32;50,58
25.10.2020 16:47;50,58
25.10.2020 17:02;50,58
25.10.2020 17:17;50,58
25.10.2020 17:32;48,6
25.10.2020 17:47;49,09
25.10.2020 18:02;49,59
25.10.2020 18:17;50,09
25.10.2020 18:32;50,09
25.10.2020 18:47;50,09
25.10.2020 19:02;50,09
25.10.2020 19:17;50,09
25.10.2020 19:32;50,09
25.10.2020 19:47;50,09
25.10.2020 20:02;50,09
25.10.2020 20:17;50,09
25.10.2020 20:32;50,58
25.10.2020 20:47;50,58
25.10.2020 21:02;50,58
25.10.2020 21:17;50,58
25.10.2020 21:32;50,58
25.10.2020 21:47;50,58
25.10.2020 22:02;50,58
25.10.2020 22:17;50,58
25.10.2020 22:32;50,58
25.10.2020 22:47;50,58
25.10.2020 23:02;50,58
25.10.2020 23:17;50,58
25.10.2020 23:32;50,58
25.10.2020 23:47;50,58
