TimeStamp;RH;C;;;
25.9.2020 0:02;88;12,9;;;
25.9.2020 0:17;89;12,7;;;
25.9.2020 0:32;90;12,8;;;
25.9.2020 0:47;90;12,8;;;
25.9.2020 1:02;91;12,6;;;
25.9.2020 1:17;90;13;;;
25.9.2020 1:32;91;12,7;;;
25.9.2020 1:47;91;13;;;
25.9.2020 2:02;90;13,1;;;
25.9.2020 2:17;91;13,1;;;
25.9.2020 2:32;91;13,1;;;
25.9.2020 2:47;92;13,2;;;
25.9.2020 3:02;93;13,1;;;
25.9.2020 3:17;93;13;;;
25.9.2020 3:32;94;12,9;;;
25.9.2020 3:47;94;12,9;;;
25.9.2020 4:02;94;12,8;;;
25.9.2020 4:17;93;13;;;
25.9.2020 4:32;94;13;;;
25.9.2020 4:47;93;13;;;
25.9.2020 5:02;93;12,9;;;
25.9.2020 5:17;93;13;;;
25.9.2020 5:32;94;13;;;
25.9.2020 5:47;92;13,2;;;
25.9.2020 6:02;93;13,3;;;
25.9.2020 6:17;92;13,6;;;
25.9.2020 6:32;90;13,9;;;
25.9.2020 6:47;89;14;;;
25.9.2020 7:02;89;14,1;;;
25.9.2020 7:17;89;13,9;;;
25.9.2020 7:32;90;13,8;;;
25.9.2020 7:47;88;14,5;;;
25.9.2020 8:02;86;14,7;;;
25.9.2020 8:17;84;15,1;;;
25.9.2020 8:32;82;15,6;;;
25.9.2020 8:47;79;16;;;
25.9.2020 9:02;79;16,1;;;
25.9.2020 9:17;78;16,4;;;
25.9.2020 9:32;77;16,5;;;
25.9.2020 9:47;76;16,7;;;
25.9.2020 10:02;76;16,6;;;
25.9.2020 10:17;75;16,4;;;
25.9.2020 10:32;74;17,1;;;
25.9.2020 10:47;75;16,3;;;
25.9.2020 11:02;75;16,1;;;
25.9.2020 11:17;76;16,2;;;
25.9.2020 11:32;78;15,5;;;
25.9.2020 11:47;79;15,2;;;
25.9.2020 12:02;78;15,3;;;
25.9.2020 12:17;78;15,3;;;
25.9.2020 12:32;76;15,4;;;
25.9.2020 12:47;74;15,5;;;
25.9.2020 13:02;73;15,9;;;
25.9.2020 13:17;74;16;;;
25.9.2020 13:32;73;16,1;;;
25.9.2020 13:47;74;16,2;;;
25.9.2020 14:02;75;16,4;;;
25.9.2020 14:17;76;16,2;;;
25.9.2020 14:32;76;16,2;;;
25.9.2020 14:47;78;16,2;;;
25.9.2020 15:02;79;16;;;
25.9.2020 15:17;78;15,9;;;
25.9.2020 15:32;79;15,8;;;
25.9.2020 15:47;80;15,5;;;
25.9.2020 16:02;80;15,6;;;
25.9.2020 16:17;83;15;;;
25.9.2020 16:32;80;15,2;;;
25.9.2020 16:47;83;14,4;;;
25.9.2020 17:02;85;14,1;;;
25.9.2020 17:17;88;13,9;;;
25.9.2020 17:32;85;14,3;;;
25.9.2020 17:47;83;14,6;;;
25.9.2020 18:02;85;14,3;;;
25.9.2020 18:17;83;14,2;;;
25.9.2020 18:32;82;14,3;;;
25.9.2020 18:47;82;14,2;;;
25.9.2020 19:02;82;13,9;;;
25.9.2020 19:17;82;13,7;;;
25.9.2020 19:32;83;13,5;;;
25.9.2020 19:47;82;13,4;;;
25.9.2020 20:02;83;13,4;;;
25.9.2020 20:17;83;13;;;
25.9.2020 20:32;83;13;;;
25.9.2020 20:47;83;12,8;;;
25.9.2020 21:02;83;12,7;;;
25.9.2020 21:17;83;12,4;;;
25.9.2020 21:32;83;12,4;;;
25.9.2020 21:47;84;12,1;;;
25.9.2020 22:02;84;12;;;
25.9.2020 22:17;85;11,8;;;
25.9.2020 22:32;85;11,5;;;
25.9.2020 22:47;86;11,3;;;
25.9.2020 23:02;86;11,1;;;
25.9.2020 23:17;87;11;;;
25.9.2020 23:32;87;10,7;;;
25.9.2020 23:47;87;11;;;
26.9.2020 0:02;87;10,8;;;
26.9.2020 0:17;88;10,5;;;
26.9.2020 0:32;89;10,6;;;
26.9.2020 0:47;88;10,6;;;
26.9.2020 1:02;89;10,3;;;
26.9.2020 1:17;90;10,2;;;
26.9.2020 1:32;90;10,1;;;
26.9.2020 1:47;89;10,2;;;
26.9.2020 2:02;90;10,1;;;
26.9.2020 2:17;90;10,1;;;
26.9.2020 2:32;90;10,1;;;
26.9.2020 2:47;91;9,9;;;
26.9.2020 3:02;91;9,9;;;
26.9.2020 3:17;91;9,8;;;
26.9.2020 3:32;90;9,8;;;
26.9.2020 3:47;91;9,7;;;
26.9.2020 4:02;90;9,7;;;
26.9.2020 4:17;91;9,7;;;
26.9.2020 4:32;91;9,6;;;
26.9.2020 4:47;90;10,1;;;
26.9.2020 5:02;89;10,1;;;
26.9.2020 5:17;88;10,3;;;
26.9.2020 5:32;88;10,5;;;
26.9.2020 5:47;86;10,8;;;
26.9.2020 6:02;86;10,9;;;
26.9.2020 6:17;85;11,4;;;
26.9.2020 6:32;85;11,6;;;
26.9.2020 6:47;83;12,1;;;
26.9.2020 7:02;82;12,4;;;
26.9.2020 7:17;81;12,9;;;
26.9.2020 7:32;80;13,4;;;
26.9.2020 7:47;78;14;;;
26.9.2020 8:02;77;14,7;;;
26.9.2020 8:17;75;15,5;;;
26.9.2020 8:32;74;16,1;;;
26.9.2020 8:47;71;16,4;;;
26.9.2020 9:02;71;16,6;;;
26.9.2020 9:17;70;16,9;;;
26.9.2020 9:32;69;17,5;;;
26.9.2020 9:47;68;17,8;;;
26.9.2020 10:02;68;17,8;;;
26.9.2020 10:17;66;18,1;;;
26.9.2020 10:32;66;18,5;;;
26.9.2020 10:47;64;18,9;;;
26.9.2020 11:02;63;19,2;;;
26.9.2020 11:17;61;19,7;;;
26.9.2020 11:32;61;19,4;;;
26.9.2020 11:47;60;20;;;
26.9.2020 12:02;61;20,3;;;
26.9.2020 12:17;60;20,1;;;
26.9.2020 12:32;60;20,3;;;
26.9.2020 12:47;61;20,4;;;
26.9.2020 13:02;61;20,5;;;
26.9.2020 13:17;61;20,6;;;
26.9.2020 13:32;62;20,6;;;
26.9.2020 13:47;64;20,3;;;
26.9.2020 14:02;66;20,2;;;
26.9.2020 14:17;68;19,6;;;
26.9.2020 14:32;69;19,3;;;
26.9.2020 14:47;72;18,7;;;
26.9.2020 15:02;73;18,5;;;
26.9.2020 15:17;73;18,1;;;
26.9.2020 15:32;75;17,8;;;
26.9.2020 15:47;74;17,5;;;
26.9.2020 16:02;75;17,1;;;
26.9.2020 16:17;76;16,9;;;
26.9.2020 16:32;76;16,8;;;
26.9.2020 16:47;74;16,8;;;
26.9.2020 17:02;76;16,5;;;
26.9.2020 17:17;76;16,3;;;
26.9.2020 17:32;78;16;;;
26.9.2020 17:47;78;15,6;;;
26.9.2020 18:02;79;15,6;;;
26.9.2020 18:17;84;15,1;;;
26.9.2020 18:32;84;15,1;;;
26.9.2020 18:47;83;15,2;;;
26.9.2020 19:02;83;15;;;
26.9.2020 19:17;82;15;;;
26.9.2020 19:32;83;14,7;;;
26.9.2020 19:47;83;14,7;;;
26.9.2020 20:02;84;14,6;;;
26.9.2020 20:17;82;14,8;;;
26.9.2020 20:32;84;14,3;;;
26.9.2020 20:47;86;14,1;;;
26.9.2020 21:02;85;14,1;;;
26.9.2020 21:17;84;14,1;;;
26.9.2020 21:32;84;13,9;;;
26.9.2020 21:47;86;13,3;;;
26.9.2020 22:02;86;13,6;;;
26.9.2020 22:17;84;13,5;;;
26.9.2020 22:32;85;13,4;;;
26.9.2020 22:47;85;13,2;;;
26.9.2020 23:02;85;13,2;;;
26.9.2020 23:17;86;13;;;
26.9.2020 23:32;85;13;;;
26.9.2020 23:47;85;12,8;;;
27.9.2020 0:02;85;12,9;;;
27.9.2020 0:17;87;12,6;;;
27.9.2020 0:32;87;12,5;;;
27.9.2020 0:47;87;12,3;;;
27.9.2020 1:02;87;12,2;;;
27.9.2020 1:17;87;12;;;
27.9.2020 1:32;88;12,1;;;
27.9.2020 1:47;88;11,9;;;
27.9.2020 2:02;88;12;;;
27.9.2020 2:17;89;11,6;;;
27.9.2020 2:32;89;11,7;;;
27.9.2020 2:47;88;11,8;;;
27.9.2020 3:02;88;11,7;;;
27.9.2020 3:17;89;11,4;;;
27.9.2020 3:32;90;11,4;;;
27.9.2020 3:47;91;11,2;;;
27.9.2020 4:02;89;11,4;;;
27.9.2020 4:17;91;11,1;;;
27.9.2020 4:32;90;11,2;;;
27.9.2020 4:47;90;11,3;;;
27.9.2020 5:02;90;11,3;;;
27.9.2020 5:17;90;11,4;;;
27.9.2020 5:32;89;11,5;;;
27.9.2020 5:47;89;11,9;;;
27.9.2020 6:02;88;12,1;;;
27.9.2020 6:17;87;12,3;;;
27.9.2020 6:32;85;12,8;;;
27.9.2020 6:47;84;13,7;;;
27.9.2020 7:02;82;13,8;;;
27.9.2020 7:17;82;13,8;;;
27.9.2020 7:32;83;14;;;
27.9.2020 7:47;79;14,6;;;
27.9.2020 8:02;78;15,4;;;
27.9.2020 8:17;76;15,7;;;
27.9.2020 8:32;75;15,8;;;
27.9.2020 8:47;72;17;;;
27.9.2020 9:02;70;17,2;;;
27.9.2020 9:17;67;18,2;;;
27.9.2020 9:32;63;18,4;;;
27.9.2020 9:47;63;19;;;
27.9.2020 10:02;62;19;;;
27.9.2020 10:17;58;19,3;;;
27.9.2020 10:32;57;19,5;;;
27.9.2020 10:47;56;19,6;;;
27.9.2020 11:02;56;19,7;;;
27.9.2020 11:17;55;19,8;;;
27.9.2020 11:32;54;19,8;;;
27.9.2020 11:47;54;20,4;;;
27.9.2020 12:02;54;20,3;;;
27.9.2020 12:17;55;20,2;;;
27.9.2020 12:32;56;20,4;;;
27.9.2020 12:47;57;20;;;
27.9.2020 13:02;56;19,9;;;
27.9.2020 13:17;57;19,7;;;
27.9.2020 13:32;57;19,6;;;
27.9.2020 13:47;57;19,5;;;
27.9.2020 14:02;59;19,4;;;
27.9.2020 14:17;63;18,5;;;
27.9.2020 14:32;63;18,2;;;
27.9.2020 14:47;65;17,5;;;
27.9.2020 15:02;66;17,1;;;
27.9.2020 15:17;68;16,2;;;
27.9.2020 15:32;70;15,8;;;
27.9.2020 15:47;78;14,1;;;
27.9.2020 16:02;75;14,5;;;
27.9.2020 16:17;76;14;;;
27.9.2020 16:32;78;13,5;;;
27.9.2020 16:47;79;13,1;;;
27.9.2020 17:02;81;12,7;;;
27.9.2020 17:17;82;12,4;;;
27.9.2020 17:32;82;12,7;;;
27.9.2020 17:47;84;12,4;;;
27.9.2020 18:02;84;12,2;;;
27.9.2020 18:17;87;11,9;;;
27.9.2020 18:32;87;12;;;
27.9.2020 18:47;87;11,9;;;
27.9.2020 19:02;89;11,6;;;
27.9.2020 19:17;88;11,7;;;
27.9.2020 19:32;89;11,5;;;
27.9.2020 19:47;91;11,1;;;
27.9.2020 20:02;90;11,4;;;
27.9.2020 20:17;90;11,3;;;
27.9.2020 20:32;91;11,1;;;
27.9.2020 20:47;91;11,2;;;
27.9.2020 21:02;91;11,2;;;
27.9.2020 21:17;91;11,3;;;
27.9.2020 21:32;90;11,5;;;
27.9.2020 21:47;90;11,3;;;
27.9.2020 22:02;91;11,2;;;
27.9.2020 22:17;91;11,2;;;
27.9.2020 22:32;90;11,3;;;
27.9.2020 22:47;90;11,4;;;
27.9.2020 23:02;90;11;;;
27.9.2020 23:17;89;11;;;
27.9.2020 23:32;89;11,1;;;
27.9.2020 23:47;90;10,9;;;
28.9.2020 0:02;90;11;;;
28.9.2020 0:17;89;10,8;;;
28.9.2020 0:32;87;11,1;;;
28.9.2020 0:47;88;10,8;;;
28.9.2020 1:02;87;11,1;;;
28.9.2020 1:17;88;10,8;;;
28.9.2020 1:32;89;10,5;;;
28.9.2020 1:47;89;10,5;;;
28.9.2020 2:02;90;10,3;;;
28.9.2020 2:17;89;10,1;;;
28.9.2020 2:32;89;10,1;;;
28.9.2020 2:47;89;10,1;;;
28.9.2020 3:02;90;10;;;
28.9.2020 3:17;88;10;;;
28.9.2020 3:32;88;9,9;;;
28.9.2020 3:47;89;9,5;;;
28.9.2020 4:02;88;9,7;;;
28.9.2020 4:17;89;9,4;;;
28.9.2020 4:32;90;9,3;;;
28.9.2020 4:47;91;9,2;;;
28.9.2020 5:02;91;9,2;;;
28.9.2020 5:17;89;9,5;;;
28.9.2020 5:32;90;9,6;;;
28.9.2020 5:47;87;10;;;
28.9.2020 6:02;85;10,2;;;
28.9.2020 6:17;84;10,5;;;
28.9.2020 6:32;83;10,7;;;
28.9.2020 6:47;82;11,2;;;
28.9.2020 7:02;81;11,1;;;
28.9.2020 7:17;79;11,5;;;
28.9.2020 7:32;79;12,2;;;
28.9.2020 7:47;78;12,3;;;
28.9.2020 8:02;76;12,7;;;
28.9.2020 8:17;73;13,6;;;
28.9.2020 8:32;72;13,7;;;
28.9.2020 8:47;69;14,6;;;
28.9.2020 9:02;63;15;;;
28.9.2020 9:17;59;15,2;;;
28.9.2020 9:32;59;15,2;;;
28.9.2020 9:47;59;15,5;;;
28.9.2020 10:02;59;15,8;;;
28.9.2020 10:17;58;16,7;;;
28.9.2020 10:32;56;16,2;;;
28.9.2020 10:47;55;16,5;;;
28.9.2020 11:02;53;16,6;;;
28.9.2020 11:17;53;17,1;;;
28.9.2020 11:32;52;16,9;;;
28.9.2020 11:47;52;17,1;;;
28.9.2020 12:02;51;17;;;
28.9.2020 12:17;51;17,3;;;
28.9.2020 12:32;55;17;;;
28.9.2020 12:47;53;16,7;;;
28.9.2020 13:02;55;16,9;;;
28.9.2020 13:17;54;16,6;;;
28.9.2020 13:32;56;16,5;;;
28.9.2020 13:47;57;16,2;;;
28.9.2020 14:02;61;15,9;;;
28.9.2020 14:17;60;15,9;;;
28.9.2020 14:32;63;15,6;;;
28.9.2020 14:47;64;15,3;;;
28.9.2020 15:02;66;15;;;
28.9.2020 15:17;69;14,3;;;
28.9.2020 15:32;71;13,9;;;
28.9.2020 15:47;72;13,6;;;
28.9.2020 16:02;72;13,3;;;
28.9.2020 16:17;72;13,2;;;
28.9.2020 16:32;74;12,8;;;
28.9.2020 16:47;73;12,5;;;
28.9.2020 17:02;73;12,4;;;
28.9.2020 17:17;75;11,9;;;
28.9.2020 17:32;75;11,7;;;
28.9.2020 17:47;77;11,4;;;
28.9.2020 18:02;78;11,2;;;
28.9.2020 18:17;79;11;;;
28.9.2020 18:32;80;10,9;;;
28.9.2020 18:47;82;10,6;;;
28.9.2020 19:02;82;10,6;;;
28.9.2020 19:17;84;10,3;;;
28.9.2020 19:32;84;10,2;;;
28.9.2020 19:47;85;9,9;;;
28.9.2020 20:02;85;9,9;;;
28.9.2020 20:17;86;9,7;;;
28.9.2020 20:32;87;9,4;;;
28.9.2020 20:47;88;9,3;;;
28.9.2020 21:02;89;9;;;
28.9.2020 21:17;90;8,8;;;
28.9.2020 21:32;90;8,7;;;
28.9.2020 21:47;91;8;;;
28.9.2020 22:02;93;8,2;;;
28.9.2020 22:17;94;7,6;;;
28.9.2020 22:32;94;7,6;;;
28.9.2020 22:47;94;7,3;;;
28.9.2020 23:02;95;7;;;
28.9.2020 23:17;96;6,3;;;
28.9.2020 23:32;96;6,4;;;
28.9.2020 23:47;97;7,4;;;
29.9.2020 0:02;97;6,7;;;
29.9.2020 0:17;96;6,4;;;
29.9.2020 0:32;98;5,8;;;
29.9.2020 0:47;96;6,7;;;
29.9.2020 1:02;98;7,1;;;
29.9.2020 1:17;97;6,5;;;
29.9.2020 1:32;98;6,8;;;
29.9.2020 1:47;97;7,8;;;
29.9.2020 2:02;96;8,1;;;
29.9.2020 2:17;95;8,3;;;
29.9.2020 2:32;96;8,3;;;
29.9.2020 2:47;95;8,4;;;
29.9.2020 3:02;95;8,4;;;
29.9.2020 3:17;93;8,7;;;
29.9.2020 3:32;92;8,9;;;
29.9.2020 3:47;94;8,8;;;
29.9.2020 4:02;94;8,7;;;
29.9.2020 4:17;94;8,7;;;
29.9.2020 4:32;94;8,7;;;
29.9.2020 4:47;94;8,7;;;
29.9.2020 5:02;94;8,8;;;
29.9.2020 5:17;92;8,9;;;
29.9.2020 5:32;93;9;;;
29.9.2020 5:47;93;9;;;
29.9.2020 6:02;93;9;;;
29.9.2020 6:17;93;9,1;;;
29.9.2020 6:32;94;9,1;;;
29.9.2020 6:47;93;9,2;;;
29.9.2020 7:02;93;9,3;;;
29.9.2020 7:17;93;9,5;;;
29.9.2020 7:32;92;9,6;;;
29.9.2020 7:47;91;10;;;
29.9.2020 8:02;91;10;;;
29.9.2020 8:17;91;10,2;;;
29.9.2020 8:32;90;10,3;;;
29.9.2020 8:47;90;10,7;;;
29.9.2020 9:02;89;10,9;;;
29.9.2020 9:17;89;11,2;;;
29.9.2020 9:32;89;11,2;;;
29.9.2020 9:47;89;11,4;;;
29.9.2020 10:02;88;11,5;;;
29.9.2020 10:17;88;11,7;;;
29.9.2020 10:32;87;11,9;;;
29.9.2020 10:47;84;12,3;;;
29.9.2020 11:02;84;12,2;;;
29.9.2020 11:17;85;12,3;;;
29.9.2020 11:32;85;12,3;;;
29.9.2020 11:47;84;12,5;;;
29.9.2020 12:02;84;12,7;;;
29.9.2020 12:17;83;12,7;;;
29.9.2020 12:32;83;12,8;;;
29.9.2020 12:47;83;12,8;;;
29.9.2020 13:02;84;12,8;;;
29.9.2020 13:17;84;12,6;;;
29.9.2020 13:32;84;12,7;;;
29.9.2020 13:47;85;12,5;;;
29.9.2020 14:02;85;12,5;;;
29.9.2020 14:17;86;12,3;;;
29.9.2020 14:32;86;12,2;;;
29.9.2020 14:47;87;12,1;;;
29.9.2020 15:02;88;12;;;
29.9.2020 15:17;88;11,9;;;
29.9.2020 15:32;89;11,8;;;
29.9.2020 15:47;89;11,6;;;
29.9.2020 16:02;90;11,6;;;
29.9.2020 16:17;90;11,4;;;
29.9.2020 16:32;91;11,4;;;
29.9.2020 16:47;91;11,3;;;
29.9.2020 17:02;91;11,2;;;
29.9.2020 17:17;92;11,2;;;
29.9.2020 17:32;92;11,2;;;
29.9.2020 17:47;93;11,1;;;
29.9.2020 18:02;93;11,1;;;
29.9.2020 18:17;93;11,1;;;
29.9.2020 18:32;93;11;;;
29.9.2020 18:47;94;10,9;;;
29.9.2020 19:02;94;11;;;
29.9.2020 19:17;95;11;;;
29.9.2020 19:32;94;10,9;;;
29.9.2020 19:47;95;10,8;;;
29.9.2020 20:02;95;10,8;;;
29.9.2020 20:17;96;10,8;;;
29.9.2020 20:32;96;10,7;;;
29.9.2020 20:47;96;10,8;;;
29.9.2020 21:02;96;10,8;;;
29.9.2020 21:17;96;10,7;;;
29.9.2020 21:32;96;10,7;;;
29.9.2020 21:47;97;10,6;;;
29.9.2020 22:02;97;10,5;;;
29.9.2020 22:17;97;10,6;;;
29.9.2020 22:32;97;10,6;;;
29.9.2020 22:47;97;10,6;;;
29.9.2020 23:02;97;10,6;;;
29.9.2020 23:17;97;10,6;;;
29.9.2020 23:32;97;10,6;;;
29.9.2020 23:47;97;10,5;;;
30.9.2020 0:02;98;10,5;;;
30.9.2020 0:17;98;10,5;;;
30.9.2020 0:32;98;10,5;;;
30.9.2020 0:47;98;10,5;;;
30.9.2020 1:02;98;10,5;;;
30.9.2020 1:17;98;10,5;;;
30.9.2020 1:32;98;10,5;;;
30.9.2020 1:47;98;10,4;;;
30.9.2020 2:02;98;10,4;;;
30.9.2020 2:17;98;10,4;;;
30.9.2020 2:32;99;10,3;;;
30.9.2020 2:47;98;10,3;;;
30.9.2020 3:02;98;10,3;;;
30.9.2020 3:17;99;10,3;;;
30.9.2020 3:32;98;10,3;;;
30.9.2020 3:47;98;10,4;;;
30.9.2020 4:02;98;10,4;;;
30.9.2020 4:17;98;10,4;;;
30.9.2020 4:32;98;10,3;;;
30.9.2020 4:47;97;10,4;;;
30.9.2020 5:02;97;10,4;;;
30.9.2020 5:17;97;10,6;;;
30.9.2020 5:32;96;10,6;;;
30.9.2020 5:47;95;10,8;;;
30.9.2020 6:02;95;10,8;;;
30.9.2020 6:17;96;10,9;;;
30.9.2020 6:32;95;11;;;
30.9.2020 6:47;94;11,3;;;
30.9.2020 7:02;92;11,3;;;
30.9.2020 7:17;93;11,4;;;
30.9.2020 7:32;92;11,4;;;
30.9.2020 7:47;91;11,6;;;
30.9.2020 8:02;91;11,6;;;
30.9.2020 8:17;91;11,7;;;
30.9.2020 8:32;90;11,8;;;
30.9.2020 8:47;89;11,9;;;
30.9.2020 9:02;89;12;;;
30.9.2020 9:17;89;12;;;
30.9.2020 9:32;87;12,2;;;
30.9.2020 9:47;85;12,5;;;
30.9.2020 10:02;85;12,7;;;
30.9.2020 10:17;84;12,7;;;
30.9.2020 10:32;83;12,7;;;
30.9.2020 10:47;82;12,8;;;
30.9.2020 11:02;78;12,9;;;
30.9.2020 11:17;80;13;;;
30.9.2020 11:32;80;13;;;
30.9.2020 11:47;78;13,2;;;
30.9.2020 12:02;78;13,4;;;
30.9.2020 12:17;76;13,6;;;
30.9.2020 12:32;77;13,6;;;
30.9.2020 12:47;73;13,7;;;
30.9.2020 13:02;74;13,6;;;
30.9.2020 13:17;75;13,7;;;
30.9.2020 13:32;75;13,6;;;
30.9.2020 13:47;75;13,6;;;
30.9.2020 14:02;75;13,5;;;
30.9.2020 14:17;76;13,4;;;
30.9.2020 14:32;77;13,2;;;
30.9.2020 14:47;79;13;;;
30.9.2020 15:02;79;13;;;
30.9.2020 15:17;80;12,7;;;
30.9.2020 15:32;85;12,4;;;
30.9.2020 15:47;81;12,7;;;
30.9.2020 16:02;81;12,7;;;
30.9.2020 16:17;84;12,3;;;
30.9.2020 16:32;86;11,9;;;
30.9.2020 16:47;85;11,7;;;
30.9.2020 17:02;85;11,7;;;
30.9.2020 17:17;82;11,8;;;
30.9.2020 17:32;82;11,6;;;
30.9.2020 17:47;82;11,5;;;
30.9.2020 18:02;82;11,5;;;
30.9.2020 18:17;83;11,3;;;
30.9.2020 18:32;83;11,3;;;
30.9.2020 18:47;85;11,1;;;
30.9.2020 19:02;86;11;;;
30.9.2020 19:17;87;10,9;;;
30.9.2020 19:32;87;10,8;;;
30.9.2020 19:47;88;10,7;;;
30.9.2020 20:02;89;10,6;;;
30.9.2020 20:17;90;10,3;;;
30.9.2020 20:32;91;10;;;
30.9.2020 20:47;93;9,5;;;
30.9.2020 21:02;93;9,4;;;
30.9.2020 21:17;94;8,9;;;
30.9.2020 21:32;95;8,6;;;
30.9.2020 21:47;94;8,9;;;
30.9.2020 22:02;94;8,8;;;
30.9.2020 22:17;94;8,6;;;
30.9.2020 22:32;93;9,1;;;
30.9.2020 22:47;95;8,3;;;
30.9.2020 23:02;96;8,4;;;
30.9.2020 23:17;96;9,2;;;
30.9.2020 23:32;95;9,1;;;
30.9.2020 23:47;97;8;;;
1.10.2020 0:02;95;8,8;;;
1.10.2020 0:17;95;8,9;;;
1.10.2020 0:32;95;9;;;
1.10.2020 0:47;95;8,8;;;
1.10.2020 1:02;94;9,7;;;
1.10.2020 1:17;95;9;;;
1.10.2020 1:32;97;8,9;;;
1.10.2020 1:47;97;8,9;;;
1.10.2020 2:02;99;8,7;;;
1.10.2020 2:17;100;8;;;
1.10.2020 2:32;99;8,1;;;
1.10.2020 2:47;100;7,8;;;
1.10.2020 3:02;99;7,6;;;
1.10.2020 3:17;99;6,8;;;
1.10.2020 3:32;100;6,7;;;
1.10.2020 3:47;100;6,7;;;
1.10.2020 4:02;100;6,7;;;
1.10.2020 4:17;100;7,2;;;
1.10.2020 4:32;100;7,6;;;
1.10.2020 4:47;100;8,2;;;
1.10.2020 5:02;100;8,3;;;
1.10.2020 5:17;100;7,8;;;
1.10.2020 5:32;100;7,8;;;
1.10.2020 5:47;100;8;;;
1.10.2020 6:02;100;8,1;;;
1.10.2020 6:17;100;8,1;;;
1.10.2020 6:32;100;8,2;;;
1.10.2020 6:47;100;8,3;;;
1.10.2020 7:02;99;8,4;;;
1.10.2020 7:17;98;8,7;;;
1.10.2020 7:32;99;9,1;;;
1.10.2020 7:47;96;9,5;;;
1.10.2020 8:02;96;9,8;;;
1.10.2020 8:17;94;10;;;
1.10.2020 8:32;90;10,5;;;
1.10.2020 8:47;86;11;;;
1.10.2020 9:02;84;11,2;;;
1.10.2020 9:17;82;11,8;;;
1.10.2020 9:32;81;12,4;;;
1.10.2020 9:47;80;12,2;;;
1.10.2020 10:02;81;12,2;;;
1.10.2020 10:17;78;12,8;;;
1.10.2020 10:32;78;13,3;;;
1.10.2020 10:47;75;13,7;;;
1.10.2020 11:02;76;14,3;;;
1.10.2020 11:17;72;14,6;;;
1.10.2020 11:32;73;14,7;;;
1.10.2020 11:47;72;14,8;;;
1.10.2020 12:02;75;14,9;;;
1.10.2020 12:17;75;14,8;;;
1.10.2020 12:32;74;14,7;;;
1.10.2020 12:47;74;15,2;;;
1.10.2020 13:02;76;14,9;;;
1.10.2020 13:17;77;14,6;;;
1.10.2020 13:32;78;14,5;;;
1.10.2020 13:47;80;14,2;;;
1.10.2020 14:02;81;14,1;;;
1.10.2020 14:17;83;13,6;;;
1.10.2020 14:32;86;12,8;;;
1.10.2020 14:47;84;12,8;;;
1.10.2020 15:02;83;12,8;;;
1.10.2020 15:17;80;13;;;
1.10.2020 15:32;82;12,6;;;
1.10.2020 15:47;87;11,4;;;
1.10.2020 16:02;86;11,8;;;
1.10.2020 16:17;87;11,3;;;
1.10.2020 16:32;88;11,2;;;
1.10.2020 16:47;90;10,7;;;
1.10.2020 17:02;89;10,9;;;
1.10.2020 17:17;91;10,5;;;
1.10.2020 17:32;94;9,6;;;
1.10.2020 17:47;93;10;;;
1.10.2020 18:02;94;9,7;;;
1.10.2020 18:17;94;9,4;;;
1.10.2020 18:32;94;9,4;;;
1.10.2020 18:47;94;9,2;;;
1.10.2020 19:02;94;9,1;;;
1.10.2020 19:17;95;8,8;;;
1.10.2020 19:32;94;8,8;;;
1.10.2020 19:47;94;8,5;;;
1.10.2020 20:02;95;8,5;;;
1.10.2020 20:17;95;8,3;;;
1.10.2020 20:32;95;8,2;;;
1.10.2020 20:47;96;7,5;;;
1.10.2020 21:02;97;7,6;;;
1.10.2020 21:17;97;7,2;;;
1.10.2020 21:32;97;7,3;;;
1.10.2020 21:47;97;7,4;;;
1.10.2020 22:02;96;7,4;;;
1.10.2020 22:17;96;7,4;;;
1.10.2020 22:32;96;7,5;;;
1.10.2020 22:47;96;7,5;;;
1.10.2020 23:02;96;7,4;;;
1.10.2020 23:17;96;7,5;;;
1.10.2020 23:32;97;7,2;;;
1.10.2020 23:47;97;7;;;
2.10.2020 0:02;96;7,3;;;
2.10.2020 0:17;97;6,5;;;
2.10.2020 0:32;97;6,6;;;
2.10.2020 0:47;98;7;;;
2.10.2020 1:02;97;7,3;;;
2.10.2020 1:17;97;7,4;;;
2.10.2020 1:32;98;7,4;;;
2.10.2020 1:47;98;6,9;;;
2.10.2020 2:02;98;7,1;;;
2.10.2020 2:17;99;6,4;;;
2.10.2020 2:32;99;6,3;;;
2.10.2020 2:47;99;7;;;
2.10.2020 3:02;98;7,1;;;
2.10.2020 3:17;98;6,8;;;
2.10.2020 3:32;98;6,8;;;
2.10.2020 3:47;98;6,7;;;
2.10.2020 4:02;98;6,8;;;
2.10.2020 4:17;99;6,8;;;
2.10.2020 4:32;97;6,7;;;
2.10.2020 4:47;97;7,6;;;
2.10.2020 5:02;96;7,8;;;
2.10.2020 5:17;95;8;;;
2.10.2020 5:32;94;8,3;;;
2.10.2020 5:47;92;8,6;;;
2.10.2020 6:02;91;8,8;;;
2.10.2020 6:17;89;9,1;;;
2.10.2020 6:32;89;9,2;;;
2.10.2020 6:47;86;9,6;;;
2.10.2020 7:02;86;9,7;;;
2.10.2020 7:17;87;10,2;;;
2.10.2020 7:32;85;10,6;;;
2.10.2020 7:47;82;11;;;
2.10.2020 8:02;81;11,1;;;
2.10.2020 8:17;80;11,8;;;
2.10.2020 8:32;78;12,1;;;
2.10.2020 8:47;75;12,9;;;
2.10.2020 9:02;73;13,5;;;
2.10.2020 9:17;69;14;;;
2.10.2020 9:32;67;14,5;;;
2.10.2020 9:47;64;14,6;;;
2.10.2020 10:02;64;14,6;;;
2.10.2020 10:17;59;15,4;;;
2.10.2020 10:32;57;15,4;;;
2.10.2020 10:47;55;15,7;;;
2.10.2020 11:02;56;16;;;
2.10.2020 11:17;55;16,1;;;
2.10.2020 11:32;56;16,2;;;
2.10.2020 11:47;54;16,4;;;
2.10.2020 12:02;55;16;;;
2.10.2020 12:17;55;16,1;;;
2.10.2020 12:32;55;16,3;;;
2.10.2020 12:47;55;16,5;;;
2.10.2020 13:02;53;16,3;;;
2.10.2020 13:17;54;16,3;;;
2.10.2020 13:32;55;16,2;;;
2.10.2020 13:47;58;15,8;;;
2.10.2020 14:02;58;15,6;;;
2.10.2020 14:17;62;15,1;;;
2.10.2020 14:32;62;14,9;;;
2.10.2020 14:47;65;14,2;;;
2.10.2020 15:02;67;13,9;;;
2.10.2020 15:17;70;13,5;;;
2.10.2020 15:32;72;13;;;
2.10.2020 15:47;74;12,4;;;
2.10.2020 16:02;75;12,1;;;
2.10.2020 16:17;75;11,6;;;
2.10.2020 16:32;75;11,4;;;
2.10.2020 16:47;77;11,1;;;
2.10.2020 17:02;77;11;;;
2.10.2020 17:17;80;10,3;;;
2.10.2020 17:32;81;10,1;;;
2.10.2020 17:47;81;10,1;;;
2.10.2020 18:02;82;9,8;;;
2.10.2020 18:17;82;9,8;;;
2.10.2020 18:32;83;9,8;;;
2.10.2020 18:47;84;9,5;;;
2.10.2020 19:02;84;9,5;;;
2.10.2020 19:17;85;9,4;;;
2.10.2020 19:32;86;9,3;;;
2.10.2020 19:47;87;9,2;;;
2.10.2020 20:02;88;9,1;;;
2.10.2020 20:17;88;8,8;;;
2.10.2020 20:32;88;8,8;;;
2.10.2020 20:47;89;8,9;;;
2.10.2020 21:02;90;8,9;;;
2.10.2020 21:17;89;8,8;;;
2.10.2020 21:32;90;8,8;;;
2.10.2020 21:47;89;8,9;;;
2.10.2020 22:02;89;9;;;
2.10.2020 22:17;89;8,8;;;
2.10.2020 22:32;89;8,9;;;
2.10.2020 22:47;89;8,7;;;
2.10.2020 23:02;89;8,8;;;
2.10.2020 23:17;90;8,8;;;
2.10.2020 23:32;90;8,7;;;
2.10.2020 23:47;90;8,7;;;
3.10.2020 0:02;90;8,7;;;
3.10.2020 0:17;90;8,5;;;
3.10.2020 0:32;90;8,7;;;
3.10.2020 0:47;90;8,6;;;
3.10.2020 1:02;90;8,5;;;
3.10.2020 1:17;90;8,6;;;
3.10.2020 1:32;89;8,5;;;
3.10.2020 1:47;89;8,6;;;
3.10.2020 2:02;91;8,3;;;
3.10.2020 2:17;91;8,4;;;
3.10.2020 2:32;91;8,4;;;
3.10.2020 2:47;91;8,3;;;
3.10.2020 3:02;91;8,5;;;
3.10.2020 3:17;93;8,2;;;
3.10.2020 3:32;92;8,1;;;
3.10.2020 3:47;93;8,1;;;
3.10.2020 4:02;94;7,9;;;
3.10.2020 4:17;94;8,2;;;
3.10.2020 4:32;94;8,3;;;
3.10.2020 4:47;95;8,3;;;
3.10.2020 5:02;95;8,4;;;
3.10.2020 5:17;94;8,6;;;
3.10.2020 5:32;94;8,8;;;
3.10.2020 5:47;94;8,9;;;
3.10.2020 6:02;94;9;;;
3.10.2020 6:17;93;9,4;;;
3.10.2020 6:32;92;9,5;;;
3.10.2020 6:47;91;9,7;;;
3.10.2020 7:02;91;9,9;;;
3.10.2020 7:17;90;10,3;;;
3.10.2020 7:32;87;10,6;;;
3.10.2020 7:47;84;11;;;
3.10.2020 8:02;83;11,2;;;
3.10.2020 8:17;81;12,1;;;
3.10.2020 8:32;78;12,6;;;
3.10.2020 8:47;76;13,3;;;
3.10.2020 9:02;74;13,7;;;
3.10.2020 9:17;72;14,1;;;
3.10.2020 9:32;70;14,6;;;
3.10.2020 9:47;65;15,4;;;
3.10.2020 10:02;64;16,1;;;
3.10.2020 10:17;58;16,5;;;
3.10.2020 10:32;58;16,8;;;
3.10.2020 10:47;56;17,2;;;
3.10.2020 11:02;56;16,7;;;
3.10.2020 11:17;54;17,3;;;
3.10.2020 11:32;53;17,2;;;
3.10.2020 11:47;54;17,2;;;
3.10.2020 12:02;55;16,9;;;
3.10.2020 12:17;55;17;;;
3.10.2020 12:32;55;17,2;;;
3.10.2020 12:47;55;16,7;;;
3.10.2020 13:02;54;16,7;;;
3.10.2020 13:17;57;16,2;;;
3.10.2020 13:32;58;16,2;;;
3.10.2020 13:47;59;16;;;
3.10.2020 14:02;61;15,9;;;
3.10.2020 14:17;64;15,5;;;
3.10.2020 14:32;66;15,2;;;
3.10.2020 14:47;71;14,4;;;
3.10.2020 15:02;72;14,1;;;
3.10.2020 15:17;73;13,7;;;
3.10.2020 15:32;75;13,2;;;
3.10.2020 15:47;78;12,6;;;
3.10.2020 16:02;79;12,4;;;
3.10.2020 16:17;80;12;;;
3.10.2020 16:32;81;11,8;;;
3.10.2020 16:47;81;11,8;;;
3.10.2020 17:02;82;11,7;;;
3.10.2020 17:17;81;11,7;;;
3.10.2020 17:32;80;12;;;
3.10.2020 17:47;81;11,9;;;
3.10.2020 18:02;81;11,8;;;
3.10.2020 18:17;80;11,9;;;
3.10.2020 18:32;80;12;;;
3.10.2020 18:47;75;12,9;;;
3.10.2020 19:02;74;13;;;
3.10.2020 19:17;72;13,4;;;
3.10.2020 19:32;73;13,4;;;
3.10.2020 19:47;71;13,6;;;
3.10.2020 20:02;72;13,5;;;
3.10.2020 20:17;72;13,4;;;
3.10.2020 20:32;71;13,5;;;
3.10.2020 20:47;70;13,7;;;
3.10.2020 21:02;70;13,7;;;
3.10.2020 21:17;76;13,1;;;
3.10.2020 21:32;78;13;;;
3.10.2020 21:47;77;13;;;
3.10.2020 22:02;77;13,1;;;
3.10.2020 22:17;85;12,4;;;
3.10.2020 22:32;85;12,4;;;
3.10.2020 22:47;84;12,3;;;
3.10.2020 23:02;85;12,2;;;
3.10.2020 23:17;85;12,1;;;
3.10.2020 23:32;83;12,3;;;
3.10.2020 23:47;87;12;;;
4.10.2020 0:02;90;11,7;;;
4.10.2020 0:17;90;11,7;;;
4.10.2020 0:32;90;11,6;;;
4.10.2020 0:47;91;11,5;;;
4.10.2020 1:02;90;11,6;;;
4.10.2020 1:17;91;11,5;;;
4.10.2020 1:32;90;11,5;;;
4.10.2020 1:47;89;11,5;;;
4.10.2020 2:02;87;11,7;;;
4.10.2020 2:17;86;11,6;;;
4.10.2020 2:32;84;11,8;;;
4.10.2020 2:47;86;11,3;;;
4.10.2020 3:02;88;11,2;;;
4.10.2020 3:17;88;10,9;;;
4.10.2020 3:32;89;10,7;;;
4.10.2020 3:47;90;10,3;;;
4.10.2020 4:02;88;10,4;;;
4.10.2020 4:17;89;10,2;;;
4.10.2020 4:32;90;10,1;;;
4.10.2020 4:47;88;10,3;;;
4.10.2020 5:02;87;10,5;;;
4.10.2020 5:17;85;10,7;;;
4.10.2020 5:32;86;10,6;;;
4.10.2020 5:47;87;10,5;;;
4.10.2020 6:02;86;10,6;;;
4.10.2020 6:17;85;10,9;;;
4.10.2020 6:32;85;10,9;;;
4.10.2020 6:47;84;11;;;
4.10.2020 7:02;84;11,1;;;
4.10.2020 7:17;83;11,3;;;
4.10.2020 7:32;82;11,4;;;
4.10.2020 7:47;79;11,7;;;
4.10.2020 8:02;80;12;;;
4.10.2020 8:17;78;12,1;;;
4.10.2020 8:32;78;12,2;;;
4.10.2020 8:47;76;12,6;;;
4.10.2020 9:02;75;12,7;;;
4.10.2020 9:17;75;12,7;;;
4.10.2020 9:32;74;12,7;;;
4.10.2020 9:47;72;12,9;;;
4.10.2020 10:02;72;13;;;
4.10.2020 10:17;68;13,2;;;
4.10.2020 10:32;66;13,3;;;
4.10.2020 10:47;64;13,5;;;
4.10.2020 11:02;65;13,4;;;
4.10.2020 11:17;65;13,4;;;
4.10.2020 11:32;65;13,5;;;
4.10.2020 11:47;66;13,5;;;
4.10.2020 12:02;66;13,5;;;
4.10.2020 12:17;70;13,1;;;
4.10.2020 12:32;70;13;;;
4.10.2020 12:47;75;12,4;;;
4.10.2020 13:02;78;12,1;;;
4.10.2020 13:17;82;11,7;;;
4.10.2020 13:32;85;11,2;;;
4.10.2020 13:47;85;11;;;
4.10.2020 14:02;85;10,9;;;
4.10.2020 14:17;86;11;;;
4.10.2020 14:32;86;10,9;;;
4.10.2020 14:47;84;10,9;;;
4.10.2020 15:02;84;10,8;;;
4.10.2020 15:17;86;10,6;;;
4.10.2020 15:32;86;10,5;;;
4.10.2020 15:47;88;10,3;;;
4.10.2020 16:02;89;10,2;;;
4.10.2020 16:17;91;10;;;
4.10.2020 16:32;92;9,9;;;
4.10.2020 16:47;94;9,8;;;
4.10.2020 17:02;95;9,6;;;
4.10.2020 17:17;96;9,6;;;
4.10.2020 17:32;95;9,7;;;
4.10.2020 17:47;96;9,7;;;
4.10.2020 18:02;96;9,7;;;
4.10.2020 18:17;97;9,7;;;
4.10.2020 18:32;97;9,7;;;
4.10.2020 18:47;97;9,8;;;
4.10.2020 19:02;97;9,8;;;
4.10.2020 19:17;96;9,8;;;
4.10.2020 19:32;98;9,8;;;
4.10.2020 19:47;97;9,9;;;
4.10.2020 20:02;97;9,9;;;
4.10.2020 20:17;97;10;;;
4.10.2020 20:32;97;10;;;
4.10.2020 20:47;96;10,2;;;
4.10.2020 21:02;96;10,2;;;
4.10.2020 21:17;96;10,3;;;
4.10.2020 21:32;96;10,3;;;
4.10.2020 21:47;96;10,3;;;
4.10.2020 22:02;96;10,4;;;
4.10.2020 22:17;97;10,4;;;
4.10.2020 22:32;97;10,3;;;
4.10.2020 22:47;97;10,4;;;
4.10.2020 23:02;97;10,4;;;
4.10.2020 23:17;97;10,4;;;
4.10.2020 23:32;97;10,5;;;
4.10.2020 23:47;97;10,5;;;
5.10.2020 0:02;97;10,5;;;
5.10.2020 0:17;97;10,6;;;
5.10.2020 0:32;97;10,6;;;
5.10.2020 0:47;97;10,7;;;
5.10.2020 1:02;97;10,7;;;
5.10.2020 1:17;97;10,8;;;
5.10.2020 1:32;97;10,8;;;
5.10.2020 1:47;97;10,9;;;
5.10.2020 2:02;97;10,9;;;
5.10.2020 2:17;96;11;;;
5.10.2020 2:32;96;11,1;;;
5.10.2020 2:47;97;11,1;;;
5.10.2020 3:02;97;11,1;;;
5.10.2020 3:17;97;11,2;;;
5.10.2020 3:32;97;11,2;;;
5.10.2020 3:47;97;11,3;;;
5.10.2020 4:02;97;11,3;;;
5.10.2020 4:17;97;11,4;;;
5.10.2020 4:32;97;11,5;;;
5.10.2020 4:47;97;11,6;;;
5.10.2020 5:02;97;11,7;;;
5.10.2020 5:17;97;11,9;;;
5.10.2020 5:32;96;12,1;;;
5.10.2020 5:47;97;12,3;;;
5.10.2020 6:02;97;12,4;;;
5.10.2020 6:17;97;12,9;;;
5.10.2020 6:32;97;13;;;
5.10.2020 6:47;96;13,3;;;
5.10.2020 7:02;97;13,3;;;
5.10.2020 7:17;96;13,7;;;
5.10.2020 7:32;96;13,9;;;
5.10.2020 7:47;96;14;;;
5.10.2020 8:02;96;14;;;
5.10.2020 8:17;94;14,3;;;
5.10.2020 8:32;95;14,4;;;
5.10.2020 8:47;92;14,9;;;
5.10.2020 9:02;93;14,9;;;
5.10.2020 9:17;88;15,1;;;
5.10.2020 9:32;87;15,3;;;
5.10.2020 9:47;84;15,7;;;
5.10.2020 10:02;83;15,6;;;
5.10.2020 10:17;82;15,8;;;
5.10.2020 10:32;79;16,7;;;
5.10.2020 10:47;80;16,2;;;
5.10.2020 11:02;81;15,8;;;
5.10.2020 11:17;78;16,7;;;
5.10.2020 11:32;71;17,7;;;
5.10.2020 11:47;69;17,4;;;
5.10.2020 12:02;70;17,6;;;
5.10.2020 12:17;69;17,3;;;
5.10.2020 12:32;69;17,6;;;
5.10.2020 12:47;67;17,4;;;
5.10.2020 13:02;66;17,4;;;
5.10.2020 13:17;66;17,3;;;
5.10.2020 13:32;65;17,3;;;
5.10.2020 13:47;70;17;;;
5.10.2020 14:02;71;16,7;;;
5.10.2020 14:17;71;16,3;;;
5.10.2020 14:32;72;16,2;;;
5.10.2020 14:47;76;15,5;;;
5.10.2020 15:02;78;15,2;;;
5.10.2020 15:17;83;14,3;;;
5.10.2020 15:32;88;13,8;;;
5.10.2020 15:47;92;13,7;;;
5.10.2020 16:02;94;13,3;;;
5.10.2020 16:17;97;13,1;;;
5.10.2020 16:32;96;13;;;
5.10.2020 16:47;97;12,6;;;
5.10.2020 17:02;98;12,3;;;
5.10.2020 17:17;98;11,8;;;
5.10.2020 17:32;98;11,8;;;
5.10.2020 17:47;100;11,3;;;
5.10.2020 18:02;100;11,7;;;
5.10.2020 18:17;100;11,3;;;
5.10.2020 18:32;100;10,8;;;
5.10.2020 18:47;99;11,5;;;
5.10.2020 19:02;99;11,6;;;
5.10.2020 19:17;99;11,6;;;
5.10.2020 19:32;99;11,6;;;
5.10.2020 19:47;99;11,9;;;
5.10.2020 20:02;99;11,9;;;
5.10.2020 20:17;100;11,8;;;
5.10.2020 20:32;100;11,8;;;
5.10.2020 20:47;100;11,8;;;
5.10.2020 21:02;100;11,7;;;
5.10.2020 21:17;100;11,5;;;
5.10.2020 21:32;100;11,4;;;
5.10.2020 21:47;100;11,4;;;
5.10.2020 22:02;100;11,2;;;
5.10.2020 22:17;100;11,4;;;
5.10.2020 22:32;100;11,4;;;
5.10.2020 22:47;100;11,5;;;
5.10.2020 23:02;100;11,7;;;
5.10.2020 23:17;100;11,9;;;
5.10.2020 23:32;100;11,9;;;
5.10.2020 23:47;100;12,1;;;
6.10.2020 0:02;100;12,2;;;
6.10.2020 0:17;100;12,4;;;
6.10.2020 0:32;100;12,5;;;
6.10.2020 0:47;100;12,6;;;
6.10.2020 1:02;100;12,7;;;
6.10.2020 1:17;100;12,9;;;
6.10.2020 1:32;100;12,9;;;
6.10.2020 1:47;99;13,1;;;
6.10.2020 2:02;99;13,1;;;
6.10.2020 2:17;99;13,1;;;
6.10.2020 2:32;99;13,1;;;
6.10.2020 2:47;99;13,1;;;
6.10.2020 3:02;99;13,1;;;
6.10.2020 3:17;98;13,1;;;
6.10.2020 3:32;98;13;;;
6.10.2020 3:47;97;12,9;;;
6.10.2020 4:02;97;12,9;;;
6.10.2020 4:17;97;12,8;;;
6.10.2020 4:32;97;12,6;;;
6.10.2020 4:47;96;12,5;;;
6.10.2020 5:02;96;12,5;;;
6.10.2020 5:17;95;12,4;;;
6.10.2020 5:32;95;12,2;;;
6.10.2020 5:47;94;12,1;;;
6.10.2020 6:02;93;12,2;;;
6.10.2020 6:17;91;12,2;;;
6.10.2020 6:32;92;12,2;;;
6.10.2020 6:47;89;12,4;;;
6.10.2020 7:02;89;12,5;;;
6.10.2020 7:17;88;12,5;;;
6.10.2020 7:32;84;12,6;;;
6.10.2020 7:47;84;12,5;;;
6.10.2020 8:02;82;12,5;;;
6.10.2020 8:17;84;12,4;;;
6.10.2020 8:32;83;12,5;;;
6.10.2020 8:47;80;12,9;;;
6.10.2020 9:02;78;13,3;;;
6.10.2020 9:17;76;13,2;;;
6.10.2020 9:32;75;13,3;;;
6.10.2020 9:47;75;13,1;;;
6.10.2020 10:02;76;13,1;;;
6.10.2020 10:17;75;13,1;;;
6.10.2020 10:32;76;13;;;
6.10.2020 10:47;78;12,9;;;
6.10.2020 11:02;77;12,9;;;
6.10.2020 11:17;78;12,8;;;
6.10.2020 11:32;82;12,3;;;
6.10.2020 11:47;80;12,5;;;
6.10.2020 12:02;78;12,6;;;
6.10.2020 12:17;86;11,7;;;
6.10.2020 12:32;89;11,6;;;
6.10.2020 12:47;87;11,7;;;
6.10.2020 13:02;87;11,7;;;
6.10.2020 13:17;86;11,8;;;
6.10.2020 13:32;87;11,8;;;
6.10.2020 13:47;86;11,8;;;
6.10.2020 14:02;86;11,9;;;
6.10.2020 14:17;86;11,9;;;
6.10.2020 14:32;87;11,8;;;
6.10.2020 14:47;88;11,7;;;
6.10.2020 15:02;88;11,6;;;
6.10.2020 15:17;88;11,6;;;
6.10.2020 15:32;89;11,6;;;
6.10.2020 15:47;89;11,5;;;
6.10.2020 16:02;89;11,4;;;
6.10.2020 16:17;91;11,1;;;
6.10.2020 16:32;91;11,3;;;
6.10.2020 16:47;91;11,3;;;
6.10.2020 17:02;91;11,3;;;
6.10.2020 17:17;92;11;;;
6.10.2020 17:32;93;11;;;
6.10.2020 17:47;93;11;;;
6.10.2020 18:02;93;11,1;;;
6.10.2020 18:17;94;11,2;;;
6.10.2020 18:32;94;11,3;;;
6.10.2020 18:47;94;11,6;;;
6.10.2020 19:02;94;11,8;;;
6.10.2020 19:17;95;12,2;;;
6.10.2020 19:32;94;12,4;;;
6.10.2020 19:47;95;12,5;;;
6.10.2020 20:02;95;12,7;;;
6.10.2020 20:17;93;13;;;
6.10.2020 20:32;94;13;;;
6.10.2020 20:47;95;13;;;
6.10.2020 21:02;95;13;;;
6.10.2020 21:17;96;12,9;;;
6.10.2020 21:32;95;13;;;
6.10.2020 21:47;97;12,8;;;
6.10.2020 22:02;96;12,9;;;
6.10.2020 22:17;96;12,9;;;
6.10.2020 22:32;97;12,8;;;
6.10.2020 22:47;97;12,7;;;
6.10.2020 23:02;97;12,6;;;
6.10.2020 23:17;97;12,6;;;
6.10.2020 23:32;97;12,6;;;
6.10.2020 23:47;97;12,5;;;
7.10.2020 0:02;97;12,5;;;
7.10.2020 0:17;97;12,3;;;
7.10.2020 0:32;97;12,2;;;
7.10.2020 0:47;98;11,9;;;
7.10.2020 1:02;98;11,6;;;
7.10.2020 1:17;99;11,5;;;
7.10.2020 1:32;99;11,1;;;
7.10.2020 1:47;99;11,5;;;
7.10.2020 2:02;99;11,5;;;
7.10.2020 2:17;100;11,4;;;
7.10.2020 2:32;100;11,4;;;
7.10.2020 2:47;100;11,4;;;
7.10.2020 3:02;100;11,4;;;
7.10.2020 3:17;100;11,4;;;
7.10.2020 3:32;99;11,4;;;
7.10.2020 3:47;99;11,4;;;
7.10.2020 4:02;98;11,4;;;
7.10.2020 4:17;98;11,4;;;
7.10.2020 4:32;97;11,4;;;
7.10.2020 4:47;97;11,4;;;
7.10.2020 5:02;96;11,5;;;
7.10.2020 5:17;95;11,6;;;
7.10.2020 5:32;96;11,6;;;
7.10.2020 5:47;94;11,7;;;
7.10.2020 6:02;95;11,7;;;
7.10.2020 6:17;92;11,8;;;
7.10.2020 6:32;94;11,8;;;
7.10.2020 6:47;93;11,9;;;
7.10.2020 7:02;92;12;;;
7.10.2020 7:17;93;12;;;
7.10.2020 7:32;93;12,1;;;
7.10.2020 7:47;94;12,1;;;
7.10.2020 8:02;94;12;;;
7.10.2020 8:17;93;12,1;;;
7.10.2020 8:32;92;12,1;;;
7.10.2020 8:47;93;12,2;;;
7.10.2020 9:02;92;12,4;;;
7.10.2020 9:17;;;;;
7.10.2020 9:32;89;12,9;;;
7.10.2020 9:47;83;13,5;;;
7.10.2020 10:02;83;13,6;;;
7.10.2020 10:17;82;13,6;;;
7.10.2020 10:32;82;13,6;;;
7.10.2020 10:47;82;13,8;;;
7.10.2020 11:02;81;13,8;;;
7.10.2020 11:17;76;14;;;
7.10.2020 11:32;75;14;;;
7.10.2020 11:47;79;14;;;
7.10.2020 12:02;78;13,9;;;
7.10.2020 12:17;79;13,9;;;
7.10.2020 12:32;79;13,9;;;
7.10.2020 12:47;80;14,2;;;
7.10.2020 13:02;80;14;;;
7.10.2020 13:17;78;14;;;
7.10.2020 13:32;78;14,4;;;
7.10.2020 13:47;79;13,8;;;
7.10.2020 14:02;81;13,5;;;
7.10.2020 14:17;83;13,3;;;
7.10.2020 14:32;83;13,1;;;
7.10.2020 14:47;85;12,8;;;
7.10.2020 15:02;86;12,5;;;
7.10.2020 15:17;89;12;;;
7.10.2020 15:32;90;11,5;;;
7.10.2020 15:47;91;11,5;;;
7.10.2020 16:02;91;11,4;;;
7.10.2020 16:17;92;11,1;;;
7.10.2020 16:32;90;11,6;;;
7.10.2020 16:47;92;11,4;;;
7.10.2020 17:02;92;11,4;;;
7.10.2020 17:17;93;11,2;;;
7.10.2020 17:32;93;11;;;
7.10.2020 17:47;95;10,7;;;
7.10.2020 18:02;95;10,5;;;
7.10.2020 18:17;97;10,3;;;
7.10.2020 18:32;97;10,3;;;
7.10.2020 18:47;97;9,9;;;
7.10.2020 19:02;98;10;;;
7.10.2020 19:17;98;9,8;;;
7.10.2020 19:32;98;9,7;;;
7.10.2020 19:47;99;9,6;;;
7.10.2020 20:02;98;9,7;;;
7.10.2020 20:17;99;9,5;;;
7.10.2020 20:32;99;9,7;;;
7.10.2020 20:47;99;9,6;;;
7.10.2020 21:02;99;9,6;;;
7.10.2020 21:17;100;9,7;;;
7.10.2020 21:32;100;9,7;;;
7.10.2020 21:47;100;9,9;;;
7.10.2020 22:02;100;9,9;;;
7.10.2020 22:17;100;9,8;;;
7.10.2020 22:32;100;9,8;;;
7.10.2020 22:47;100;9,8;;;
7.10.2020 23:02;100;9,8;;;
7.10.2020 23:17;100;9,7;;;
7.10.2020 23:32;100;9,7;;;
7.10.2020 23:47;100;9,8;;;
8.10.2020 0:02;100;9,8;;;
8.10.2020 0:17;100;9,9;;;
8.10.2020 0:32;100;9,9;;;
8.10.2020 0:47;100;9,8;;;
8.10.2020 1:02;100;9,9;;;
8.10.2020 1:17;100;9,9;;;
8.10.2020 1:32;100;9,9;;;
8.10.2020 1:47;100;10;;;
8.10.2020 2:02;100;10,1;;;
8.10.2020 2:17;100;10,1;;;
8.10.2020 2:32;100;10,2;;;
8.10.2020 2:47;100;10,2;;;
8.10.2020 3:02;100;10,2;;;
8.10.2020 3:17;100;10,2;;;
8.10.2020 3:32;100;10,2;;;
8.10.2020 3:47;100;10,2;;;
8.10.2020 4:02;100;10,3;;;
8.10.2020 4:17;100;10,5;;;
8.10.2020 4:32;100;10,6;;;
8.10.2020 4:47;100;10,8;;;
8.10.2020 5:02;100;10,8;;;
8.10.2020 5:17;100;11;;;
8.10.2020 5:32;100;11,1;;;
8.10.2020 5:47;100;11,3;;;
8.10.2020 6:02;100;11,4;;;
8.10.2020 6:17;100;11,5;;;
8.10.2020 6:32;100;11,5;;;
8.10.2020 6:47;100;11,6;;;
8.10.2020 7:02;100;11,7;;;
8.10.2020 7:17;100;11,8;;;
8.10.2020 7:32;100;11,9;;;
8.10.2020 7:47;100;12;;;
8.10.2020 8:02;99;12,1;;;
8.10.2020 8:17;99;12,2;;;
8.10.2020 8:32;99;12,2;;;
8.10.2020 8:47;99;12,2;;;
8.10.2020 9:02;99;12,3;;;
8.10.2020 9:17;100;12,3;;;
8.10.2020 9:32;100;12,3;;;
8.10.2020 9:47;99;12,4;;;
8.10.2020 10:02;99;12,5;;;
8.10.2020 10:17;99;12,5;;;
8.10.2020 10:32;99;12,6;;;
8.10.2020 10:47;99;12,5;;;
8.10.2020 11:02;99;12,5;;;
8.10.2020 11:17;99;12,6;;;
8.10.2020 11:32;99;12,6;;;
8.10.2020 11:47;98;12,6;;;
8.10.2020 12:02;98;12,6;;;
8.10.2020 12:17;99;12,6;;;
8.10.2020 12:32;97;12,6;;;
8.10.2020 12:47;96;12,7;;;
8.10.2020 13:02;96;12,7;;;
8.10.2020 13:17;95;12,6;;;
8.10.2020 13:32;96;12,6;;;
8.10.2020 13:47;98;12,5;;;
8.10.2020 14:02;96;12,5;;;
8.10.2020 14:17;96;12,5;;;
8.10.2020 14:32;96;12,3;;;
8.10.2020 14:47;96;12,1;;;
8.10.2020 15:02;97;12;;;
8.10.2020 15:17;96;12;;;
8.10.2020 15:32;96;12;;;
8.10.2020 15:47;97;11,9;;;
8.10.2020 16:02;98;11,8;;;
8.10.2020 16:17;97;11,9;;;
8.10.2020 16:32;97;11,8;;;
8.10.2020 16:47;97;11,7;;;
8.10.2020 17:02;97;11,7;;;
8.10.2020 17:17;98;11,6;;;
8.10.2020 17:32;98;11,5;;;
8.10.2020 17:47;98;11,2;;;
8.10.2020 18:02;99;11;;;
8.10.2020 18:17;99;10,7;;;
8.10.2020 18:32;99;10,7;;;
8.10.2020 18:47;99;10,9;;;
8.10.2020 19:02;99;11;;;
8.10.2020 19:17;100;11;;;
8.10.2020 19:32;100;11,1;;;
8.10.2020 19:47;99;11,4;;;
8.10.2020 20:02;99;11,4;;;
8.10.2020 20:17;98;11,5;;;
8.10.2020 20:32;98;11,5;;;
8.10.2020 20:47;98;11,5;;;
8.10.2020 21:02;98;11,5;;;
8.10.2020 21:17;98;11,6;;;
8.10.2020 21:32;97;11,6;;;
8.10.2020 21:47;97;11,6;;;
8.10.2020 22:02;97;11,6;;;
8.10.2020 22:17;98;11,6;;;
8.10.2020 22:32;97;11,5;;;
8.10.2020 22:47;98;11,5;;;
8.10.2020 23:02;98;11,4;;;
8.10.2020 23:17;98;11,4;;;
8.10.2020 23:32;98;11,4;;;
8.10.2020 23:47;99;11,4;;;
9.10.2020 0:02;99;11,4;;;
9.10.2020 0:17;99;11,3;;;
9.10.2020 0:32;98;11,2;;;
9.10.2020 0:47;98;11,2;;;
9.10.2020 1:02;98;11,1;;;
9.10.2020 1:17;99;11;;;
9.10.2020 1:32;98;11,1;;;
9.10.2020 1:47;99;11,1;;;
9.10.2020 2:02;99;11,1;;;
9.10.2020 2:17;99;11,2;;;
9.10.2020 2:32;98;11,3;;;
9.10.2020 2:47;98;11,4;;;
9.10.2020 3:02;97;11,4;;;
9.10.2020 3:17;97;11,4;;;
9.10.2020 3:32;97;11,4;;;
9.10.2020 3:47;96;11,4;;;
9.10.2020 4:02;95;11,5;;;
9.10.2020 4:17;96;11,4;;;
9.10.2020 4:32;96;11,4;;;
9.10.2020 4:47;95;11,5;;;
9.10.2020 5:02;97;11,4;;;
9.10.2020 5:17;96;11,5;;;
9.10.2020 5:32;95;11,6;;;
9.10.2020 5:47;94;11,6;;;
9.10.2020 6:02;95;11,6;;;
9.10.2020 6:17;94;11,7;;;
9.10.2020 6:32;94;11,7;;;
9.10.2020 6:47;94;11,9;;;
9.10.2020 7:02;95;11,9;;;
9.10.2020 7:17;95;11,7;;;
9.10.2020 7:32;95;11,7;;;
9.10.2020 7:47;97;11,4;;;
9.10.2020 8:02;96;11,5;;;
9.10.2020 8:17;97;11,5;;;
9.10.2020 8:32;97;11,6;;;
9.10.2020 8:47;94;11,8;;;
9.10.2020 9:02;95;11,7;;;
9.10.2020 9:17;94;11,8;;;
9.10.2020 9:32;88;12,1;;;
9.10.2020 9:47;86;12,5;;;
9.10.2020 10:02;85;12,1;;;
9.10.2020 10:17;85;12,1;;;
9.10.2020 10:32;82;12,2;;;
9.10.2020 10:47;83;11,9;;;
9.10.2020 11:02;83;11,8;;;
9.10.2020 11:17;82;12,1;;;
9.10.2020 11:32;82;12,4;;;
9.10.2020 11:47;79;12,2;;;
9.10.2020 12:02;79;12,2;;;
9.10.2020 12:17;80;12;;;
9.10.2020 12:32;79;12;;;
9.10.2020 12:47;80;12,3;;;
9.10.2020 13:02;80;12,1;;;
9.10.2020 13:17;80;11,9;;;
9.10.2020 13:32;80;11,9;;;
9.10.2020 13:47;82;11,7;;;
9.10.2020 14:02;82;11,7;;;
9.10.2020 14:17;84;11,6;;;
9.10.2020 14:32;84;11,5;;;
9.10.2020 14:47;83;11,5;;;
9.10.2020 15:02;83;11,4;;;
9.10.2020 15:17;83;11,2;;;
9.10.2020 15:32;85;11;;;
9.10.2020 15:47;85;10,9;;;
9.10.2020 16:02;85;10,9;;;
9.10.2020 16:17;85;11;;;
9.10.2020 16:32;85;11;;;
9.10.2020 16:47;86;11,1;;;
9.10.2020 17:02;88;10,9;;;
9.10.2020 17:17;90;10,8;;;
9.10.2020 17:32;91;10,6;;;
9.10.2020 17:47;92;10,6;;;
9.10.2020 18:02;91;10,8;;;
9.10.2020 18:17;93;10,7;;;
9.10.2020 18:32;95;10,6;;;
9.10.2020 18:47;97;10,6;;;
9.10.2020 19:02;97;10,6;;;
9.10.2020 19:17;98;10,7;;;
9.10.2020 19:32;98;10,7;;;
9.10.2020 19:47;99;10,8;;;
9.10.2020 20:02;98;10,9;;;
9.10.2020 20:17;98;11;;;
9.10.2020 20:32;98;11,1;;;
9.10.2020 20:47;98;11,1;;;
9.10.2020 21:02;98;11,2;;;
9.10.2020 21:17;97;11,1;;;
9.10.2020 21:32;96;11;;;
9.10.2020 21:47;95;10,6;;;
9.10.2020 22:02;96;10,2;;;
9.10.2020 22:17;97;9,7;;;
9.10.2020 22:32;97;9,8;;;
9.10.2020 22:47;98;9,2;;;
9.10.2020 23:02;97;9;;;
9.10.2020 23:17;98;8,6;;;
9.10.2020 23:32;98;8,7;;;
9.10.2020 23:47;98;8,4;;;
10.10.2020 0:02;98;8,4;;;
10.10.2020 0:17;99;7,9;;;
10.10.2020 0:32;99;7,8;;;
10.10.2020 0:47;99;7,7;;;
10.10.2020 1:02;99;7,5;;;
10.10.2020 1:17;99;7,4;;;
10.10.2020 1:32;99;7,4;;;
10.10.2020 1:47;99;7,3;;;
10.10.2020 2:02;98;7,2;;;
10.10.2020 2:17;97;7,6;;;
10.10.2020 2:32;97;7,7;;;
10.10.2020 2:47;97;7,7;;;
10.10.2020 3:02;97;7,8;;;
10.10.2020 3:17;98;7,8;;;
10.10.2020 3:32;98;7,8;;;
10.10.2020 3:47;99;8,1;;;
10.10.2020 4:02;99;8,3;;;
10.10.2020 4:17;98;8,8;;;
10.10.2020 4:32;98;8,9;;;
10.10.2020 4:47;98;8,9;;;
10.10.2020 5:02;97;8,9;;;
10.10.2020 5:17;97;8,8;;;
10.10.2020 5:32;97;8,9;;;
10.10.2020 5:47;95;9,1;;;
10.10.2020 6:02;96;9,3;;;
10.10.2020 6:17;94;9,6;;;
10.10.2020 6:32;94;9,8;;;
10.10.2020 6:47;90;10,1;;;
10.10.2020 7:02;89;10,4;;;
10.10.2020 7:17;87;10,8;;;
10.10.2020 7:32;87;10,9;;;
10.10.2020 7:47;84;11,2;;;
10.10.2020 8:02;83;11,5;;;
10.10.2020 8:17;80;11,4;;;
10.10.2020 8:32;80;11,5;;;
10.10.2020 8:47;74;11,9;;;
10.10.2020 9:02;75;12,3;;;
10.10.2020 9:17;70;12,4;;;
10.10.2020 9:32;68;12,4;;;
10.10.2020 9:47;66;12,5;;;
10.10.2020 10:02;66;12,8;;;
10.10.2020 10:17;64;13,1;;;
10.10.2020 10:32;65;12,9;;;
10.10.2020 10:47;60;13,1;;;
10.10.2020 11:02;61;13,1;;;
10.10.2020 11:17;59;13,1;;;
10.10.2020 11:32;58;13,5;;;
10.10.2020 11:47;59;13,3;;;
10.10.2020 12:02;59;13,3;;;
10.10.2020 12:17;61;13,7;;;
10.10.2020 12:32;64;12,9;;;
10.10.2020 12:47;67;13,4;;;
10.10.2020 13:02;69;12,8;;;
10.10.2020 13:17;72;12,5;;;
10.10.2020 13:32;74;12,3;;;
10.10.2020 13:47;75;12,1;;;
10.10.2020 14:02;75;11,9;;;
10.10.2020 14:17;77;11,6;;;
10.10.2020 14:32;77;11,4;;;
10.10.2020 14:47;80;11;;;
10.10.2020 15:02;81;10,7;;;
10.10.2020 15:17;85;10,2;;;
10.10.2020 15:32;86;10;;;
10.10.2020 15:47;88;9,7;;;
10.10.2020 16:02;89;9,5;;;
10.10.2020 16:17;91;9,1;;;
10.10.2020 16:32;92;9,1;;;
10.10.2020 16:47;93;8,9;;;
10.10.2020 17:02;94;8,9;;;
10.10.2020 17:17;95;8,6;;;
10.10.2020 17:32;97;8,6;;;
10.10.2020 17:47;97;8,5;;;
10.10.2020 18:02;98;8,3;;;
10.10.2020 18:17;98;8,1;;;
10.10.2020 18:32;98;8,3;;;
10.10.2020 18:47;99;8,1;;;
10.10.2020 19:02;99;8,2;;;
10.10.2020 19:17;99;7,9;;;
10.10.2020 19:32;100;7,8;;;
10.10.2020 19:47;99;7,8;;;
10.10.2020 20:02;99;7,9;;;
10.10.2020 20:17;98;8,3;;;
10.10.2020 20:32;98;8,1;;;
10.10.2020 20:47;99;8;;;
10.10.2020 21:02;99;8;;;
10.10.2020 21:17;99;7,9;;;
10.10.2020 21:32;99;7,8;;;
10.10.2020 21:47;99;7,4;;;
10.10.2020 22:02;100;7,3;;;
10.10.2020 22:17;100;4,8;;;
10.10.2020 22:32;100;5,1;;;
10.10.2020 22:47;100;4,9;;;
10.10.2020 23:02;100;6,1;;;
10.10.2020 23:17;100;7;;;
10.10.2020 23:32;100;7;;;
10.10.2020 23:47;100;7,1;;;
11.10.2020 0:02;100;7,1;;;
11.10.2020 0:17;100;6,9;;;
11.10.2020 0:32;100;6,8;;;
11.10.2020 0:47;100;7,1;;;
11.10.2020 1:02;100;7,1;;;
11.10.2020 1:17;100;7;;;
11.10.2020 1:32;100;6,9;;;
11.10.2020 1:47;100;6,8;;;
11.10.2020 2:02;100;6,7;;;
11.10.2020 2:17;100;6,6;;;
11.10.2020 2:32;100;6,6;;;
11.10.2020 2:47;99;6,8;;;
11.10.2020 3:02;99;6,8;;;
11.10.2020 3:17;99;7;;;
11.10.2020 3:32;99;7;;;
11.10.2020 3:47;99;7,1;;;
11.10.2020 4:02;99;7;;;
11.10.2020 4:17;99;7;;;
11.10.2020 4:32;99;7,1;;;
11.10.2020 4:47;99;7,1;;;
11.10.2020 5:02;99;7,2;;;
11.10.2020 5:17;98;7,5;;;
11.10.2020 5:32;98;7,4;;;
11.10.2020 5:47;98;7,5;;;
11.10.2020 6:02;98;7,5;;;
11.10.2020 6:17;97;7,6;;;
11.10.2020 6:32;98;7,6;;;
11.10.2020 6:47;97;7,7;;;
11.10.2020 7:02;97;7,8;;;
11.10.2020 7:17;97;7,9;;;
11.10.2020 7:32;97;7,9;;;
11.10.2020 7:47;95;8;;;
11.10.2020 8:02;95;8,1;;;
11.10.2020 8:17;94;8,3;;;
11.10.2020 8:32;94;8,4;;;
11.10.2020 8:47;93;8,5;;;
11.10.2020 9:02;94;8,5;;;
11.10.2020 9:17;96;8,6;;;
11.10.2020 9:32;96;8,8;;;
11.10.2020 9:47;95;9,1;;;
11.10.2020 10:02;96;9,5;;;
11.10.2020 10:17;94;9,6;;;
11.10.2020 10:32;95;9,6;;;
11.10.2020 10:47;97;9,6;;;
11.10.2020 11:02;98;9,6;;;
11.10.2020 11:17;98;9,6;;;
11.10.2020 11:32;98;9,7;;;
11.10.2020 11:47;98;9,8;;;
11.10.2020 12:02;98;9,8;;;
11.10.2020 12:17;99;10;;;
11.10.2020 12:32;99;10;;;
11.10.2020 12:47;99;10,2;;;
11.10.2020 13:02;99;10,3;;;
11.10.2020 13:17;99;10,4;;;
11.10.2020 13:32;99;10,5;;;
11.10.2020 13:47;99;10,7;;;
11.10.2020 14:02;99;10,8;;;
11.10.2020 14:17;99;11;;;
11.10.2020 14:32;99;11;;;
11.10.2020 14:47;99;11;;;
11.10.2020 15:02;98;11;;;
11.10.2020 15:17;99;11;;;
11.10.2020 15:32;99;10,9;;;
11.10.2020 15:47;99;10,9;;;
11.10.2020 16:02;98;10,9;;;
11.10.2020 16:17;98;10,8;;;
11.10.2020 16:32;97;10,8;;;
11.10.2020 16:47;98;10,5;;;
11.10.2020 17:02;98;10,3;;;
11.10.2020 17:17;99;10,1;;;
11.10.2020 17:32;98;10;;;
11.10.2020 17:47;99;9,8;;;
11.10.2020 18:02;99;9,5;;;
11.10.2020 18:17;100;9,6;;;
11.10.2020 18:32;100;9,7;;;
11.10.2020 18:47;100;9,3;;;
11.10.2020 19:02;100;9;;;
11.10.2020 19:17;100;9;;;
11.10.2020 19:32;100;8,7;;;
11.10.2020 19:47;100;9,4;;;
11.10.2020 20:02;100;9,1;;;
11.10.2020 20:17;99;9,1;;;
11.10.2020 20:32;100;9,1;;;
11.10.2020 20:47;100;9,4;;;
11.10.2020 21:02;100;9,4;;;
11.10.2020 21:17;100;9,2;;;
11.10.2020 21:32;100;9,2;;;
11.10.2020 21:47;100;9,2;;;
11.10.2020 22:02;100;9,3;;;
11.10.2020 22:17;100;8,9;;;
11.10.2020 22:32;100;8,5;;;
11.10.2020 22:47;100;8,5;;;
11.10.2020 23:02;100;8,7;;;
11.10.2020 23:17;100;8,6;;;
11.10.2020 23:32;100;8,6;;;
11.10.2020 23:47;100;8,7;;;
12.10.2020 0:02;100;8,8;;;
12.10.2020 0:17;100;8,9;;;
12.10.2020 0:32;100;8,8;;;
12.10.2020 0:47;100;8,7;;;
12.10.2020 1:02;100;8,7;;;
12.10.2020 1:17;100;8,7;;;
12.10.2020 1:32;100;8,6;;;
12.10.2020 1:47;100;8,6;;;
12.10.2020 2:02;100;8,6;;;
12.10.2020 2:17;100;8,5;;;
12.10.2020 2:32;100;8,5;;;
12.10.2020 2:47;100;8,5;;;
12.10.2020 3:02;100;8,6;;;
12.10.2020 3:17;100;8,4;;;
12.10.2020 3:32;100;8,4;;;
12.10.2020 3:47;100;8,4;;;
12.10.2020 4:02;100;8,4;;;
12.10.2020 4:17;100;8,3;;;
12.10.2020 4:32;100;8,3;;;
12.10.2020 4:47;100;8,3;;;
12.10.2020 5:02;100;8,3;;;
12.10.2020 5:17;100;8,2;;;
12.10.2020 5:32;100;8,1;;;
12.10.2020 5:47;100;8,3;;;
12.10.2020 6:02;100;8,4;;;
12.10.2020 6:17;100;8,2;;;
12.10.2020 6:32;100;8,3;;;
12.10.2020 6:47;100;8,3;;;
12.10.2020 7:02;100;8,3;;;
12.10.2020 7:17;100;8,3;;;
12.10.2020 7:32;100;8,4;;;
12.10.2020 7:47;100;8,4;;;
12.10.2020 8:02;100;8,5;;;
12.10.2020 8:17;99;8,6;;;
12.10.2020 8:32;99;8,6;;;
12.10.2020 8:47;99;8,6;;;
12.10.2020 9:02;99;8,7;;;
12.10.2020 9:17;99;9;;;
12.10.2020 9:32;98;9,3;;;
12.10.2020 9:47;95;9,5;;;
12.10.2020 10:02;94;9,7;;;
12.10.2020 10:17;91;10;;;
12.10.2020 10:32;87;10;;;
12.10.2020 10:47;88;10,6;;;
12.10.2020 11:02;87;10,3;;;
12.10.2020 11:17;85;9,9;;;
12.10.2020 11:32;84;10;;;
12.10.2020 11:47;81;10,4;;;
12.10.2020 12:02;79;10,3;;;
12.10.2020 12:17;80;10,4;;;
12.10.2020 12:32;80;10,5;;;
12.10.2020 12:47;81;10,3;;;
12.10.2020 13:02;82;10,2;;;
12.10.2020 13:17;84;10,1;;;
12.10.2020 13:32;85;10;;;
12.10.2020 13:47;87;9,8;;;
12.10.2020 14:02;88;9,6;;;
12.10.2020 14:17;89;9,5;;;
12.10.2020 14:32;90;9,3;;;
12.10.2020 14:47;92;8,9;;;
12.10.2020 15:02;91;8,9;;;
12.10.2020 15:17;93;8,7;;;
12.10.2020 15:32;92;8,7;;;
12.10.2020 15:47;94;8,5;;;
12.10.2020 16:02;95;8,3;;;
12.10.2020 16:17;96;8,1;;;
12.10.2020 16:32;96;8;;;
12.10.2020 16:47;96;7,9;;;
12.10.2020 17:02;96;7,8;;;
12.10.2020 17:17;96;7,8;;;
12.10.2020 17:32;98;7,5;;;
12.10.2020 17:47;97;7,5;;;
12.10.2020 18:02;97;7,3;;;
12.10.2020 18:17;98;6,7;;;
12.10.2020 18:32;99;6,5;;;
12.10.2020 18:47;98;7;;;
12.10.2020 19:02;98;6,6;;;
12.10.2020 19:17;98;6,1;;;
12.10.2020 19:32;99;6,6;;;
12.10.2020 19:47;97;7,4;;;
12.10.2020 20:02;97;7,6;;;
12.10.2020 20:17;96;7,5;;;
12.10.2020 20:32;96;7,4;;;
12.10.2020 20:47;96;7,3;;;
12.10.2020 21:02;96;7,3;;;
12.10.2020 21:17;95;7,4;;;
12.10.2020 21:32;95;7,5;;;
12.10.2020 21:47;96;7,3;;;
12.10.2020 22:02;96;7,1;;;
12.10.2020 22:17;97;7,3;;;
12.10.2020 22:32;96;7,2;;;
12.10.2020 22:47;97;7,4;;;
12.10.2020 23:02;97;7,4;;;
12.10.2020 23:17;97;7,3;;;
12.10.2020 23:32;97;7,4;;;
12.10.2020 23:47;97;7,3;;;
13.10.2020 0:02;97;7,5;;;
13.10.2020 0:17;98;6,9;;;
13.10.2020 0:32;98;7,1;;;
13.10.2020 0:47;98;7,2;;;
13.10.2020 1:02;98;7,3;;;
13.10.2020 1:17;97;7,4;;;
13.10.2020 1:32;97;7,5;;;
13.10.2020 1:47;98;7,5;;;
13.10.2020 2:02;97;7,4;;;
13.10.2020 2:17;99;7,2;;;
13.10.2020 2:32;99;7;;;
13.10.2020 2:47;98;7,2;;;
13.10.2020 3:02;99;7,3;;;
13.10.2020 3:17;98;7,4;;;
13.10.2020 3:32;99;6,8;;;
13.10.2020 3:47;99;6,8;;;
13.10.2020 4:02;100;6,7;;;
13.10.2020 4:17;100;6,4;;;
13.10.2020 4:32;100;6,2;;;
13.10.2020 4:47;100;6,5;;;
13.10.2020 5:02;100;6;;;
13.10.2020 5:17;100;6,6;;;
13.10.2020 5:32;100;6,6;;;
13.10.2020 5:47;99;7,1;;;
13.10.2020 6:02;99;7;;;
13.10.2020 6:17;100;7;;;
13.10.2020 6:32;99;7,1;;;
13.10.2020 6:47;99;7,1;;;
13.10.2020 7:02;99;7,1;;;
13.10.2020 7:17;98;7,3;;;
13.10.2020 7:32;98;7,4;;;
13.10.2020 7:47;96;7,9;;;
13.10.2020 8:02;95;8;;;
13.10.2020 8:17;92;8,4;;;
13.10.2020 8:32;92;8,4;;;
13.10.2020 8:47;86;8,6;;;
13.10.2020 9:02;84;8,7;;;
13.10.2020 9:17;87;8,6;;;
13.10.2020 9:32;90;8,7;;;
13.10.2020 9:47;89;8,8;;;
13.10.2020 10:02;88;8,8;;;
13.10.2020 10:17;84;8,9;;;
13.10.2020 10:32;84;9,2;;;
13.10.2020 10:47;81;9,1;;;
13.10.2020 11:02;76;9,2;;;
13.10.2020 11:17;68;9,6;;;
13.10.2020 11:32;66;9,8;;;
13.10.2020 11:47;66;9,1;;;
13.10.2020 12:02;70;8,5;;;
13.10.2020 12:17;60;10,1;;;
13.10.2020 12:32;60;9,8;;;
13.10.2020 12:47;67;9,3;;;
13.10.2020 13:02;65;9,2;;;
13.10.2020 13:17;68;8,9;;;
13.10.2020 13:32;68;8,9;;;
13.10.2020 13:47;69;8,9;;;
13.10.2020 14:02;69;9;;;
13.10.2020 14:17;71;8,7;;;
13.10.2020 14:32;71;8,5;;;
13.10.2020 14:47;73;8,2;;;
13.10.2020 15:02;74;8,1;;;
13.10.2020 15:17;87;6,2;;;
13.10.2020 15:32;85;6,7;;;
13.10.2020 15:47;87;6,6;;;
13.10.2020 16:02;88;6,4;;;
13.10.2020 16:17;86;6,3;;;
13.10.2020 16:32;89;5,8;;;
13.10.2020 16:47;81;6,4;;;
13.10.2020 17:02;82;6,3;;;
13.10.2020 17:17;83;5,8;;;
13.10.2020 17:32;79;6,3;;;
13.10.2020 17:47;84;4,9;;;
13.10.2020 18:02;90;3,9;;;
13.10.2020 18:17;92;4,3;;;
13.10.2020 18:32;82;6,2;;;
13.10.2020 18:47;81;6,6;;;
13.10.2020 19:02;81;6,5;;;
13.10.2020 19:17;82;6,4;;;
13.10.2020 19:32;83;6,3;;;
13.10.2020 19:47;84;6,3;;;
13.10.2020 20:02;87;5,7;;;
13.10.2020 20:17;87;6;;;
13.10.2020 20:32;89;6;;;
13.10.2020 20:47;89;6;;;
13.10.2020 21:02;89;6,1;;;
13.10.2020 21:17;93;5,2;;;
13.10.2020 21:32;94;4,7;;;
13.10.2020 21:47;90;5,9;;;
13.10.2020 22:02;90;5,7;;;
13.10.2020 22:17;94;3,5;;;
13.10.2020 22:32;95;4,9;;;
13.10.2020 22:47;93;5,1;;;
13.10.2020 23:02;94;5,1;;;
13.10.2020 23:17;94;5,2;;;
13.10.2020 23:32;94;5,3;;;
13.10.2020 23:47;96;4,8;;;
14.10.2020 0:02;97;5;;;
14.10.2020 0:17;97;2,7;;;
14.10.2020 0:32;95;2,9;;;
14.10.2020 0:47;100;2,3;;;
14.10.2020 1:02;98;2,2;;;
14.10.2020 1:17;99;4,5;;;
14.10.2020 1:32;99;4,1;;;
14.10.2020 1:47;100;4;;;
14.10.2020 2:02;98;4;;;
14.10.2020 2:17;99;4;;;
14.10.2020 2:32;99;4;;;
14.10.2020 2:47;99;4,2;;;
14.10.2020 3:02;99;4,1;;;
14.10.2020 3:17;99;4,2;;;
14.10.2020 3:32;99;4,2;;;
14.10.2020 3:47;99;4,3;;;
14.10.2020 4:02;98;4,5;;;
14.10.2020 4:17;98;5,4;;;
14.10.2020 4:32;98;5,6;;;
14.10.2020 4:47;99;5,9;;;
14.10.2020 5:02;98;6,2;;;
14.10.2020 5:17;97;6,4;;;
14.10.2020 5:32;98;6,4;;;
14.10.2020 5:47;98;6,7;;;
14.10.2020 6:02;98;6,9;;;
14.10.2020 6:17;97;7,1;;;
14.10.2020 6:32;96;7,2;;;
14.10.2020 6:47;96;7,5;;;
14.10.2020 7:02;96;7,5;;;
14.10.2020 7:17;95;7,6;;;
14.10.2020 7:32;93;7,8;;;
14.10.2020 7:47;92;7,9;;;
14.10.2020 8:02;89;7,9;;;
14.10.2020 8:17;88;8,3;;;
14.10.2020 8:32;88;8,3;;;
14.10.2020 8:47;89;8,3;;;
14.10.2020 9:02;87;8,4;;;
14.10.2020 9:17;86;9,3;;;
14.10.2020 9:32;85;8,7;;;
14.10.2020 9:47;81;9,4;;;
14.10.2020 10:02;82;9,1;;;
14.10.2020 10:17;82;9;;;
14.10.2020 10:32;81;9;;;
14.10.2020 10:47;83;9,1;;;
14.10.2020 11:02;83;9,1;;;
14.10.2020 11:17;79;9,3;;;
14.10.2020 11:32;78;9,6;;;
14.10.2020 11:47;81;9,3;;;
14.10.2020 12:02;81;9,2;;;
14.10.2020 12:17;83;9,1;;;
14.10.2020 12:32;83;9,1;;;
14.10.2020 12:47;85;9;;;
14.10.2020 13:02;84;8,9;;;
14.10.2020 13:17;86;8,9;;;
14.10.2020 13:32;86;8,9;;;
14.10.2020 13:47;87;8,8;;;
14.10.2020 14:02;86;8,7;;;
14.10.2020 14:17;86;8,6;;;
14.10.2020 14:32;87;8,6;;;
14.10.2020 14:47;89;8,4;;;
14.10.2020 15:02;90;8,3;;;
14.10.2020 15:17;89;8,4;;;
14.10.2020 15:32;87;8,2;;;
14.10.2020 15:47;88;8,1;;;
14.10.2020 16:02;89;8;;;
14.10.2020 16:17;91;8,1;;;
14.10.2020 16:32;91;8,1;;;
14.10.2020 16:47;93;7,8;;;
14.10.2020 17:02;94;7,7;;;
14.10.2020 17:17;96;7,6;;;
14.10.2020 17:32;96;7,6;;;
14.10.2020 17:47;94;7,5;;;
14.10.2020 18:02;93;7,5;;;
14.10.2020 18:17;95;7,3;;;
14.10.2020 18:32;93;7,4;;;
14.10.2020 18:47;93;7,5;;;
14.10.2020 19:02;94;7,4;;;
14.10.2020 19:17;92;7,4;;;
14.10.2020 19:32;94;7,3;;;
14.10.2020 19:47;92;7,3;;;
14.10.2020 20:02;92;7,3;;;
14.10.2020 20:17;92;7,3;;;
14.10.2020 20:32;94;7,2;;;
14.10.2020 20:47;94;7,1;;;
14.10.2020 21:02;95;7,1;;;
14.10.2020 21:17;96;7,2;;;
14.10.2020 21:32;95;7,2;;;
14.10.2020 21:47;96;7,1;;;
14.10.2020 22:02;96;7;;;
14.10.2020 22:17;95;7;;;
14.10.2020 22:32;96;6,9;;;
14.10.2020 22:47;95;6,8;;;
14.10.2020 23:02;95;6,8;;;
14.10.2020 23:17;95;6,8;;;
14.10.2020 23:32;95;6,8;;;
14.10.2020 23:47;93;6,7;;;
15.10.2020 0:02;91;6,7;;;
15.10.2020 0:17;94;6,5;;;
15.10.2020 0:32;92;6,4;;;
15.10.2020 0:47;91;6,5;;;
15.10.2020 1:02;92;6,4;;;
15.10.2020 1:17;93;6,1;;;
15.10.2020 1:32;96;5,9;;;
15.10.2020 1:47;94;5,7;;;
15.10.2020 2:02;94;5,6;;;
15.10.2020 2:17;95;5,5;;;
15.10.2020 2:32;92;5,5;;;
15.10.2020 2:47;92;5,5;;;
15.10.2020 3:02;93;5,4;;;
15.10.2020 3:17;91;5,2;;;
15.10.2020 3:32;90;5,2;;;
15.10.2020 3:47;86;5;;;
15.10.2020 4:02;85;4,8;;;
15.10.2020 4:17;83;4,5;;;
15.10.2020 4:32;81;4,4;;;
15.10.2020 4:47;77;3,9;;;
15.10.2020 5:02;74;3,7;;;
15.10.2020 5:17;76;3,5;;;
15.10.2020 5:32;75;3,5;;;
15.10.2020 5:47;76;3,5;;;
15.10.2020 6:02;78;3,6;;;
15.10.2020 6:17;76;2,9;;;
15.10.2020 6:32;78;2,9;;;
15.10.2020 6:47;77;2,5;;;
15.10.2020 7:02;75;2,6;;;
15.10.2020 7:17;73;3,3;;;
15.10.2020 7:32;73;3,5;;;
15.10.2020 7:47;72;3,8;;;
15.10.2020 8:02;73;3,9;;;
15.10.2020 8:17;69;4,2;;;
15.10.2020 8:32;67;4,2;;;
15.10.2020 8:47;68;4,8;;;
15.10.2020 9:02;66;4,4;;;
15.10.2020 9:17;67;5;;;
15.10.2020 9:32;64;5;;;
15.10.2020 9:47;61;5,2;;;
15.10.2020 10:02;62;5,2;;;
15.10.2020 10:17;61;5,3;;;
15.10.2020 10:32;63;5,4;;;
15.10.2020 10:47;62;5,6;;;
15.10.2020 11:02;64;5,8;;;
15.10.2020 11:17;66;5,6;;;
15.10.2020 11:32;69;5,5;;;
15.10.2020 11:47;69;5,3;;;
15.10.2020 12:02;70;5,4;;;
15.10.2020 12:17;73;5,6;;;
15.10.2020 12:32;72;5,6;;;
15.10.2020 12:47;73;5,7;;;
15.10.2020 13:02;73;5,8;;;
15.10.2020 13:17;74;5,6;;;
15.10.2020 13:32;75;5,6;;;
15.10.2020 13:47;73;5,6;;;
15.10.2020 14:02;78;5,2;;;
15.10.2020 14:17;77;5,4;;;
15.10.2020 14:32;74;5,4;;;
15.10.2020 14:47;67;5,4;;;
15.10.2020 15:02;68;5,3;;;
15.10.2020 15:17;80;4,6;;;
15.10.2020 15:32;84;3,9;;;
15.10.2020 15:47;83;4,3;;;
15.10.2020 16:02;79;4,3;;;
15.10.2020 16:17;77;4,2;;;
15.10.2020 16:32;76;4,1;;;
15.10.2020 16:47;76;4,1;;;
15.10.2020 17:02;76;4,3;;;
15.10.2020 17:17;74;4,3;;;
15.10.2020 17:32;73;4,5;;;
15.10.2020 17:47;76;4,4;;;
15.10.2020 18:02;80;4,1;;;
15.10.2020 18:17;87;3;;;
15.10.2020 18:32;85;3,2;;;
15.10.2020 18:47;79;3,6;;;
15.10.2020 19:02;77;3,7;;;
15.10.2020 19:17;74;3,7;;;
15.10.2020 19:32;75;3,6;;;
15.10.2020 19:47;76;3,5;;;
15.10.2020 20:02;76;3,4;;;
15.10.2020 20:17;77;3,4;;;
15.10.2020 20:32;77;3,4;;;
15.10.2020 20:47;75;3,5;;;
15.10.2020 21:02;76;3,5;;;
15.10.2020 21:17;78;3,4;;;
15.10.2020 21:32;77;3,4;;;
15.10.2020 21:47;75;3,4;;;
15.10.2020 22:02;76;3,4;;;
15.10.2020 22:17;76;3,4;;;
15.10.2020 22:32;75;3,4;;;
15.10.2020 22:47;70;3,6;;;
15.10.2020 23:02;69;3,6;;;
15.10.2020 23:17;72;3,5;;;
15.10.2020 23:32;70;3,6;;;
15.10.2020 23:47;69;3,6;;;
16.10.2020 0:02;62;3,8;;;
16.10.2020 0:17;57;3,7;;;
16.10.2020 0:32;62;3,7;;;
16.10.2020 0:47;62;3,7;;;
16.10.2020 1:02;66;3,5;;;
16.10.2020 1:17;62;3,6;;;
16.10.2020 1:32;61;3,5;;;
16.10.2020 1:47;62;3,5;;;
16.10.2020 2:02;60;3,5;;;
16.10.2020 2:17;61;3,5;;;
16.10.2020 2:32;59;3,5;;;
16.10.2020 2:47;59;3,6;;;
16.10.2020 3:02;59;3,6;;;
16.10.2020 3:17;66;3,2;;;
16.10.2020 3:32;72;3;;;
16.10.2020 3:47;75;3;;;
16.10.2020 4:02;76;3,2;;;
16.10.2020 4:17;78;3,1;;;
16.10.2020 4:32;79;3,1;;;
16.10.2020 4:47;81;3,1;;;
16.10.2020 5:02;80;3;;;
16.10.2020 5:17;76;3,2;;;
16.10.2020 5:32;76;3,3;;;
16.10.2020 5:47;78;3,1;;;
16.10.2020 6:02;76;3,1;;;
16.10.2020 6:17;77;2,9;;;
16.10.2020 6:32;75;3,1;;;
16.10.2020 6:47;72;3,1;;;
16.10.2020 7:02;72;3,1;;;
16.10.2020 7:17;75;3;;;
16.10.2020 7:32;76;3;;;
16.10.2020 7:47;76;2,7;;;
16.10.2020 8:02;77;2,7;;;
16.10.2020 8:17;76;2,8;;;
16.10.2020 8:32;78;2,9;;;
16.10.2020 8:47;75;3,2;;;
16.10.2020 9:02;74;3,4;;;
16.10.2020 9:17;73;3,6;;;
16.10.2020 9:32;74;3,7;;;
16.10.2020 9:47;73;4;;;
16.10.2020 10:02;73;3,9;;;
16.10.2020 10:17;73;4;;;
16.10.2020 10:32;73;4;;;
16.10.2020 10:47;73;4;;;
16.10.2020 11:02;72;4;;;
16.10.2020 11:17;73;4,1;;;
16.10.2020 11:32;72;4,4;;;
16.10.2020 11:47;70;4,1;;;
16.10.2020 12:02;72;4,2;;;
16.10.2020 12:17;71;4,3;;;
16.10.2020 12:32;71;4,4;;;
16.10.2020 12:47;72;4,4;;;
16.10.2020 13:02;70;4,6;;;
16.10.2020 13:17;70;4,4;;;
16.10.2020 13:32;71;4,5;;;
16.10.2020 13:47;68;4,6;;;
16.10.2020 14:02;70;4,5;;;
16.10.2020 14:17;71;4,4;;;
16.10.2020 14:32;70;4,4;;;
16.10.2020 14:47;72;4,3;;;
16.10.2020 15:02;73;4,3;;;
16.10.2020 15:17;75;3,9;;;
16.10.2020 15:32;76;3,7;;;
16.10.2020 15:47;81;2,7;;;
16.10.2020 16:02;80;2,6;;;
16.10.2020 16:17;82;2,6;;;
16.10.2020 16:32;81;2,9;;;
16.10.2020 16:47;83;2,9;;;
16.10.2020 17:02;84;3;;;
16.10.2020 17:17;83;3,3;;;
16.10.2020 17:32;84;3,2;;;
16.10.2020 17:47;86;2,4;;;
16.10.2020 18:02;87;2,2;;;
16.10.2020 18:17;90;1,6;;;
16.10.2020 18:32;90;1,3;;;
16.10.2020 18:47;88;2;;;
16.10.2020 19:02;89;2;;;
16.10.2020 19:17;89;2,1;;;
16.10.2020 19:32;89;1,8;;;
16.10.2020 19:47;95;-0,4;;;
16.10.2020 20:02;93;-0,8;;;
16.10.2020 20:17;90;-0,4;;;
16.10.2020 20:32;96;-0,5;;;
16.10.2020 20:47;93;0,7;;;
16.10.2020 21:02;92;1;;;
16.10.2020 21:17;97;-0,9;;;
16.10.2020 21:32;97;-0,9;;;
16.10.2020 21:47;99;-1,2;;;
16.10.2020 22:02;99;-1,2;;;
16.10.2020 22:17;98;-0,9;;;
16.10.2020 22:32;98;-0,6;;;
16.10.2020 22:47;98;-0,8;;;
16.10.2020 23:02;97;-1,5;;;
16.10.2020 23:17;99;-1,8;;;
16.10.2020 23:32;99;-0,7;;;
16.10.2020 23:47;97;-2,6;;;
17.10.2020 0:02;99;-1,3;;;
17.10.2020 0:17;97;-2,9;;;
17.10.2020 0:32;99;-2;;;
17.10.2020 0:47;99;-2,7;;;
17.10.2020 1:02;100;-2,2;;;
17.10.2020 1:17;100;-2,4;;;
17.10.2020 1:32;99;-2,6;;;
17.10.2020 1:47;99;-2,4;;;
17.10.2020 2:02;99;-2,2;;;
17.10.2020 2:17;98;-2,3;;;
17.10.2020 2:32;99;-2,2;;;
17.10.2020 2:47;100;-2,2;;;
17.10.2020 3:02;100;-2,3;;;
17.10.2020 3:17;99;-2,5;;;
17.10.2020 3:32;100;-2,6;;;
17.10.2020 3:47;98;-2,5;;;
17.10.2020 4:02;99;-2,5;;;
17.10.2020 4:17;98;-2,6;;;
17.10.2020 4:32;99;-2,5;;;
17.10.2020 4:47;98;-2,2;;;
17.10.2020 5:02;97;-2,2;;;
17.10.2020 5:17;97;-2;;;
17.10.2020 5:32;97;-1,8;;;
17.10.2020 5:47;97;-1,4;;;
17.10.2020 6:02;97;-1,4;;;
17.10.2020 6:17;97;-1;;;
17.10.2020 6:32;97;-0,7;;;
17.10.2020 6:47;98;-0,6;;;
17.10.2020 7:02;99;-0,4;;;
17.10.2020 7:17;98;0,2;;;
17.10.2020 7:32;95;0,7;;;
17.10.2020 7:47;94;1,5;;;
17.10.2020 8:02;93;1,8;;;
17.10.2020 8:17;91;2,2;;;
17.10.2020 8:32;91;2,5;;;
17.10.2020 8:47;90;3;;;
17.10.2020 9:02;90;3,2;;;
17.10.2020 9:17;86;4,3;;;
17.10.2020 9:32;83;4,7;;;
17.10.2020 9:47;81;5,1;;;
17.10.2020 10:02;80;5;;;
17.10.2020 10:17;78;5,4;;;
17.10.2020 10:32;77;5,8;;;
17.10.2020 10:47;77;6,4;;;
17.10.2020 11:02;76;6,2;;;
17.10.2020 11:17;78;5,9;;;
17.10.2020 11:32;77;6,1;;;
17.10.2020 11:47;79;6,1;;;
17.10.2020 12:02;81;6;;;
17.10.2020 12:17;80;6,2;;;
17.10.2020 12:32;78;6,5;;;
17.10.2020 12:47;72;7,6;;;
17.10.2020 13:02;69;7,3;;;
17.10.2020 13:17;69;7,1;;;
17.10.2020 13:32;69;7,1;;;
17.10.2020 13:47;67;7,2;;;
17.10.2020 14:02;68;7;;;
17.10.2020 14:17;69;6,9;;;
17.10.2020 14:32;70;6,8;;;
17.10.2020 14:47;70;6,7;;;
17.10.2020 15:02;72;6,4;;;
17.10.2020 15:17;76;6,2;;;
17.10.2020 15:32;78;6,2;;;
17.10.2020 15:47;84;6,1;;;
17.10.2020 16:02;86;5,8;;;
17.10.2020 16:17;90;5,6;;;
17.10.2020 16:32;91;5,7;;;
17.10.2020 16:47;91;5,9;;;
17.10.2020 17:02;91;6;;;
17.10.2020 17:17;91;6;;;
17.10.2020 17:32;88;6,1;;;
17.10.2020 17:47;92;6;;;
17.10.2020 18:02;93;5,9;;;
17.10.2020 18:17;93;6;;;
17.10.2020 18:32;93;5,8;;;
17.10.2020 18:47;93;5,8;;;
17.10.2020 19:02;93;5,8;;;
17.10.2020 19:17;92;5,8;;;
17.10.2020 19:32;92;5,7;;;
17.10.2020 19:47;93;5,7;;;
17.10.2020 20:02;94;5,5;;;
17.10.2020 20:17;95;5,5;;;
17.10.2020 20:32;95;5,6;;;
17.10.2020 20:47;95;5,6;;;
17.10.2020 21:02;95;5,6;;;
17.10.2020 21:17;95;5,8;;;
17.10.2020 21:32;96;5,9;;;
17.10.2020 21:47;96;6,2;;;
17.10.2020 22:02;96;6,3;;;
17.10.2020 22:17;96;6,3;;;
17.10.2020 22:32;96;6,4;;;
17.10.2020 22:47;95;6,5;;;
17.10.2020 23:02;95;6,5;;;
17.10.2020 23:17;94;6,6;;;
17.10.2020 23:32;94;6,6;;;
17.10.2020 23:47;93;6,7;;;
18.10.2020 0:02;93;6,6;;;
18.10.2020 0:17;93;6,6;;;
18.10.2020 0:32;94;6,5;;;
18.10.2020 0:47;95;6,5;;;
18.10.2020 1:02;97;6,3;;;
18.10.2020 1:17;98;6,3;;;
18.10.2020 1:32;98;6,3;;;
18.10.2020 1:47;97;6,3;;;
18.10.2020 2:02;98;6,2;;;
18.10.2020 2:17;96;6,3;;;
18.10.2020 2:32;96;6,3;;;
18.10.2020 2:47;97;6,2;;;
18.10.2020 3:02;97;6,2;;;
18.10.2020 3:17;96;6,2;;;
18.10.2020 3:32;97;6,2;;;
18.10.2020 3:47;96;6,2;;;
18.10.2020 4:02;97;6,2;;;
18.10.2020 4:17;96;6,1;;;
18.10.2020 4:32;96;6,1;;;
18.10.2020 4:47;96;6,1;;;
18.10.2020 5:02;96;6,1;;;
18.10.2020 5:17;97;6,1;;;
18.10.2020 5:32;97;6,2;;;
18.10.2020 5:47;97;6,2;;;
18.10.2020 6:02;96;6,3;;;
18.10.2020 6:17;98;6,2;;;
18.10.2020 6:32;98;6,1;;;
18.10.2020 6:47;97;6,2;;;
18.10.2020 7:02;94;4,9;;;
18.10.2020 7:17;96;3,4;;;
18.10.2020 7:32;97;3,3;;;
18.10.2020 7:47;96;2,7;;;
18.10.2020 8:02;95;2,5;;;
18.10.2020 8:17;97;2,4;;;
18.10.2020 8:32;95;2,3;;;
18.10.2020 8:47;95;2,4;;;
18.10.2020 9:02;96;2,5;;;
18.10.2020 9:17;94;2,6;;;
18.10.2020 9:32;94;2,7;;;
18.10.2020 9:47;92;2,9;;;
18.10.2020 10:02;93;3;;;
18.10.2020 10:17;92;3,1;;;
18.10.2020 10:32;91;3,2;;;
18.10.2020 10:47;88;3,3;;;
18.10.2020 11:02;89;3,6;;;
18.10.2020 11:17;92;3,5;;;
18.10.2020 11:32;92;3,4;;;
18.10.2020 11:47;93;3,3;;;
18.10.2020 12:02;94;3,2;;;
18.10.2020 12:17;93;3,5;;;
18.10.2020 12:32;91;3,3;;;
18.10.2020 12:47;92;3,1;;;
18.10.2020 13:02;91;3;;;
18.10.2020 13:17;94;3;;;
18.10.2020 13:32;95;3;;;
18.10.2020 13:47;95;3;;;
18.10.2020 14:02;95;2,7;;;
18.10.2020 14:17;97;2,6;;;
18.10.2020 14:32;96;2,6;;;
18.10.2020 14:47;96;2,4;;;
18.10.2020 15:02;97;2,3;;;
18.10.2020 15:17;97;2,1;;;
18.10.2020 15:32;97;1,8;;;
18.10.2020 15:47;98;1,8;;;
18.10.2020 16:02;98;1,7;;;
18.10.2020 16:17;99;1,5;;;
18.10.2020 16:32;99;1,6;;;
18.10.2020 16:47;96;2;;;
18.10.2020 17:02;96;2;;;
18.10.2020 17:17;97;1,6;;;
18.10.2020 17:32;97;1,4;;;
18.10.2020 17:47;97;1,4;;;
18.10.2020 18:02;99;0,8;;;
18.10.2020 18:17;99;0,5;;;
18.10.2020 18:32;99;-0,1;;;
18.10.2020 18:47;100;0,2;;;
18.10.2020 19:02;100;0;;;
18.10.2020 19:17;100;-0,3;;;
18.10.2020 19:32;100;-0,5;;;
18.10.2020 19:47;100;-0,8;;;
18.10.2020 20:02;100;-1,7;;;
18.10.2020 20:17;100;-1,2;;;
18.10.2020 20:32;100;-1,4;;;
18.10.2020 20:47;100;-1,7;;;
18.10.2020 21:02;100;-1,9;;;
18.10.2020 21:17;100;-1,7;;;
18.10.2020 21:32;100;-1,8;;;
18.10.2020 21:47;100;-1,9;;;
18.10.2020 22:02;100;-1,9;;;
18.10.2020 22:17;100;-1,7;;;
18.10.2020 22:32;100;-1,5;;;
18.10.2020 22:47;100;-1,2;;;
18.10.2020 23:02;99;-1;;;
18.10.2020 23:17;99;-0,8;;;
18.10.2020 23:32;97;-0,6;;;
18.10.2020 23:47;97;-0,4;;;
19.10.2020 0:02;97;-0,4;;;
19.10.2020 0:17;96;-0,7;;;
19.10.2020 0:32;97;-0,7;;;
19.10.2020 0:47;99;-1,1;;;
19.10.2020 1:02;99;-1,1;;;
19.10.2020 1:17;98;-1,3;;;
19.10.2020 1:32;99;-1,5;;;
19.10.2020 1:47;98;-1,5;;;
19.10.2020 2:02;99;-1,6;;;
19.10.2020 2:17;99;-1,9;;;
19.10.2020 2:32;99;-1,5;;;
19.10.2020 2:47;99;-1,4;;;
19.10.2020 3:02;99;-1,3;;;
19.10.2020 3:17;98;-1,3;;;
19.10.2020 3:32;98;-1,3;;;
19.10.2020 3:47;98;-1,3;;;
19.10.2020 4:02;98;-1,3;;;
19.10.2020 4:17;99;-1,6;;;
19.10.2020 4:32;98;-1,7;;;
19.10.2020 4:47;98;-1,9;;;
19.10.2020 5:02;98;-2,5;;;
19.10.2020 5:17;99;-2,1;;;
19.10.2020 5:32;99;-2,1;;;
19.10.2020 5:47;98;-2,1;;;
19.10.2020 6:02;98;-2,1;;;
19.10.2020 6:17;98;-2;;;
19.10.2020 6:32;98;-1,7;;;
19.10.2020 6:47;97;-1,4;;;
19.10.2020 7:02;95;-0,6;;;
19.10.2020 7:17;97;-1,3;;;
19.10.2020 7:32;98;-1,2;;;
19.10.2020 7:47;98;-1,1;;;
19.10.2020 8:02;99;-1,1;;;
19.10.2020 8:17;100;-0,8;;;
19.10.2020 8:32;99;-0,8;;;
19.10.2020 8:47;100;-0,3;;;
19.10.2020 9:02;99;-0,6;;;
19.10.2020 9:17;100;-0,2;;;
19.10.2020 9:32;100;-0,4;;;
19.10.2020 9:47;100;0,3;;;
19.10.2020 10:02;99;1,1;;;
19.10.2020 10:17;96;1;;;
19.10.2020 10:32;89;1,5;;;
19.10.2020 10:47;84;1,5;;;
19.10.2020 11:02;83;1,8;;;
19.10.2020 11:17;82;2,2;;;
19.10.2020 11:32;77;2,2;;;
19.10.2020 11:47;81;2,1;;;
19.10.2020 12:02;83;2,4;;;
19.10.2020 12:17;83;2,3;;;
19.10.2020 12:32;84;2,3;;;
19.10.2020 12:47;86;2,6;;;
19.10.2020 13:02;85;2,4;;;
19.10.2020 13:17;86;2,3;;;
19.10.2020 13:32;87;2,3;;;
19.10.2020 13:47;89;2,2;;;
19.10.2020 14:02;89;2,2;;;
19.10.2020 14:17;89;2,2;;;
19.10.2020 14:32;88;2,2;;;
19.10.2020 14:47;92;2;;;
19.10.2020 15:02;93;1,9;;;
19.10.2020 15:17;95;1,3;;;
19.10.2020 15:32;96;0,9;;;
19.10.2020 15:47;94;1,4;;;
19.10.2020 16:02;95;1,3;;;
19.10.2020 16:17;93;1,6;;;
19.10.2020 16:32;92;1,7;;;
19.10.2020 16:47;91;1,8;;;
19.10.2020 17:02;94;1,5;;;
19.10.2020 17:17;93;1,5;;;
19.10.2020 17:32;91;1,5;;;
19.10.2020 17:47;93;1,2;;;
19.10.2020 18:02;93;0,9;;;
19.10.2020 18:17;94;0,9;;;
19.10.2020 18:32;95;0,9;;;
19.10.2020 18:47;94;1;;;
19.10.2020 19:02;94;1,1;;;
19.10.2020 19:17;94;1,1;;;
19.10.2020 19:32;94;1,1;;;
19.10.2020 19:47;95;1,1;;;
19.10.2020 20:02;95;1;;;
19.10.2020 20:17;95;1,2;;;
19.10.2020 20:32;96;1;;;
19.10.2020 20:47;96;1,2;;;
19.10.2020 21:02;94;1,4;;;
19.10.2020 21:17;95;1,3;;;
19.10.2020 21:32;93;1,4;;;
19.10.2020 21:47;93;1,4;;;
19.10.2020 22:02;92;1,5;;;
19.10.2020 22:17;94;1,4;;;
19.10.2020 22:32;93;1,4;;;
19.10.2020 22:47;94;1,1;;;
19.10.2020 23:02;94;1,2;;;
19.10.2020 23:17;95;1,3;;;
19.10.2020 23:32;94;1,4;;;
19.10.2020 23:47;93;1,6;;;
20.10.2020 0:02;90;1,8;;;
20.10.2020 0:17;90;1,7;;;
20.10.2020 0:32;91;1,7;;;
20.10.2020 0:47;88;1,9;;;
20.10.2020 1:02;89;1,9;;;
20.10.2020 1:17;83;2;;;
20.10.2020 1:32;81;2;;;
20.10.2020 1:47;82;2;;;
20.10.2020 2:02;82;2;;;
20.10.2020 2:17;82;1,9;;;
20.10.2020 2:32;83;1,8;;;
20.10.2020 2:47;85;1,6;;;
20.10.2020 3:02;81;1,8;;;
20.10.2020 3:17;81;1,8;;;
20.10.2020 3:32;83;1,7;;;
20.10.2020 3:47;84;1,5;;;
20.10.2020 4:02;83;1,5;;;
20.10.2020 4:17;82;1,6;;;
20.10.2020 4:32;81;1,6;;;
20.10.2020 4:47;81;1,7;;;
20.10.2020 5:02;80;1,8;;;
20.10.2020 5:17;81;1,7;;;
20.10.2020 5:32;81;1,8;;;
20.10.2020 5:47;76;1,8;;;
20.10.2020 6:02;71;1,9;;;
20.10.2020 6:17;68;1,9;;;
20.10.2020 6:32;71;1,8;;;
20.10.2020 6:47;75;1,6;;;
20.10.2020 7:02;79;1,4;;;
20.10.2020 7:17;71;1,8;;;
20.10.2020 7:32;82;1,2;;;
20.10.2020 7:47;83;1,1;;;
20.10.2020 8:02;81;1,5;;;
20.10.2020 8:17;83;1,4;;;
20.10.2020 8:32;80;1,4;;;
20.10.2020 8:47;81;1,4;;;
20.10.2020 9:02;82;1,3;;;
20.10.2020 9:17;79;1,7;;;
20.10.2020 9:32;81;1,1;;;
20.10.2020 9:47;77;1,4;;;
20.10.2020 10:02;73;1,7;;;
20.10.2020 10:17;73;2;;;
20.10.2020 10:32;74;2;;;
20.10.2020 10:47;71;2;;;
20.10.2020 11:02;82;1,4;;;
20.10.2020 11:17;72;2;;;
20.10.2020 11:32;73;2,1;;;
20.10.2020 11:47;69;2,8;;;
20.10.2020 12:02;66;2,1;;;
20.10.2020 12:17;68;2,3;;;
20.10.2020 12:32;65;2,3;;;
20.10.2020 12:47;68;1,7;;;
20.10.2020 13:02;67;1,9;;;
20.10.2020 13:17;71;1,7;;;
20.10.2020 13:32;73;1,6;;;
20.10.2020 13:47;74;1,7;;;
20.10.2020 14:02;73;1,6;;;
20.10.2020 14:17;70;1,5;;;
20.10.2020 14:32;72;1,4;;;
20.10.2020 14:47;75;1,2;;;
20.10.2020 15:02;73;1,3;;;
20.10.2020 15:17;75;1,2;;;
20.10.2020 15:32;76;1,1;;;
20.10.2020 15:47;77;1;;;
20.10.2020 16:02;76;1,1;;;
20.10.2020 16:17;78;0,6;;;
20.10.2020 16:32;80;0,6;;;
20.10.2020 16:47;81;0,6;;;
20.10.2020 17:02;81;0,5;;;
20.10.2020 17:17;83;0,2;;;
20.10.2020 17:32;82;0,2;;;
20.10.2020 17:47;83;0;;;
20.10.2020 18:02;84;-0,1;;;
20.10.2020 18:17;82;-0,1;;;
20.10.2020 18:32;81;0;;;
20.10.2020 18:47;80;-0,1;;;
20.10.2020 19:02;80;-0,2;;;
20.10.2020 19:17;81;-0,4;;;
20.10.2020 19:32;80;-0,5;;;
20.10.2020 19:47;85;-1,1;;;
20.10.2020 20:02;87;-1,4;;;
20.10.2020 20:17;85;-1,5;;;
20.10.2020 20:32;85;-1,6;;;
20.10.2020 20:47;87;-1,6;;;
20.10.2020 21:02;89;-1,9;;;
20.10.2020 21:17;94;-2,7;;;
20.10.2020 21:32;97;-2,8;;;
20.10.2020 21:47;95;-3;;;
20.10.2020 22:02;96;-2,9;;;
20.10.2020 22:17;96;-3,3;;;
20.10.2020 22:32;97;-3,3;;;
20.10.2020 22:47;97;-3,8;;;
20.10.2020 23:02;97;-3,8;;;
20.10.2020 23:17;97;-3,8;;;
20.10.2020 23:32;96;-3,9;;;
20.10.2020 23:47;96;-3,6;;;
21.10.2020 0:02;96;-3,6;;;
21.10.2020 0:17;96;-3,5;;;
21.10.2020 0:32;96;-3,6;;;
21.10.2020 0:47;94;-3,5;;;
21.10.2020 1:02;94;-3,9;;;
21.10.2020 1:17;96;-3,7;;;
21.10.2020 1:32;93;-3,7;;;
21.10.2020 1:47;96;-3,7;;;
21.10.2020 2:02;96;-3,9;;;
21.10.2020 2:17;95;-3,7;;;
21.10.2020 2:32;95;-3,5;;;
21.10.2020 2:47;92;-2,2;;;
21.10.2020 3:02;92;-2,1;;;
21.10.2020 3:17;90;-1,8;;;
21.10.2020 3:32;91;-1,7;;;
21.10.2020 3:47;93;-1,9;;;
21.10.2020 4:02;94;-1,9;;;
21.10.2020 4:17;93;-1,7;;;
21.10.2020 4:32;94;-1,7;;;
21.10.2020 4:47;94;-1,6;;;
21.10.2020 5:02;94;-1,7;;;
21.10.2020 5:17;94;-1,6;;;
21.10.2020 5:32;94;-1,6;;;
21.10.2020 5:47;92;-1,4;;;
21.10.2020 6:02;92;-1,4;;;
21.10.2020 6:17;91;-1,2;;;
21.10.2020 6:32;91;-1,2;;;
21.10.2020 6:47;91;-1;;;
21.10.2020 7:02;91;-0,9;;;
21.10.2020 7:17;91;-0,7;;;
21.10.2020 7:32;92;-0,6;;;
21.10.2020 7:47;92;-0,4;;;
21.10.2020 8:02;92;-0,3;;;
21.10.2020 8:17;92;-0,2;;;
21.10.2020 8:32;92;-0,1;;;
21.10.2020 8:47;94;0,2;;;
21.10.2020 9:02;94;0,2;;;
21.10.2020 9:17;94;0,4;;;
21.10.2020 9:32;94;0,5;;;
21.10.2020 9:47;95;0,7;;;
21.10.2020 10:02;96;1;;;
21.10.2020 10:17;95;1,3;;;
21.10.2020 10:32;94;1,6;;;
21.10.2020 10:47;91;1,8;;;
21.10.2020 11:02;91;2;;;
21.10.2020 11:17;90;2,1;;;
21.10.2020 11:32;89;2,4;;;
21.10.2020 11:47;88;2,5;;;
21.10.2020 12:02;88;2,5;;;
21.10.2020 12:17;88;2,7;;;
21.10.2020 12:32;87;2,7;;;
21.10.2020 12:47;87;2,7;;;
21.10.2020 13:02;87;2,7;;;
21.10.2020 13:17;87;2,7;;;
21.10.2020 13:32;87;2,7;;;
21.10.2020 13:47;86;2,6;;;
21.10.2020 14:02;86;2,6;;;
21.10.2020 14:17;87;2,6;;;
21.10.2020 14:32;87;2,6;;;
21.10.2020 14:47;87;2,6;;;
21.10.2020 15:02;87;2,6;;;
21.10.2020 15:17;87;2,5;;;
21.10.2020 15:32;88;2,4;;;
21.10.2020 15:47;88;2,4;;;
21.10.2020 16:02;89;2,3;;;
21.10.2020 16:17;89;2,3;;;
21.10.2020 16:32;89;2,3;;;
21.10.2020 16:47;89;2,3;;;
21.10.2020 17:02;89;2,3;;;
21.10.2020 17:17;90;2,3;;;
21.10.2020 17:32;90;2,2;;;
21.10.2020 17:47;91;2,2;;;
21.10.2020 18:02;91;2,2;;;
21.10.2020 18:17;92;2,2;;;
21.10.2020 18:32;92;2,2;;;
21.10.2020 18:47;94;2,1;;;
21.10.2020 19:02;94;2,1;;;
21.10.2020 19:17;95;2,1;;;
21.10.2020 19:32;95;2,1;;;
21.10.2020 19:47;96;2,2;;;
21.10.2020 20:02;97;2,2;;;
21.10.2020 20:17;98;2,3;;;
21.10.2020 20:32;97;2,4;;;
21.10.2020 20:47;98;2,6;;;
21.10.2020 21:02;98;2,7;;;
21.10.2020 21:17;98;2,9;;;
21.10.2020 21:32;98;2,9;;;
21.10.2020 21:47;98;3;;;
21.10.2020 22:02;99;3,1;;;
21.10.2020 22:17;99;3,2;;;
21.10.2020 22:32;99;3,2;;;
21.10.2020 22:47;99;3,3;;;
21.10.2020 23:02;100;3,3;;;
21.10.2020 23:17;100;3,4;;;
21.10.2020 23:32;100;3,4;;;
21.10.2020 23:47;100;3,5;;;
22.10.2020 0:02;100;3,5;;;
22.10.2020 0:17;100;3,7;;;
22.10.2020 0:32;100;3,8;;;
22.10.2020 0:47;100;3,9;;;
22.10.2020 1:02;100;3,9;;;
22.10.2020 1:17;100;4;;;
22.10.2020 1:32;100;4,1;;;
22.10.2020 1:47;100;4,1;;;
22.10.2020 2:02;100;4,1;;;
22.10.2020 2:17;100;4,1;;;
22.10.2020 2:32;100;4,1;;;
22.10.2020 2:47;99;4,1;;;
22.10.2020 3:02;100;4,2;;;
22.10.2020 3:17;99;4,3;;;
22.10.2020 3:32;100;4,3;;;
22.10.2020 3:47;99;4,3;;;
22.10.2020 4:02;99;4,4;;;
22.10.2020 4:17;100;4,4;;;
22.10.2020 4:32;100;4,4;;;
22.10.2020 4:47;100;4,5;;;
22.10.2020 5:02;100;4,5;;;
22.10.2020 5:17;100;4,6;;;
22.10.2020 5:32;100;4,7;;;
22.10.2020 5:47;99;4,8;;;
22.10.2020 6:02;99;4,7;;;
22.10.2020 6:17;99;4,8;;;
22.10.2020 6:32;99;4,8;;;
22.10.2020 6:47;100;4,9;;;
22.10.2020 7:02;99;4,9;;;
22.10.2020 7:17;99;5;;;
22.10.2020 7:32;100;5;;;
22.10.2020 7:47;100;5;;;
22.10.2020 8:02;100;5,1;;;
22.10.2020 8:17;100;5,2;;;
22.10.2020 8:32;99;5,3;;;
22.10.2020 8:47;99;5,5;;;
22.10.2020 9:02;99;5,5;;;
22.10.2020 9:17;98;5,6;;;
22.10.2020 9:32;98;5,6;;;
22.10.2020 9:47;99;5,7;;;
22.10.2020 10:02;98;5,7;;;
22.10.2020 10:17;98;5,8;;;
22.10.2020 10:32;98;5,8;;;
22.10.2020 10:47;98;5,9;;;
22.10.2020 11:02;98;6;;;
22.10.2020 11:17;98;6;;;
22.10.2020 11:32;98;6;;;
22.10.2020 11:47;98;6,1;;;
22.10.2020 12:02;98;6,1;;;
22.10.2020 12:17;98;6,1;;;
22.10.2020 12:32;98;6,1;;;
22.10.2020 12:47;98;6,1;;;
22.10.2020 13:02;98;6;;;
22.10.2020 13:17;99;6;;;
22.10.2020 13:32;99;6;;;
22.10.2020 13:47;99;5,9;;;
22.10.2020 14:02;99;5,9;;;
22.10.2020 14:17;99;6;;;
22.10.2020 14:32;98;6;;;
22.10.2020 14:47;98;6;;;
22.10.2020 15:02;99;6;;;
22.10.2020 15:17;98;6;;;
22.10.2020 15:32;98;6,1;;;
22.10.2020 15:47;98;6,1;;;
22.10.2020 16:02;98;6,1;;;
22.10.2020 16:17;98;6,1;;;
22.10.2020 16:32;98;6,1;;;
22.10.2020 16:47;99;6,1;;;
22.10.2020 17:02;99;6;;;
22.10.2020 17:17;100;6;;;
22.10.2020 17:32;100;6;;;
22.10.2020 17:47;100;6;;;
22.10.2020 18:02;100;6;;;
22.10.2020 18:17;100;6,1;;;
22.10.2020 18:32;100;6,1;;;
22.10.2020 18:47;99;6,1;;;
22.10.2020 19:02;100;6,1;;;
22.10.2020 19:17;99;6,1;;;
22.10.2020 19:32;99;6,2;;;
22.10.2020 19:47;99;6,1;;;
22.10.2020 20:02;99;6,1;;;
22.10.2020 20:17;99;6,2;;;
22.10.2020 20:32;98;6,3;;;
22.10.2020 20:47;98;6,4;;;
22.10.2020 21:02;99;6,4;;;
22.10.2020 21:17;99;6,4;;;
22.10.2020 21:32;99;6,5;;;
22.10.2020 21:47;98;6,5;;;
22.10.2020 22:02;99;6,4;;;
22.10.2020 22:17;99;6,4;;;
22.10.2020 22:32;100;6,4;;;
22.10.2020 22:47;100;6,4;;;
22.10.2020 23:02;100;6,4;;;
22.10.2020 23:17;99;6,4;;;
22.10.2020 23:32;99;6,4;;;
22.10.2020 23:47;99;6,5;;;
23.10.2020 0:02;99;6,5;;;
23.10.2020 0:17;100;6,4;;;
23.10.2020 0:32;100;6,5;;;
23.10.2020 0:47;100;6,6;;;
23.10.2020 1:02;100;6,7;;;
23.10.2020 1:17;100;6,8;;;
23.10.2020 1:32;99;6,9;;;
23.10.2020 1:47;99;7,1;;;
23.10.2020 2:02;99;7,1;;;
23.10.2020 2:17;99;7,1;;;
23.10.2020 2:32;99;7,1;;;
23.10.2020 2:47;100;7,2;;;
23.10.2020 3:02;100;7,2;;;
23.10.2020 3:17;100;7,3;;;
23.10.2020 3:32;100;7,3;;;
23.10.2020 3:47;100;7,4;;;
23.10.2020 4:02;100;7,4;;;
23.10.2020 4:17;100;7,5;;;
23.10.2020 4:32;100;7,5;;;
23.10.2020 4:47;100;7,5;;;
23.10.2020 5:02;100;7,5;;;
23.10.2020 5:17;100;7,5;;;
23.10.2020 5:32;100;7,5;;;
23.10.2020 5:47;100;7,6;;;
23.10.2020 6:02;100;7,6;;;
23.10.2020 6:17;100;7,6;;;
23.10.2020 6:32;100;7,6;;;
23.10.2020 6:47;100;7,7;;;
23.10.2020 7:02;100;7,7;;;
23.10.2020 7:17;100;7,8;;;
23.10.2020 7:32;100;7,9;;;
23.10.2020 7:47;99;8,1;;;
23.10.2020 8:02;100;8,2;;;
23.10.2020 8:17;100;8,5;;;
23.10.2020 8:32;99;8,7;;;
23.10.2020 8:47;98;9,4;;;
23.10.2020 9:02;98;9,7;;;
23.10.2020 9:17;95;10,2;;;
23.10.2020 9:32;96;10;;;
23.10.2020 9:47;94;10,1;;;
23.10.2020 10:02;95;10;;;
23.10.2020 10:17;94;10;;;
23.10.2020 10:32;94;9,9;;;
23.10.2020 10:47;95;9,9;;;
23.10.2020 11:02;95;10,1;;;
23.10.2020 11:17;94;10;;;
23.10.2020 11:32;91;10,1;;;
23.10.2020 11:47;91;10,1;;;
23.10.2020 12:02;92;9,9;;;
23.10.2020 12:17;94;9,5;;;
23.10.2020 12:32;97;9,3;;;
23.10.2020 12:47;95;8,3;;;
23.10.2020 13:02;95;7,3;;;
23.10.2020 13:17;94;6,6;;;
23.10.2020 13:32;95;6,4;;;
23.10.2020 13:47;94;5,8;;;
23.10.2020 14:02;93;5,4;;;
23.10.2020 14:17;92;4,7;;;
23.10.2020 14:32;94;4,5;;;
23.10.2020 14:47;93;4,3;;;
23.10.2020 15:02;92;4,1;;;
23.10.2020 15:17;90;3,9;;;
23.10.2020 15:32;86;3,7;;;
23.10.2020 15:47;83;3,4;;;
23.10.2020 16:02;84;3,3;;;
23.10.2020 16:17;87;3,2;;;
23.10.2020 16:32;87;3,3;;;
23.10.2020 16:47;85;3,2;;;
23.10.2020 17:02;87;3,1;;;
23.10.2020 17:17;87;2,8;;;
23.10.2020 17:32;84;2,9;;;
23.10.2020 17:47;81;2,7;;;
23.10.2020 18:02;81;2,3;;;
23.10.2020 18:17;81;1,9;;;
23.10.2020 18:32;83;1,7;;;
23.10.2020 18:47;82;1,4;;;
23.10.2020 19:02;80;1,6;;;
23.10.2020 19:17;82;1,6;;;
23.10.2020 19:32;84;1,5;;;
23.10.2020 19:47;82;1,2;;;
23.10.2020 20:02;82;1,1;;;
23.10.2020 20:17;80;0,9;;;
23.10.2020 20:32;83;0,7;;;
23.10.2020 20:47;82;0,6;;;
23.10.2020 21:02;83;0,6;;;
23.10.2020 21:17;86;0,4;;;
23.10.2020 21:32;83;0,3;;;
23.10.2020 21:47;82;0,2;;;
23.10.2020 22:02;83;0,2;;;
23.10.2020 22:17;86;-0,2;;;
23.10.2020 22:32;87;-0,3;;;
23.10.2020 22:47;90;-0,7;;;
23.10.2020 23:02;89;-0,9;;;
23.10.2020 23:17;90;-1;;;
23.10.2020 23:32;90;-1,1;;;
23.10.2020 23:47;93;-1,2;;;
24.10.2020 0:02;92;-1,2;;;
24.10.2020 0:17;93;-1,1;;;
24.10.2020 0:32;94;-1,1;;;
24.10.2020 0:47;96;-1,5;;;
24.10.2020 1:02;96;-1,5;;;
24.10.2020 1:17;97;-1,8;;;
24.10.2020 1:32;97;-1,9;;;
24.10.2020 1:47;97;-2;;;
24.10.2020 2:02;97;-1,9;;;
24.10.2020 2:17;97;-2;;;
24.10.2020 2:32;97;-2,1;;;
24.10.2020 2:47;97;-1,9;;;
24.10.2020 3:02;97;-1,9;;;
24.10.2020 3:17;98;-1,8;;;
24.10.2020 3:32;98;-1,6;;;
24.10.2020 3:47;97;-1,8;;;
24.10.2020 4:02;99;-2,3;;;
24.10.2020 4:17;99;-2,4;;;
24.10.2020 4:32;99;-2,2;;;
24.10.2020 4:47;99;-2,1;;;
24.10.2020 5:02;100;-2,1;;;
24.10.2020 5:17;100;-1,9;;;
24.10.2020 5:32;100;-1,8;;;
24.10.2020 5:47;100;-1,5;;;
24.10.2020 6:02;100;-1,5;;;
24.10.2020 6:17;100;-1,5;;;
24.10.2020 6:32;100;-1,4;;;
24.10.2020 6:47;100;-1,3;;;
24.10.2020 7:02;100;-1,3;;;
24.10.2020 7:17;100;-1,2;;;
24.10.2020 7:32;99;-1,1;;;
24.10.2020 7:47;99;-0,8;;;
24.10.2020 8:02;99;-0,6;;;
24.10.2020 8:17;99;-0,4;;;
24.10.2020 8:32;99;-0,2;;;
24.10.2020 8:47;100;0;;;
24.10.2020 9:02;98;0,1;;;
24.10.2020 9:17;97;0,8;;;
24.10.2020 9:32;94;0,9;;;
24.10.2020 9:47;92;1,2;;;
24.10.2020 10:02;90;1,4;;;
24.10.2020 10:17;87;1,6;;;
24.10.2020 10:32;88;1,7;;;
24.10.2020 10:47;85;2,1;;;
24.10.2020 11:02;85;2,3;;;
24.10.2020 11:17;83;2,5;;;
24.10.2020 11:32;83;2,6;;;
24.10.2020 11:47;80;2,8;;;
24.10.2020 12:02;80;2,8;;;
24.10.2020 12:17;80;3;;;
24.10.2020 12:32;80;2,9;;;
24.10.2020 12:47;80;2,9;;;
24.10.2020 13:02;81;2,9;;;
24.10.2020 13:17;81;2,9;;;
24.10.2020 13:32;80;2,8;;;
24.10.2020 13:47;80;2,4;;;
24.10.2020 14:02;80;2,4;;;
24.10.2020 14:17;76;2,5;;;
24.10.2020 14:32;80;2,1;;;
24.10.2020 14:47;86;1,2;;;
24.10.2020 15:02;88;0,2;;;
24.10.2020 15:17;96;-0,8;;;
24.10.2020 15:32;92;-0,3;;;
24.10.2020 15:47;92;-0,4;;;
24.10.2020 16:02;93;-0,6;;;
24.10.2020 16:17;90;-0,6;;;
24.10.2020 16:32;93;-1;;;
24.10.2020 16:47;96;-1,1;;;
24.10.2020 17:02;96;-1,6;;;
24.10.2020 17:17;95;-1,4;;;
24.10.2020 17:32;95;-1,2;;;
24.10.2020 17:47;96;-1,3;;;
24.10.2020 18:02;96;-1,2;;;
24.10.2020 18:17;96;-1,6;;;
24.10.2020 18:32;95;-1,4;;;
24.10.2020 18:47;94;-1,2;;;
24.10.2020 19:02;94;-1,5;;;
24.10.2020 19:17;94;-0,9;;;
24.10.2020 19:32;91;-0,6;;;
24.10.2020 19:47;91;-0,9;;;
24.10.2020 20:02;85;0,4;;;
24.10.2020 20:17;88;-0,5;;;
24.10.2020 20:32;77;1,8;;;
24.10.2020 20:47;74;2,2;;;
24.10.2020 21:02;85;0,7;;;
24.10.2020 21:17;83;0,9;;;
24.10.2020 21:32;87;0,2;;;
24.10.2020 21:47;93;-0,7;;;
24.10.2020 22:02;94;-1,3;;;
24.10.2020 22:17;93;-0,8;;;
24.10.2020 22:32;94;-1,6;;;
24.10.2020 22:47;94;-1,1;;;
24.10.2020 23:02;93;-0,5;;;
24.10.2020 23:17;96;-1,7;;;
24.10.2020 23:32;96;-1,8;;;
24.10.2020 23:47;96;-1,4;;;
25.10.2020 0:02;96;-1,4;;;
25.10.2020 0:17;97;-2,5;;;
25.10.2020 0:32;97;-2,1;;;
25.10.2020 0:47;96;-2,4;;;
25.10.2020 1:02;98;-1,4;;;
25.10.2020 1:17;95;-1,3;;;
25.10.2020 1:32;97;-0,7;;;
25.10.2020 1:47;96;-0,6;;;
25.10.2020 2:02;97;-0,6;;;
25.10.2020 2:17;97;-0,7;;;
25.10.2020 2:32;98;-0,8;;;
25.10.2020 2:47;98;-1,1;;;
25.10.2020 3:02;98;-1;;;
25.10.2020 3:17;96;-1,6;;;
25.10.2020 3:32;99;-1,7;;;
25.10.2020 3:47;98;-2,2;;;
25.10.2020 4:02;99;-2,5;;;
25.10.2020 4:17;99;-2,6;;;
25.10.2020 4:32;100;-2,2;;;
25.10.2020 4:47;97;-3,2;;;
25.10.2020 5:02;100;-3,4;;;
25.10.2020 5:17;99;-3,2;;;
25.10.2020 5:32;100;-2,4;;;
25.10.2020 5:47;100;-1,5;;;
25.10.2020 6:02;100;-0,5;;;
25.10.2020 6:17;93;-2;;;
25.10.2020 6:32;98;-1,9;;;
25.10.2020 6:47;94;-0,1;;;
25.10.2020 7:02;95;-0,1;;;
25.10.2020 7:17;100;-0,4;;;
25.10.2020 7:32;99;0,5;;;
25.10.2020 7:47;95;2,1;;;
25.10.2020 8:02;88;3,2;;;
25.10.2020 8:17;86;4;;;
25.10.2020 8:32;90;3,8;;;
25.10.2020 8:47;84;4,3;;;
25.10.2020 9:02;79;4,8;;;
25.10.2020 9:17;83;4,2;;;
25.10.2020 9:32;81;4,5;;;
25.10.2020 9:47;78;4,9;;;
25.10.2020 10:02;77;5,1;;;
25.10.2020 10:17;72;5,1;;;
25.10.2020 10:32;73;4,9;;;
25.10.2020 10:47;64;5,2;;;
25.10.2020 11:02;67;5;;;
25.10.2020 11:17;62;5,5;;;
25.10.2020 11:32;66;5,2;;;
25.10.2020 11:47;68;4,6;;;
25.10.2020 12:02;68;5,2;;;
25.10.2020 12:17;70;5,2;;;
25.10.2020 12:32;69;5;;;
25.10.2020 12:47;70;4,9;;;
25.10.2020 13:02;71;4,5;;;
25.10.2020 13:17;74;4,3;;;
25.10.2020 13:32;74;4,3;;;
25.10.2020 13:47;75;4,2;;;
25.10.2020 14:02;76;4,1;;;
25.10.2020 14:17;79;3,8;;;
25.10.2020 14:32;78;3,8;;;
25.10.2020 14:47;81;3,3;;;
25.10.2020 15:02;83;2,9;;;
25.10.2020 15:17;83;3,2;;;
25.10.2020 15:32;81;3,4;;;
25.10.2020 15:47;84;3,3;;;
25.10.2020 16:02;82;3,5;;;
25.10.2020 16:17;84;3,4;;;
25.10.2020 16:32;83;3,4;;;
25.10.2020 16:47;84;3,5;;;
25.10.2020 17:02;85;3,4;;;
25.10.2020 17:17;84;3,6;;;
25.10.2020 17:32;85;3,5;;;
25.10.2020 17:47;84;3,7;;;
25.10.2020 18:02;85;3,8;;;
25.10.2020 18:17;84;3,7;;;
25.10.2020 18:32;84;3,7;;;
25.10.2020 18:47;84;3,9;;;
25.10.2020 19:02;83;4;;;
25.10.2020 19:17;83;4,1;;;
25.10.2020 19:32;84;4,2;;;
25.10.2020 19:47;84;4,3;;;
25.10.2020 20:02;85;4,3;;;
25.10.2020 20:17;87;3,9;;;
25.10.2020 20:32;88;3,9;;;
25.10.2020 20:47;88;4,3;;;
25.10.2020 21:02;89;4,4;;;
25.10.2020 21:17;90;4,7;;;
25.10.2020 21:32;91;4,8;;;
25.10.2020 21:47;91;5,2;;;
25.10.2020 22:02;91;5,2;;;
25.10.2020 22:17;92;5,2;;;
25.10.2020 22:32;92;5,3;;;
25.10.2020 22:47;93;5,4;;;
25.10.2020 23:02;93;5,5;;;
25.10.2020 23:17;94;5,4;;;
25.10.2020 23:32;95;5,4;;;
25.10.2020 23:47;96;5,5;;;
