TimeStamp;C
25.9.2020 0:02;12,9
25.9.2020 0:17;12,7
25.9.2020 0:32;12,8
25.9.2020 0:47;12,8
25.9.2020 1:02;12,6
25.9.2020 1:17;13
25.9.2020 1:32;12,7
25.9.2020 1:47;13
25.9.2020 2:02;13,1
25.9.2020 2:17;13,1
25.9.2020 2:32;13,1
25.9.2020 2:47;13,2
25.9.2020 3:02;13,1
25.9.2020 3:17;13
25.9.2020 3:32;12,9
25.9.2020 3:47;12,9
25.9.2020 4:02;12,8
25.9.2020 4:17;13
25.9.2020 4:32;13
25.9.2020 4:47;13
25.9.2020 5:02;12,9
25.9.2020 5:17;13
25.9.2020 5:32;13
25.9.2020 5:47;13,2
25.9.2020 6:02;13,3
25.9.2020 6:17;13,6
25.9.2020 6:32;13,9
25.9.2020 6:47;14
25.9.2020 7:02;14,1
25.9.2020 7:17;13,9
25.9.2020 7:32;13,8
25.9.2020 7:47;14,5
25.9.2020 8:02;14,7
25.9.2020 8:17;15,1
25.9.2020 8:32;15,6
25.9.2020 8:47;16
25.9.2020 9:02;16,1
25.9.2020 9:17;16,4
25.9.2020 9:32;16,5
25.9.2020 9:47;16,7
25.9.2020 10:02;16,6
25.9.2020 10:17;16,4
25.9.2020 10:32;17,1
25.9.2020 10:47;16,3
25.9.2020 11:02;16,1
25.9.2020 11:17;16,2
25.9.2020 11:32;15,5
25.9.2020 11:47;15,2
25.9.2020 12:02;15,3
25.9.2020 12:17;15,3
25.9.2020 12:32;15,4
25.9.2020 12:47;15,5
25.9.2020 13:02;15,9
25.9.2020 13:17;16
25.9.2020 13:32;16,1
25.9.2020 13:47;16,2
25.9.2020 14:02;16,4
25.9.2020 14:17;16,2
25.9.2020 14:32;16,2
25.9.2020 14:47;16,2
25.9.2020 15:02;16
25.9.2020 15:17;15,9
25.9.2020 15:32;15,8
25.9.2020 15:47;15,5
25.9.2020 16:02;15,6
25.9.2020 16:17;15
25.9.2020 16:32;15,2
25.9.2020 16:47;14,4
25.9.2020 17:02;14,1
25.9.2020 17:17;13,9
25.9.2020 17:32;14,3
25.9.2020 17:47;14,6
25.9.2020 18:02;14,3
25.9.2020 18:17;14,2
25.9.2020 18:32;14,3
25.9.2020 18:47;14,2
25.9.2020 19:02;13,9
25.9.2020 19:17;13,7
25.9.2020 19:32;13,5
25.9.2020 19:47;13,4
25.9.2020 20:02;13,4
25.9.2020 20:17;13
25.9.2020 20:32;13
25.9.2020 20:47;12,8
25.9.2020 21:02;12,7
25.9.2020 21:17;12,4
25.9.2020 21:32;12,4
25.9.2020 21:47;12,1
25.9.2020 22:02;12
25.9.2020 22:17;11,8
25.9.2020 22:32;11,5
25.9.2020 22:47;11,3
25.9.2020 23:02;11,1
25.9.2020 23:17;11
25.9.2020 23:32;10,7
25.9.2020 23:47;11
26.9.2020 0:02;10,8
26.9.2020 0:17;10,5
26.9.2020 0:32;10,6
26.9.2020 0:47;10,6
26.9.2020 1:02;10,3
26.9.2020 1:17;10,2
26.9.2020 1:32;10,1
26.9.2020 1:47;10,2
26.9.2020 2:02;10,1
26.9.2020 2:17;10,1
26.9.2020 2:32;10,1
26.9.2020 2:47;9,9
26.9.2020 3:02;9,9
26.9.2020 3:17;9,8
26.9.2020 3:32;9,8
26.9.2020 3:47;9,7
26.9.2020 4:02;9,7
26.9.2020 4:17;9,7
26.9.2020 4:32;9,6
26.9.2020 4:47;10,1
26.9.2020 5:02;10,1
26.9.2020 5:17;10,3
26.9.2020 5:32;10,5
26.9.2020 5:47;10,8
26.9.2020 6:02;10,9
26.9.2020 6:17;11,4
26.9.2020 6:32;11,6
26.9.2020 6:47;12,1
26.9.2020 7:02;12,4
26.9.2020 7:17;12,9
26.9.2020 7:32;13,4
26.9.2020 7:47;14
26.9.2020 8:02;14,7
26.9.2020 8:17;15,5
26.9.2020 8:32;16,1
26.9.2020 8:47;16,4
26.9.2020 9:02;16,6
26.9.2020 9:17;16,9
26.9.2020 9:32;17,5
26.9.2020 9:47;17,8
26.9.2020 10:02;17,8
26.9.2020 10:17;18,1
26.9.2020 10:32;18,5
26.9.2020 10:47;18,9
26.9.2020 11:02;19,2
26.9.2020 11:17;19,7
26.9.2020 11:32;19,4
26.9.2020 11:47;20
26.9.2020 12:02;20,3
26.9.2020 12:17;20,1
26.9.2020 12:32;20,3
26.9.2020 12:47;20,4
26.9.2020 13:02;20,5
26.9.2020 13:17;20,6
26.9.2020 13:32;20,6
26.9.2020 13:47;20,3
26.9.2020 14:02;20,2
26.9.2020 14:17;19,6
26.9.2020 14:32;19,3
26.9.2020 14:47;18,7
26.9.2020 15:02;18,5
26.9.2020 15:17;18,1
26.9.2020 15:32;17,8
26.9.2020 15:47;17,5
26.9.2020 16:02;17,1
26.9.2020 16:17;16,9
26.9.2020 16:32;16,8
26.9.2020 16:47;16,8
26.9.2020 17:02;16,5
26.9.2020 17:17;16,3
26.9.2020 17:32;16
26.9.2020 17:47;15,6
26.9.2020 18:02;15,6
26.9.2020 18:17;15,1
26.9.2020 18:32;15,1
26.9.2020 18:47;15,2
26.9.2020 19:02;15
26.9.2020 19:17;15
26.9.2020 19:32;14,7
26.9.2020 19:47;14,7
26.9.2020 20:02;14,6
26.9.2020 20:17;14,8
26.9.2020 20:32;14,3
26.9.2020 20:47;14,1
26.9.2020 21:02;14,1
26.9.2020 21:17;14,1
26.9.2020 21:32;13,9
26.9.2020 21:47;13,3
26.9.2020 22:02;13,6
26.9.2020 22:17;13,5
26.9.2020 22:32;13,4
26.9.2020 22:47;13,2
26.9.2020 23:02;13,2
26.9.2020 23:17;13
26.9.2020 23:32;13
26.9.2020 23:47;12,8
27.9.2020 0:02;12,9
27.9.2020 0:17;12,6
27.9.2020 0:32;12,5
27.9.2020 0:47;12,3
27.9.2020 1:02;12,2
27.9.2020 1:17;12
27.9.2020 1:32;12,1
27.9.2020 1:47;11,9
27.9.2020 2:02;12
27.9.2020 2:17;11,6
27.9.2020 2:32;11,7
27.9.2020 2:47;11,8
27.9.2020 3:02;11,7
27.9.2020 3:17;11,4
27.9.2020 3:32;11,4
27.9.2020 3:47;11,2
27.9.2020 4:02;11,4
27.9.2020 4:17;11,1
27.9.2020 4:32;11,2
27.9.2020 4:47;11,3
27.9.2020 5:02;11,3
27.9.2020 5:17;11,4
27.9.2020 5:32;11,5
27.9.2020 5:47;11,9
27.9.2020 6:02;12,1
27.9.2020 6:17;12,3
27.9.2020 6:32;12,8
27.9.2020 6:47;13,7
27.9.2020 7:02;13,8
27.9.2020 7:17;13,8
27.9.2020 7:32;14
27.9.2020 7:47;14,6
27.9.2020 8:02;15,4
27.9.2020 8:17;15,7
27.9.2020 8:32;15,8
27.9.2020 8:47;17
27.9.2020 9:02;17,2
27.9.2020 9:17;18,2
27.9.2020 9:32;18,4
27.9.2020 9:47;19
27.9.2020 10:02;19
27.9.2020 10:17;19,3
27.9.2020 10:32;19,5
27.9.2020 10:47;19,6
27.9.2020 11:02;19,7
27.9.2020 11:17;19,8
27.9.2020 11:32;19,8
27.9.2020 11:47;20,4
27.9.2020 12:02;20,3
27.9.2020 12:17;20,2
27.9.2020 12:32;20,4
27.9.2020 12:47;20
27.9.2020 13:02;19,9
27.9.2020 13:17;19,7
27.9.2020 13:32;19,6
27.9.2020 13:47;19,5
27.9.2020 14:02;19,4
27.9.2020 14:17;18,5
27.9.2020 14:32;18,2
27.9.2020 14:47;17,5
27.9.2020 15:02;17,1
27.9.2020 15:17;16,2
27.9.2020 15:32;15,8
27.9.2020 15:47;14,1
27.9.2020 16:02;14,5
27.9.2020 16:17;14
27.9.2020 16:32;13,5
27.9.2020 16:47;13,1
27.9.2020 17:02;12,7
27.9.2020 17:17;12,4
27.9.2020 17:32;12,7
27.9.2020 17:47;12,4
27.9.2020 18:02;12,2
27.9.2020 18:17;11,9
27.9.2020 18:32;12
27.9.2020 18:47;11,9
27.9.2020 19:02;11,6
27.9.2020 19:17;11,7
27.9.2020 19:32;11,5
27.9.2020 19:47;11,1
27.9.2020 20:02;11,4
27.9.2020 20:17;11,3
27.9.2020 20:32;11,1
27.9.2020 20:47;11,2
27.9.2020 21:02;11,2
27.9.2020 21:17;11,3
27.9.2020 21:32;11,5
27.9.2020 21:47;11,3
27.9.2020 22:02;11,2
27.9.2020 22:17;11,2
27.9.2020 22:32;11,3
27.9.2020 22:47;11,4
27.9.2020 23:02;11
27.9.2020 23:17;11
27.9.2020 23:32;11,1
27.9.2020 23:47;10,9
28.9.2020 0:02;11
28.9.2020 0:17;10,8
28.9.2020 0:32;11,1
28.9.2020 0:47;10,8
28.9.2020 1:02;11,1
28.9.2020 1:17;10,8
28.9.2020 1:32;10,5
28.9.2020 1:47;10,5
28.9.2020 2:02;10,3
28.9.2020 2:17;10,1
28.9.2020 2:32;10,1
28.9.2020 2:47;10,1
28.9.2020 3:02;10
28.9.2020 3:17;10
28.9.2020 3:32;9,9
28.9.2020 3:47;9,5
28.9.2020 4:02;9,7
28.9.2020 4:17;9,4
28.9.2020 4:32;9,3
28.9.2020 4:47;9,2
28.9.2020 5:02;9,2
28.9.2020 5:17;9,5
28.9.2020 5:32;9,6
28.9.2020 5:47;10
28.9.2020 6:02;10,2
28.9.2020 6:17;10,5
28.9.2020 6:32;10,7
28.9.2020 6:47;11,2
28.9.2020 7:02;11,1
28.9.2020 7:17;11,5
28.9.2020 7:32;12,2
28.9.2020 7:47;12,3
28.9.2020 8:02;12,7
28.9.2020 8:17;13,6
28.9.2020 8:32;13,7
28.9.2020 8:47;14,6
28.9.2020 9:02;15
28.9.2020 9:17;15,2
28.9.2020 9:32;15,2
28.9.2020 9:47;15,5
28.9.2020 10:02;15,8
28.9.2020 10:17;16,7
28.9.2020 10:32;16,2
28.9.2020 10:47;16,5
28.9.2020 11:02;16,6
28.9.2020 11:17;17,1
28.9.2020 11:32;16,9
28.9.2020 11:47;17,1
28.9.2020 12:02;17
28.9.2020 12:17;17,3
28.9.2020 12:32;17
28.9.2020 12:47;16,7
28.9.2020 13:02;16,9
28.9.2020 13:17;16,6
28.9.2020 13:32;16,5
28.9.2020 13:47;16,2
28.9.2020 14:02;15,9
28.9.2020 14:17;15,9
28.9.2020 14:32;15,6
28.9.2020 14:47;15,3
28.9.2020 15:02;15
28.9.2020 15:17;14,3
28.9.2020 15:32;13,9
28.9.2020 15:47;13,6
28.9.2020 16:02;13,3
28.9.2020 16:17;13,2
28.9.2020 16:32;12,8
28.9.2020 16:47;12,5
28.9.2020 17:02;12,4
28.9.2020 17:17;11,9
28.9.2020 17:32;11,7
28.9.2020 17:47;11,4
28.9.2020 18:02;11,2
28.9.2020 18:17;11
28.9.2020 18:32;10,9
28.9.2020 18:47;10,6
28.9.2020 19:02;10,6
28.9.2020 19:17;10,3
28.9.2020 19:32;10,2
28.9.2020 19:47;9,9
28.9.2020 20:02;9,9
28.9.2020 20:17;9,7
28.9.2020 20:32;9,4
28.9.2020 20:47;9,3
28.9.2020 21:02;9
28.9.2020 21:17;8,8
28.9.2020 21:32;8,7
28.9.2020 21:47;8
28.9.2020 22:02;8,2
28.9.2020 22:17;7,6
28.9.2020 22:32;7,6
28.9.2020 22:47;7,3
28.9.2020 23:02;7
28.9.2020 23:17;6,3
28.9.2020 23:32;6,4
28.9.2020 23:47;7,4
29.9.2020 0:02;6,7
29.9.2020 0:17;6,4
29.9.2020 0:32;5,8
29.9.2020 0:47;6,7
29.9.2020 1:02;7,1
29.9.2020 1:17;6,5
29.9.2020 1:32;6,8
29.9.2020 1:47;7,8
29.9.2020 2:02;8,1
29.9.2020 2:17;8,3
29.9.2020 2:32;8,3
29.9.2020 2:47;8,4
29.9.2020 3:02;8,4
29.9.2020 3:17;8,7
29.9.2020 3:32;8,9
29.9.2020 3:47;8,8
29.9.2020 4:02;8,7
29.9.2020 4:17;8,7
29.9.2020 4:32;8,7
29.9.2020 4:47;8,7
29.9.2020 5:02;8,8
29.9.2020 5:17;8,9
29.9.2020 5:32;9
29.9.2020 5:47;9
29.9.2020 6:02;9
29.9.2020 6:17;9,1
29.9.2020 6:32;9,1
29.9.2020 6:47;9,2
29.9.2020 7:02;9,3
29.9.2020 7:17;9,5
29.9.2020 7:32;9,6
29.9.2020 7:47;10
29.9.2020 8:02;10
29.9.2020 8:17;10,2
29.9.2020 8:32;10,3
29.9.2020 8:47;10,7
29.9.2020 9:02;10,9
29.9.2020 9:17;11,2
29.9.2020 9:32;11,2
29.9.2020 9:47;11,4
29.9.2020 10:02;11,5
29.9.2020 10:17;11,7
29.9.2020 10:32;11,9
29.9.2020 10:47;12,3
29.9.2020 11:02;12,2
29.9.2020 11:17;12,3
29.9.2020 11:32;12,3
29.9.2020 11:47;12,5
29.9.2020 12:02;12,7
29.9.2020 12:17;12,7
29.9.2020 12:32;12,8
29.9.2020 12:47;12,8
29.9.2020 13:02;12,8
29.9.2020 13:17;12,6
29.9.2020 13:32;12,7
29.9.2020 13:47;12,5
29.9.2020 14:02;12,5
29.9.2020 14:17;12,3
29.9.2020 14:32;12,2
29.9.2020 14:47;12,1
29.9.2020 15:02;12
29.9.2020 15:17;11,9
29.9.2020 15:32;11,8
29.9.2020 15:47;11,6
29.9.2020 16:02;11,6
29.9.2020 16:17;11,4
29.9.2020 16:32;11,4
29.9.2020 16:47;11,3
29.9.2020 17:02;11,2
29.9.2020 17:17;11,2
29.9.2020 17:32;11,2
29.9.2020 17:47;11,1
29.9.2020 18:02;11,1
29.9.2020 18:17;11,1
29.9.2020 18:32;11
29.9.2020 18:47;10,9
29.9.2020 19:02;11
29.9.2020 19:17;11
29.9.2020 19:32;10,9
29.9.2020 19:47;10,8
29.9.2020 20:02;10,8
29.9.2020 20:17;10,8
29.9.2020 20:32;10,7
29.9.2020 20:47;10,8
29.9.2020 21:02;10,8
29.9.2020 21:17;10,7
29.9.2020 21:32;10,7
29.9.2020 21:47;10,6
29.9.2020 22:02;10,5
29.9.2020 22:17;10,6
29.9.2020 22:32;10,6
29.9.2020 22:47;10,6
29.9.2020 23:02;10,6
29.9.2020 23:17;10,6
29.9.2020 23:32;10,6
29.9.2020 23:47;10,5
30.9.2020 0:02;10,5
30.9.2020 0:17;10,5
30.9.2020 0:32;10,5
30.9.2020 0:47;10,5
30.9.2020 1:02;10,5
30.9.2020 1:17;10,5
30.9.2020 1:32;10,5
30.9.2020 1:47;10,4
30.9.2020 2:02;10,4
30.9.2020 2:17;10,4
30.9.2020 2:32;10,3
30.9.2020 2:47;10,3
30.9.2020 3:02;10,3
30.9.2020 3:17;10,3
30.9.2020 3:32;10,3
30.9.2020 3:47;10,4
30.9.2020 4:02;10,4
30.9.2020 4:17;10,4
30.9.2020 4:32;10,3
30.9.2020 4:47;10,4
30.9.2020 5:02;10,4
30.9.2020 5:17;10,6
30.9.2020 5:32;10,6
30.9.2020 5:47;10,8
30.9.2020 6:02;10,8
30.9.2020 6:17;10,9
30.9.2020 6:32;11
30.9.2020 6:47;11,3
30.9.2020 7:02;11,3
30.9.2020 7:17;11,4
30.9.2020 7:32;11,4
30.9.2020 7:47;11,6
30.9.2020 8:02;11,6
30.9.2020 8:17;11,7
30.9.2020 8:32;11,8
30.9.2020 8:47;11,9
30.9.2020 9:02;12
30.9.2020 9:17;12
30.9.2020 9:32;12,2
30.9.2020 9:47;12,5
30.9.2020 10:02;12,7
30.9.2020 10:17;12,7
30.9.2020 10:32;12,7
30.9.2020 10:47;12,8
30.9.2020 11:02;12,9
30.9.2020 11:17;13
30.9.2020 11:32;13
30.9.2020 11:47;13,2
30.9.2020 12:02;13,4
30.9.2020 12:17;13,6
30.9.2020 12:32;13,6
30.9.2020 12:47;13,7
30.9.2020 13:02;13,6
30.9.2020 13:17;13,7
30.9.2020 13:32;13,6
30.9.2020 13:47;13,6
30.9.2020 14:02;13,5
30.9.2020 14:17;13,4
30.9.2020 14:32;13,2
30.9.2020 14:47;13
30.9.2020 15:02;13
30.9.2020 15:17;12,7
30.9.2020 15:32;12,4
30.9.2020 15:47;12,7
30.9.2020 16:02;12,7
30.9.2020 16:17;12,3
30.9.2020 16:32;11,9
30.9.2020 16:47;11,7
30.9.2020 17:02;11,7
30.9.2020 17:17;11,8
30.9.2020 17:32;11,6
30.9.2020 17:47;11,5
30.9.2020 18:02;11,5
30.9.2020 18:17;11,3
30.9.2020 18:32;11,3
30.9.2020 18:47;11,1
30.9.2020 19:02;11
30.9.2020 19:17;10,9
30.9.2020 19:32;10,8
30.9.2020 19:47;10,7
30.9.2020 20:02;10,6
30.9.2020 20:17;10,3
30.9.2020 20:32;10
30.9.2020 20:47;9,5
30.9.2020 21:02;9,4
30.9.2020 21:17;8,9
30.9.2020 21:32;8,6
30.9.2020 21:47;8,9
30.9.2020 22:02;8,8
30.9.2020 22:17;8,6
30.9.2020 22:32;9,1
30.9.2020 22:47;8,3
30.9.2020 23:02;8,4
30.9.2020 23:17;9,2
30.9.2020 23:32;9,1
30.9.2020 23:47;8
1.10.2020 0:02;8,8
1.10.2020 0:17;8,9
1.10.2020 0:32;9
1.10.2020 0:47;8,8
1.10.2020 1:02;9,7
1.10.2020 1:17;9
1.10.2020 1:32;8,9
1.10.2020 1:47;8,9
1.10.2020 2:02;8,7
1.10.2020 2:17;8
1.10.2020 2:32;8,1
1.10.2020 2:47;7,8
1.10.2020 3:02;7,6
1.10.2020 3:17;6,8
1.10.2020 3:32;6,7
1.10.2020 3:47;6,7
1.10.2020 4:02;6,7
1.10.2020 4:17;7,2
1.10.2020 4:32;7,6
1.10.2020 4:47;8,2
1.10.2020 5:02;8,3
1.10.2020 5:17;7,8
1.10.2020 5:32;7,8
1.10.2020 5:47;8
1.10.2020 6:02;8,1
1.10.2020 6:17;8,1
1.10.2020 6:32;8,2
1.10.2020 6:47;8,3
1.10.2020 7:02;8,4
1.10.2020 7:17;8,7
1.10.2020 7:32;9,1
1.10.2020 7:47;9,5
1.10.2020 8:02;9,8
1.10.2020 8:17;10
1.10.2020 8:32;10,5
1.10.2020 8:47;11
1.10.2020 9:02;11,2
1.10.2020 9:17;11,8
1.10.2020 9:32;12,4
1.10.2020 9:47;12,2
1.10.2020 10:02;12,2
1.10.2020 10:17;12,8
1.10.2020 10:32;13,3
1.10.2020 10:47;13,7
1.10.2020 11:02;14,3
1.10.2020 11:17;14,6
1.10.2020 11:32;14,7
1.10.2020 11:47;14,8
1.10.2020 12:02;14,9
1.10.2020 12:17;14,8
1.10.2020 12:32;14,7
1.10.2020 12:47;15,2
1.10.2020 13:02;14,9
1.10.2020 13:17;14,6
1.10.2020 13:32;14,5
1.10.2020 13:47;14,2
1.10.2020 14:02;14,1
1.10.2020 14:17;13,6
1.10.2020 14:32;12,8
1.10.2020 14:47;12,8
1.10.2020 15:02;12,8
1.10.2020 15:17;13
1.10.2020 15:32;12,6
1.10.2020 15:47;11,4
1.10.2020 16:02;11,8
1.10.2020 16:17;11,3
1.10.2020 16:32;11,2
1.10.2020 16:47;10,7
1.10.2020 17:02;10,9
1.10.2020 17:17;10,5
1.10.2020 17:32;9,6
1.10.2020 17:47;10
1.10.2020 18:02;9,7
1.10.2020 18:17;9,4
1.10.2020 18:32;9,4
1.10.2020 18:47;9,2
1.10.2020 19:02;9,1
1.10.2020 19:17;8,8
1.10.2020 19:32;8,8
1.10.2020 19:47;8,5
1.10.2020 20:02;8,5
1.10.2020 20:17;8,3
1.10.2020 20:32;8,2
1.10.2020 20:47;7,5
1.10.2020 21:02;7,6
1.10.2020 21:17;7,2
1.10.2020 21:32;7,3
1.10.2020 21:47;7,4
1.10.2020 22:02;7,4
1.10.2020 22:17;7,4
1.10.2020 22:32;7,5
1.10.2020 22:47;7,5
1.10.2020 23:02;7,4
1.10.2020 23:17;7,5
1.10.2020 23:32;7,2
1.10.2020 23:47;7
2.10.2020 0:02;7,3
2.10.2020 0:17;6,5
2.10.2020 0:32;6,6
2.10.2020 0:47;7
2.10.2020 1:02;7,3
2.10.2020 1:17;7,4
2.10.2020 1:32;7,4
2.10.2020 1:47;6,9
2.10.2020 2:02;7,1
2.10.2020 2:17;6,4
2.10.2020 2:32;6,3
2.10.2020 2:47;7
2.10.2020 3:02;7,1
2.10.2020 3:17;6,8
2.10.2020 3:32;6,8
2.10.2020 3:47;6,7
2.10.2020 4:02;6,8
2.10.2020 4:17;6,8
2.10.2020 4:32;6,7
2.10.2020 4:47;7,6
2.10.2020 5:02;7,8
2.10.2020 5:17;8
2.10.2020 5:32;8,3
2.10.2020 5:47;8,6
2.10.2020 6:02;8,8
2.10.2020 6:17;9,1
2.10.2020 6:32;9,2
2.10.2020 6:47;9,6
2.10.2020 7:02;9,7
2.10.2020 7:17;10,2
2.10.2020 7:32;10,6
2.10.2020 7:47;11
2.10.2020 8:02;11,1
2.10.2020 8:17;11,8
2.10.2020 8:32;12,1
2.10.2020 8:47;12,9
2.10.2020 9:02;13,5
2.10.2020 9:17;14
2.10.2020 9:32;14,5
2.10.2020 9:47;14,6
2.10.2020 10:02;14,6
2.10.2020 10:17;15,4
2.10.2020 10:32;15,4
2.10.2020 10:47;15,7
2.10.2020 11:02;16
2.10.2020 11:17;16,1
2.10.2020 11:32;16,2
2.10.2020 11:47;16,4
2.10.2020 12:02;16
2.10.2020 12:17;16,1
2.10.2020 12:32;16,3
2.10.2020 12:47;16,5
2.10.2020 13:02;16,3
2.10.2020 13:17;16,3
2.10.2020 13:32;16,2
2.10.2020 13:47;15,8
2.10.2020 14:02;15,6
2.10.2020 14:17;15,1
2.10.2020 14:32;14,9
2.10.2020 14:47;14,2
2.10.2020 15:02;13,9
2.10.2020 15:17;13,5
2.10.2020 15:32;13
2.10.2020 15:47;12,4
2.10.2020 16:02;12,1
2.10.2020 16:17;11,6
2.10.2020 16:32;11,4
2.10.2020 16:47;11,1
2.10.2020 17:02;11
2.10.2020 17:17;10,3
2.10.2020 17:32;10,1
2.10.2020 17:47;10,1
2.10.2020 18:02;9,8
2.10.2020 18:17;9,8
2.10.2020 18:32;9,8
2.10.2020 18:47;9,5
2.10.2020 19:02;9,5
2.10.2020 19:17;9,4
2.10.2020 19:32;9,3
2.10.2020 19:47;9,2
2.10.2020 20:02;9,1
2.10.2020 20:17;8,8
2.10.2020 20:32;8,8
2.10.2020 20:47;8,9
2.10.2020 21:02;8,9
2.10.2020 21:17;8,8
2.10.2020 21:32;8,8
2.10.2020 21:47;8,9
2.10.2020 22:02;9
2.10.2020 22:17;8,8
2.10.2020 22:32;8,9
2.10.2020 22:47;8,7
2.10.2020 23:02;8,8
2.10.2020 23:17;8,8
2.10.2020 23:32;8,7
2.10.2020 23:47;8,7
3.10.2020 0:02;8,7
3.10.2020 0:17;8,5
3.10.2020 0:32;8,7
3.10.2020 0:47;8,6
3.10.2020 1:02;8,5
3.10.2020 1:17;8,6
3.10.2020 1:32;8,5
3.10.2020 1:47;8,6
3.10.2020 2:02;8,3
3.10.2020 2:17;8,4
3.10.2020 2:32;8,4
3.10.2020 2:47;8,3
3.10.2020 3:02;8,5
3.10.2020 3:17;8,2
3.10.2020 3:32;8,1
3.10.2020 3:47;8,1
3.10.2020 4:02;7,9
3.10.2020 4:17;8,2
3.10.2020 4:32;8,3
3.10.2020 4:47;8,3
3.10.2020 5:02;8,4
3.10.2020 5:17;8,6
3.10.2020 5:32;8,8
3.10.2020 5:47;8,9
3.10.2020 6:02;9
3.10.2020 6:17;9,4
3.10.2020 6:32;9,5
3.10.2020 6:47;9,7
3.10.2020 7:02;9,9
3.10.2020 7:17;10,3
3.10.2020 7:32;10,6
3.10.2020 7:47;11
3.10.2020 8:02;11,2
3.10.2020 8:17;12,1
3.10.2020 8:32;12,6
3.10.2020 8:47;13,3
3.10.2020 9:02;13,7
3.10.2020 9:17;14,1
3.10.2020 9:32;14,6
3.10.2020 9:47;15,4
3.10.2020 10:02;16,1
3.10.2020 10:17;16,5
3.10.2020 10:32;16,8
3.10.2020 10:47;17,2
3.10.2020 11:02;16,7
3.10.2020 11:17;17,3
3.10.2020 11:32;17,2
3.10.2020 11:47;17,2
3.10.2020 12:02;16,9
3.10.2020 12:17;17
3.10.2020 12:32;17,2
3.10.2020 12:47;16,7
3.10.2020 13:02;16,7
3.10.2020 13:17;16,2
3.10.2020 13:32;16,2
3.10.2020 13:47;16
3.10.2020 14:02;15,9
3.10.2020 14:17;15,5
3.10.2020 14:32;15,2
3.10.2020 14:47;14,4
3.10.2020 15:02;14,1
3.10.2020 15:17;13,7
3.10.2020 15:32;13,2
3.10.2020 15:47;12,6
3.10.2020 16:02;12,4
3.10.2020 16:17;12
3.10.2020 16:32;11,8
3.10.2020 16:47;11,8
3.10.2020 17:02;11,7
3.10.2020 17:17;11,7
3.10.2020 17:32;12
3.10.2020 17:47;11,9
3.10.2020 18:02;11,8
3.10.2020 18:17;11,9
3.10.2020 18:32;12
3.10.2020 18:47;12,9
3.10.2020 19:02;13
3.10.2020 19:17;13,4
3.10.2020 19:32;13,4
3.10.2020 19:47;13,6
3.10.2020 20:02;13,5
3.10.2020 20:17;13,4
3.10.2020 20:32;13,5
3.10.2020 20:47;13,7
3.10.2020 21:02;13,7
3.10.2020 21:17;13,1
3.10.2020 21:32;13
3.10.2020 21:47;13
3.10.2020 22:02;13,1
3.10.2020 22:17;12,4
3.10.2020 22:32;12,4
3.10.2020 22:47;12,3
3.10.2020 23:02;12,2
3.10.2020 23:17;12,1
3.10.2020 23:32;12,3
3.10.2020 23:47;12
4.10.2020 0:02;11,7
4.10.2020 0:17;11,7
4.10.2020 0:32;11,6
4.10.2020 0:47;11,5
4.10.2020 1:02;11,6
4.10.2020 1:17;11,5
4.10.2020 1:32;11,5
4.10.2020 1:47;11,5
4.10.2020 2:02;11,7
4.10.2020 2:17;11,6
4.10.2020 2:32;11,8
4.10.2020 2:47;11,3
4.10.2020 3:02;11,2
4.10.2020 3:17;10,9
4.10.2020 3:32;10,7
4.10.2020 3:47;10,3
4.10.2020 4:02;10,4
4.10.2020 4:17;10,2
4.10.2020 4:32;10,1
4.10.2020 4:47;10,3
4.10.2020 5:02;10,5
4.10.2020 5:17;10,7
4.10.2020 5:32;10,6
4.10.2020 5:47;10,5
4.10.2020 6:02;10,6
4.10.2020 6:17;10,9
4.10.2020 6:32;10,9
4.10.2020 6:47;11
4.10.2020 7:02;11,1
4.10.2020 7:17;11,3
4.10.2020 7:32;11,4
4.10.2020 7:47;11,7
4.10.2020 8:02;12
4.10.2020 8:17;12,1
4.10.2020 8:32;12,2
4.10.2020 8:47;12,6
4.10.2020 9:02;12,7
4.10.2020 9:17;12,7
4.10.2020 9:32;12,7
4.10.2020 9:47;12,9
4.10.2020 10:02;13
4.10.2020 10:17;13,2
4.10.2020 10:32;13,3
4.10.2020 10:47;13,5
4.10.2020 11:02;13,4
4.10.2020 11:17;13,4
4.10.2020 11:32;13,5
4.10.2020 11:47;13,5
4.10.2020 12:02;13,5
4.10.2020 12:17;13,1
4.10.2020 12:32;13
4.10.2020 12:47;12,4
4.10.2020 13:02;12,1
4.10.2020 13:17;11,7
4.10.2020 13:32;11,2
4.10.2020 13:47;11
4.10.2020 14:02;10,9
4.10.2020 14:17;11
4.10.2020 14:32;10,9
4.10.2020 14:47;10,9
4.10.2020 15:02;10,8
4.10.2020 15:17;10,6
4.10.2020 15:32;10,5
4.10.2020 15:47;10,3
4.10.2020 16:02;10,2
4.10.2020 16:17;10
4.10.2020 16:32;9,9
4.10.2020 16:47;9,8
4.10.2020 17:02;9,6
4.10.2020 17:17;9,6
4.10.2020 17:32;9,7
4.10.2020 17:47;9,7
4.10.2020 18:02;9,7
4.10.2020 18:17;9,7
4.10.2020 18:32;9,7
4.10.2020 18:47;9,8
4.10.2020 19:02;9,8
4.10.2020 19:17;9,8
4.10.2020 19:32;9,8
4.10.2020 19:47;9,9
4.10.2020 20:02;9,9
4.10.2020 20:17;10
4.10.2020 20:32;10
4.10.2020 20:47;10,2
4.10.2020 21:02;10,2
4.10.2020 21:17;10,3
4.10.2020 21:32;10,3
4.10.2020 21:47;10,3
4.10.2020 22:02;10,4
4.10.2020 22:17;10,4
4.10.2020 22:32;10,3
4.10.2020 22:47;10,4
4.10.2020 23:02;10,4
4.10.2020 23:17;10,4
4.10.2020 23:32;10,5
4.10.2020 23:47;10,5
5.10.2020 0:02;10,5
5.10.2020 0:17;10,6
5.10.2020 0:32;10,6
5.10.2020 0:47;10,7
5.10.2020 1:02;10,7
5.10.2020 1:17;10,8
5.10.2020 1:32;10,8
5.10.2020 1:47;10,9
5.10.2020 2:02;10,9
5.10.2020 2:17;11
5.10.2020 2:32;11,1
5.10.2020 2:47;11,1
5.10.2020 3:02;11,1
5.10.2020 3:17;11,2
5.10.2020 3:32;11,2
5.10.2020 3:47;11,3
5.10.2020 4:02;11,3
5.10.2020 4:17;11,4
5.10.2020 4:32;11,5
5.10.2020 4:47;11,6
5.10.2020 5:02;11,7
5.10.2020 5:17;11,9
5.10.2020 5:32;12,1
5.10.2020 5:47;12,3
5.10.2020 6:02;12,4
5.10.2020 6:17;12,9
5.10.2020 6:32;13
5.10.2020 6:47;13,3
5.10.2020 7:02;13,3
5.10.2020 7:17;13,7
5.10.2020 7:32;13,9
5.10.2020 7:47;14
5.10.2020 8:02;14
5.10.2020 8:17;14,3
5.10.2020 8:32;14,4
5.10.2020 8:47;14,9
5.10.2020 9:02;14,9
5.10.2020 9:17;15,1
5.10.2020 9:32;15,3
5.10.2020 9:47;15,7
5.10.2020 10:02;15,6
5.10.2020 10:17;15,8
5.10.2020 10:32;16,7
5.10.2020 10:47;16,2
5.10.2020 11:02;15,8
5.10.2020 11:17;16,7
5.10.2020 11:32;17,7
5.10.2020 11:47;17,4
5.10.2020 12:02;17,6
5.10.2020 12:17;17,3
5.10.2020 12:32;17,6
5.10.2020 12:47;17,4
5.10.2020 13:02;17,4
5.10.2020 13:17;17,3
5.10.2020 13:32;17,3
5.10.2020 13:47;17
5.10.2020 14:02;16,7
5.10.2020 14:17;16,3
5.10.2020 14:32;16,2
5.10.2020 14:47;15,5
5.10.2020 15:02;15,2
5.10.2020 15:17;14,3
5.10.2020 15:32;13,8
5.10.2020 15:47;13,7
5.10.2020 16:02;13,3
5.10.2020 16:17;13,1
5.10.2020 16:32;13
5.10.2020 16:47;12,6
5.10.2020 17:02;12,3
5.10.2020 17:17;11,8
5.10.2020 17:32;11,8
5.10.2020 17:47;11,3
5.10.2020 18:02;11,7
5.10.2020 18:17;11,3
5.10.2020 18:32;10,8
5.10.2020 18:47;11,5
5.10.2020 19:02;11,6
5.10.2020 19:17;11,6
5.10.2020 19:32;11,6
5.10.2020 19:47;11,9
5.10.2020 20:02;11,9
5.10.2020 20:17;11,8
5.10.2020 20:32;11,8
5.10.2020 20:47;11,8
5.10.2020 21:02;11,7
5.10.2020 21:17;11,5
5.10.2020 21:32;11,4
5.10.2020 21:47;11,4
5.10.2020 22:02;11,2
5.10.2020 22:17;11,4
5.10.2020 22:32;11,4
5.10.2020 22:47;11,5
5.10.2020 23:02;11,7
5.10.2020 23:17;11,9
5.10.2020 23:32;11,9
5.10.2020 23:47;12,1
6.10.2020 0:02;12,2
6.10.2020 0:17;12,4
6.10.2020 0:32;12,5
6.10.2020 0:47;12,6
6.10.2020 1:02;12,7
6.10.2020 1:17;12,9
6.10.2020 1:32;12,9
6.10.2020 1:47;13,1
6.10.2020 2:02;13,1
6.10.2020 2:17;13,1
6.10.2020 2:32;13,1
6.10.2020 2:47;13,1
6.10.2020 3:02;13,1
6.10.2020 3:17;13,1
6.10.2020 3:32;13
6.10.2020 3:47;12,9
6.10.2020 4:02;12,9
6.10.2020 4:17;12,8
6.10.2020 4:32;12,6
6.10.2020 4:47;12,5
6.10.2020 5:02;12,5
6.10.2020 5:17;12,4
6.10.2020 5:32;12,2
6.10.2020 5:47;12,1
6.10.2020 6:02;12,2
6.10.2020 6:17;12,2
6.10.2020 6:32;12,2
6.10.2020 6:47;12,4
6.10.2020 7:02;12,5
6.10.2020 7:17;12,5
6.10.2020 7:32;12,6
6.10.2020 7:47;12,5
6.10.2020 8:02;12,5
6.10.2020 8:17;12,4
6.10.2020 8:32;12,5
6.10.2020 8:47;12,9
6.10.2020 9:02;13,3
6.10.2020 9:17;13,2
6.10.2020 9:32;13,3
6.10.2020 9:47;13,1
6.10.2020 10:02;13,1
6.10.2020 10:17;13,1
6.10.2020 10:32;13
6.10.2020 10:47;12,9
6.10.2020 11:02;12,9
6.10.2020 11:17;12,8
6.10.2020 11:32;12,3
6.10.2020 11:47;12,5
6.10.2020 12:02;12,6
6.10.2020 12:17;11,7
6.10.2020 12:32;11,6
6.10.2020 12:47;11,7
6.10.2020 13:02;11,7
6.10.2020 13:17;11,8
6.10.2020 13:32;11,8
6.10.2020 13:47;11,8
6.10.2020 14:02;11,9
6.10.2020 14:17;11,9
6.10.2020 14:32;11,8
6.10.2020 14:47;11,7
6.10.2020 15:02;11,6
6.10.2020 15:17;11,6
6.10.2020 15:32;11,6
6.10.2020 15:47;11,5
6.10.2020 16:02;11,4
6.10.2020 16:17;11,1
6.10.2020 16:32;11,3
6.10.2020 16:47;11,3
6.10.2020 17:02;11,3
6.10.2020 17:17;11
6.10.2020 17:32;11
6.10.2020 17:47;11
6.10.2020 18:02;11,1
6.10.2020 18:17;11,2
6.10.2020 18:32;11,3
6.10.2020 18:47;11,6
6.10.2020 19:02;11,8
6.10.2020 19:17;12,2
6.10.2020 19:32;12,4
6.10.2020 19:47;12,5
6.10.2020 20:02;12,7
6.10.2020 20:17;13
6.10.2020 20:32;13
6.10.2020 20:47;13
6.10.2020 21:02;13
6.10.2020 21:17;12,9
6.10.2020 21:32;13
6.10.2020 21:47;12,8
6.10.2020 22:02;12,9
6.10.2020 22:17;12,9
6.10.2020 22:32;12,8
6.10.2020 22:47;12,7
6.10.2020 23:02;12,6
6.10.2020 23:17;12,6
6.10.2020 23:32;12,6
6.10.2020 23:47;12,5
7.10.2020 0:02;12,5
7.10.2020 0:17;12,3
7.10.2020 0:32;12,2
7.10.2020 0:47;11,9
7.10.2020 1:02;11,6
7.10.2020 1:17;11,5
7.10.2020 1:32;11,1
7.10.2020 1:47;11,5
7.10.2020 2:02;11,5
7.10.2020 2:17;11,4
7.10.2020 2:32;11,4
7.10.2020 2:47;11,4
7.10.2020 3:02;11,4
7.10.2020 3:17;11,4
7.10.2020 3:32;11,4
7.10.2020 3:47;11,4
7.10.2020 4:02;11,4
7.10.2020 4:17;11,4
7.10.2020 4:32;11,4
7.10.2020 4:47;11,4
7.10.2020 5:02;11,5
7.10.2020 5:17;11,6
7.10.2020 5:32;11,6
7.10.2020 5:47;11,7
7.10.2020 6:02;11,7
7.10.2020 6:17;11,8
7.10.2020 6:32;11,8
7.10.2020 6:47;11,9
7.10.2020 7:02;12
7.10.2020 7:17;12
7.10.2020 7:32;12,1
7.10.2020 7:47;12,1
7.10.2020 8:02;12
7.10.2020 8:17;12,1
7.10.2020 8:32;12,1
7.10.2020 8:47;12,2
7.10.2020 9:02;12,4
7.10.2020 9:17;
7.10.2020 9:32;12,9
7.10.2020 9:47;13,5
7.10.2020 10:02;13,6
7.10.2020 10:17;13,6
7.10.2020 10:32;13,6
7.10.2020 10:47;13,8
7.10.2020 11:02;13,8
7.10.2020 11:17;14
7.10.2020 11:32;14
7.10.2020 11:47;14
7.10.2020 12:02;13,9
7.10.2020 12:17;13,9
7.10.2020 12:32;13,9
7.10.2020 12:47;14,2
7.10.2020 13:02;14
7.10.2020 13:17;14
7.10.2020 13:32;14,4
7.10.2020 13:47;13,8
7.10.2020 14:02;13,5
7.10.2020 14:17;13,3
7.10.2020 14:32;13,1
7.10.2020 14:47;12,8
7.10.2020 15:02;12,5
7.10.2020 15:17;12
7.10.2020 15:32;11,5
7.10.2020 15:47;11,5
7.10.2020 16:02;11,4
7.10.2020 16:17;11,1
7.10.2020 16:32;11,6
7.10.2020 16:47;11,4
7.10.2020 17:02;11,4
7.10.2020 17:17;11,2
7.10.2020 17:32;11
7.10.2020 17:47;10,7
7.10.2020 18:02;10,5
7.10.2020 18:17;10,3
7.10.2020 18:32;10,3
7.10.2020 18:47;9,9
7.10.2020 19:02;10
7.10.2020 19:17;9,8
7.10.2020 19:32;9,7
7.10.2020 19:47;9,6
7.10.2020 20:02;9,7
7.10.2020 20:17;9,5
7.10.2020 20:32;9,7
7.10.2020 20:47;9,6
7.10.2020 21:02;9,6
7.10.2020 21:17;9,7
7.10.2020 21:32;9,7
7.10.2020 21:47;9,9
7.10.2020 22:02;9,9
7.10.2020 22:17;9,8
7.10.2020 22:32;9,8
7.10.2020 22:47;9,8
7.10.2020 23:02;9,8
7.10.2020 23:17;9,7
7.10.2020 23:32;9,7
7.10.2020 23:47;9,8
8.10.2020 0:02;9,8
8.10.2020 0:17;9,9
8.10.2020 0:32;9,9
8.10.2020 0:47;9,8
8.10.2020 1:02;9,9
8.10.2020 1:17;9,9
8.10.2020 1:32;9,9
8.10.2020 1:47;10
8.10.2020 2:02;10,1
8.10.2020 2:17;10,1
8.10.2020 2:32;10,2
8.10.2020 2:47;10,2
8.10.2020 3:02;10,2
8.10.2020 3:17;10,2
8.10.2020 3:32;10,2
8.10.2020 3:47;10,2
8.10.2020 4:02;10,3
8.10.2020 4:17;10,5
8.10.2020 4:32;10,6
8.10.2020 4:47;10,8
8.10.2020 5:02;10,8
8.10.2020 5:17;11
8.10.2020 5:32;11,1
8.10.2020 5:47;11,3
8.10.2020 6:02;11,4
8.10.2020 6:17;11,5
8.10.2020 6:32;11,5
8.10.2020 6:47;11,6
8.10.2020 7:02;11,7
8.10.2020 7:17;11,8
8.10.2020 7:32;11,9
8.10.2020 7:47;12
8.10.2020 8:02;12,1
8.10.2020 8:17;12,2
8.10.2020 8:32;12,2
8.10.2020 8:47;12,2
8.10.2020 9:02;12,3
8.10.2020 9:17;12,3
8.10.2020 9:32;12,3
8.10.2020 9:47;12,4
8.10.2020 10:02;12,5
8.10.2020 10:17;12,5
8.10.2020 10:32;12,6
8.10.2020 10:47;12,5
8.10.2020 11:02;12,5
8.10.2020 11:17;12,6
8.10.2020 11:32;12,6
8.10.2020 11:47;12,6
8.10.2020 12:02;12,6
8.10.2020 12:17;12,6
8.10.2020 12:32;12,6
8.10.2020 12:47;12,7
8.10.2020 13:02;12,7
8.10.2020 13:17;12,6
8.10.2020 13:32;12,6
8.10.2020 13:47;12,5
8.10.2020 14:02;12,5
8.10.2020 14:17;12,5
8.10.2020 14:32;12,3
8.10.2020 14:47;12,1
8.10.2020 15:02;12
8.10.2020 15:17;12
8.10.2020 15:32;12
8.10.2020 15:47;11,9
8.10.2020 16:02;11,8
8.10.2020 16:17;11,9
8.10.2020 16:32;11,8
8.10.2020 16:47;11,7
8.10.2020 17:02;11,7
8.10.2020 17:17;11,6
8.10.2020 17:32;11,5
8.10.2020 17:47;11,2
8.10.2020 18:02;11
8.10.2020 18:17;10,7
8.10.2020 18:32;10,7
8.10.2020 18:47;10,9
8.10.2020 19:02;11
8.10.2020 19:17;11
8.10.2020 19:32;11,1
8.10.2020 19:47;11,4
8.10.2020 20:02;11,4
8.10.2020 20:17;11,5
8.10.2020 20:32;11,5
8.10.2020 20:47;11,5
8.10.2020 21:02;11,5
8.10.2020 21:17;11,6
8.10.2020 21:32;11,6
8.10.2020 21:47;11,6
8.10.2020 22:02;11,6
8.10.2020 22:17;11,6
8.10.2020 22:32;11,5
8.10.2020 22:47;11,5
8.10.2020 23:02;11,4
8.10.2020 23:17;11,4
8.10.2020 23:32;11,4
8.10.2020 23:47;11,4
9.10.2020 0:02;11,4
9.10.2020 0:17;11,3
9.10.2020 0:32;11,2
9.10.2020 0:47;11,2
9.10.2020 1:02;11,1
9.10.2020 1:17;11
9.10.2020 1:32;11,1
9.10.2020 1:47;11,1
9.10.2020 2:02;11,1
9.10.2020 2:17;11,2
9.10.2020 2:32;11,3
9.10.2020 2:47;11,4
9.10.2020 3:02;11,4
9.10.2020 3:17;11,4
9.10.2020 3:32;11,4
9.10.2020 3:47;11,4
9.10.2020 4:02;11,5
9.10.2020 4:17;11,4
9.10.2020 4:32;11,4
9.10.2020 4:47;11,5
9.10.2020 5:02;11,4
9.10.2020 5:17;11,5
9.10.2020 5:32;11,6
9.10.2020 5:47;11,6
9.10.2020 6:02;11,6
9.10.2020 6:17;11,7
9.10.2020 6:32;11,7
9.10.2020 6:47;11,9
9.10.2020 7:02;11,9
9.10.2020 7:17;11,7
9.10.2020 7:32;11,7
9.10.2020 7:47;11,4
9.10.2020 8:02;11,5
9.10.2020 8:17;11,5
9.10.2020 8:32;11,6
9.10.2020 8:47;11,8
9.10.2020 9:02;11,7
9.10.2020 9:17;11,8
9.10.2020 9:32;12,1
9.10.2020 9:47;12,5
9.10.2020 10:02;12,1
9.10.2020 10:17;12,1
9.10.2020 10:32;12,2
9.10.2020 10:47;11,9
9.10.2020 11:02;11,8
9.10.2020 11:17;12,1
9.10.2020 11:32;12,4
9.10.2020 11:47;12,2
9.10.2020 12:02;12,2
9.10.2020 12:17;12
9.10.2020 12:32;12
9.10.2020 12:47;12,3
9.10.2020 13:02;12,1
9.10.2020 13:17;11,9
9.10.2020 13:32;11,9
9.10.2020 13:47;11,7
9.10.2020 14:02;11,7
9.10.2020 14:17;11,6
9.10.2020 14:32;11,5
9.10.2020 14:47;11,5
9.10.2020 15:02;11,4
9.10.2020 15:17;11,2
9.10.2020 15:32;11
9.10.2020 15:47;10,9
9.10.2020 16:02;10,9
9.10.2020 16:17;11
9.10.2020 16:32;11
9.10.2020 16:47;11,1
9.10.2020 17:02;10,9
9.10.2020 17:17;10,8
9.10.2020 17:32;10,6
9.10.2020 17:47;10,6
9.10.2020 18:02;10,8
9.10.2020 18:17;10,7
9.10.2020 18:32;10,6
9.10.2020 18:47;10,6
9.10.2020 19:02;10,6
9.10.2020 19:17;10,7
9.10.2020 19:32;10,7
9.10.2020 19:47;10,8
9.10.2020 20:02;10,9
9.10.2020 20:17;11
9.10.2020 20:32;11,1
9.10.2020 20:47;11,1
9.10.2020 21:02;11,2
9.10.2020 21:17;11,1
9.10.2020 21:32;11
9.10.2020 21:47;10,6
9.10.2020 22:02;10,2
9.10.2020 22:17;9,7
9.10.2020 22:32;9,8
9.10.2020 22:47;9,2
9.10.2020 23:02;9
9.10.2020 23:17;8,6
9.10.2020 23:32;8,7
9.10.2020 23:47;8,4
10.10.2020 0:02;8,4
10.10.2020 0:17;7,9
10.10.2020 0:32;7,8
10.10.2020 0:47;7,7
10.10.2020 1:02;7,5
10.10.2020 1:17;7,4
10.10.2020 1:32;7,4
10.10.2020 1:47;7,3
10.10.2020 2:02;7,2
10.10.2020 2:17;7,6
10.10.2020 2:32;7,7
10.10.2020 2:47;7,7
10.10.2020 3:02;7,8
10.10.2020 3:17;7,8
10.10.2020 3:32;7,8
10.10.2020 3:47;8,1
10.10.2020 4:02;8,3
10.10.2020 4:17;8,8
10.10.2020 4:32;8,9
10.10.2020 4:47;8,9
10.10.2020 5:02;8,9
10.10.2020 5:17;8,8
10.10.2020 5:32;8,9
10.10.2020 5:47;9,1
10.10.2020 6:02;9,3
10.10.2020 6:17;9,6
10.10.2020 6:32;9,8
10.10.2020 6:47;10,1
10.10.2020 7:02;10,4
10.10.2020 7:17;10,8
10.10.2020 7:32;10,9
10.10.2020 7:47;11,2
10.10.2020 8:02;11,5
10.10.2020 8:17;11,4
10.10.2020 8:32;11,5
10.10.2020 8:47;11,9
10.10.2020 9:02;12,3
10.10.2020 9:17;12,4
10.10.2020 9:32;12,4
10.10.2020 9:47;12,5
10.10.2020 10:02;12,8
10.10.2020 10:17;13,1
10.10.2020 10:32;12,9
10.10.2020 10:47;13,1
10.10.2020 11:02;13,1
10.10.2020 11:17;13,1
10.10.2020 11:32;13,5
10.10.2020 11:47;13,3
10.10.2020 12:02;13,3
10.10.2020 12:17;13,7
10.10.2020 12:32;12,9
10.10.2020 12:47;13,4
10.10.2020 13:02;12,8
10.10.2020 13:17;12,5
10.10.2020 13:32;12,3
10.10.2020 13:47;12,1
10.10.2020 14:02;11,9
10.10.2020 14:17;11,6
10.10.2020 14:32;11,4
10.10.2020 14:47;11
10.10.2020 15:02;10,7
10.10.2020 15:17;10,2
10.10.2020 15:32;10
10.10.2020 15:47;9,7
10.10.2020 16:02;9,5
10.10.2020 16:17;9,1
10.10.2020 16:32;9,1
10.10.2020 16:47;8,9
10.10.2020 17:02;8,9
10.10.2020 17:17;8,6
10.10.2020 17:32;8,6
10.10.2020 17:47;8,5
10.10.2020 18:02;8,3
10.10.2020 18:17;8,1
10.10.2020 18:32;8,3
10.10.2020 18:47;8,1
10.10.2020 19:02;8,2
10.10.2020 19:17;7,9
10.10.2020 19:32;7,8
10.10.2020 19:47;7,8
10.10.2020 20:02;7,9
10.10.2020 20:17;8,3
10.10.2020 20:32;8,1
10.10.2020 20:47;8
10.10.2020 21:02;8
10.10.2020 21:17;7,9
10.10.2020 21:32;7,8
10.10.2020 21:47;7,4
10.10.2020 22:02;7,3
10.10.2020 22:17;4,8
10.10.2020 22:32;5,1
10.10.2020 22:47;4,9
10.10.2020 23:02;6,1
10.10.2020 23:17;7
10.10.2020 23:32;7
10.10.2020 23:47;7,1
11.10.2020 0:02;7,1
11.10.2020 0:17;6,9
11.10.2020 0:32;6,8
11.10.2020 0:47;7,1
11.10.2020 1:02;7,1
11.10.2020 1:17;7
11.10.2020 1:32;6,9
11.10.2020 1:47;6,8
11.10.2020 2:02;6,7
11.10.2020 2:17;6,6
11.10.2020 2:32;6,6
11.10.2020 2:47;6,8
11.10.2020 3:02;6,8
11.10.2020 3:17;7
11.10.2020 3:32;7
11.10.2020 3:47;7,1
11.10.2020 4:02;7
11.10.2020 4:17;7
11.10.2020 4:32;7,1
11.10.2020 4:47;7,1
11.10.2020 5:02;7,2
11.10.2020 5:17;7,5
11.10.2020 5:32;7,4
11.10.2020 5:47;7,5
11.10.2020 6:02;7,5
11.10.2020 6:17;7,6
11.10.2020 6:32;7,6
11.10.2020 6:47;7,7
11.10.2020 7:02;7,8
11.10.2020 7:17;7,9
11.10.2020 7:32;7,9
11.10.2020 7:47;8
11.10.2020 8:02;8,1
11.10.2020 8:17;8,3
11.10.2020 8:32;8,4
11.10.2020 8:47;8,5
11.10.2020 9:02;8,5
11.10.2020 9:17;8,6
11.10.2020 9:32;8,8
11.10.2020 9:47;9,1
11.10.2020 10:02;9,5
11.10.2020 10:17;9,6
11.10.2020 10:32;9,6
11.10.2020 10:47;9,6
11.10.2020 11:02;9,6
11.10.2020 11:17;9,6
11.10.2020 11:32;9,7
11.10.2020 11:47;9,8
11.10.2020 12:02;9,8
11.10.2020 12:17;10
11.10.2020 12:32;10
11.10.2020 12:47;10,2
11.10.2020 13:02;10,3
11.10.2020 13:17;10,4
11.10.2020 13:32;10,5
11.10.2020 13:47;10,7
11.10.2020 14:02;10,8
11.10.2020 14:17;11
11.10.2020 14:32;11
11.10.2020 14:47;11
11.10.2020 15:02;11
11.10.2020 15:17;11
11.10.2020 15:32;10,9
11.10.2020 15:47;10,9
11.10.2020 16:02;10,9
11.10.2020 16:17;10,8
11.10.2020 16:32;10,8
11.10.2020 16:47;10,5
11.10.2020 17:02;10,3
11.10.2020 17:17;10,1
11.10.2020 17:32;10
11.10.2020 17:47;9,8
11.10.2020 18:02;9,5
11.10.2020 18:17;9,6
11.10.2020 18:32;9,7
11.10.2020 18:47;9,3
11.10.2020 19:02;9
11.10.2020 19:17;9
11.10.2020 19:32;8,7
11.10.2020 19:47;9,4
11.10.2020 20:02;9,1
11.10.2020 20:17;9,1
11.10.2020 20:32;9,1
11.10.2020 20:47;9,4
11.10.2020 21:02;9,4
11.10.2020 21:17;9,2
11.10.2020 21:32;9,2
11.10.2020 21:47;9,2
11.10.2020 22:02;9,3
11.10.2020 22:17;8,9
11.10.2020 22:32;8,5
11.10.2020 22:47;8,5
11.10.2020 23:02;8,7
11.10.2020 23:17;8,6
11.10.2020 23:32;8,6
11.10.2020 23:47;8,7
12.10.2020 0:02;8,8
12.10.2020 0:17;8,9
12.10.2020 0:32;8,8
12.10.2020 0:47;8,7
12.10.2020 1:02;8,7
12.10.2020 1:17;8,7
12.10.2020 1:32;8,6
12.10.2020 1:47;8,6
12.10.2020 2:02;8,6
12.10.2020 2:17;8,5
12.10.2020 2:32;8,5
12.10.2020 2:47;8,5
12.10.2020 3:02;8,6
12.10.2020 3:17;8,4
12.10.2020 3:32;8,4
12.10.2020 3:47;8,4
12.10.2020 4:02;8,4
12.10.2020 4:17;8,3
12.10.2020 4:32;8,3
12.10.2020 4:47;8,3
12.10.2020 5:02;8,3
12.10.2020 5:17;8,2
12.10.2020 5:32;8,1
12.10.2020 5:47;8,3
12.10.2020 6:02;8,4
12.10.2020 6:17;8,2
12.10.2020 6:32;8,3
12.10.2020 6:47;8,3
12.10.2020 7:02;8,3
12.10.2020 7:17;8,3
12.10.2020 7:32;8,4
12.10.2020 7:47;8,4
12.10.2020 8:02;8,5
12.10.2020 8:17;8,6
12.10.2020 8:32;8,6
12.10.2020 8:47;8,6
12.10.2020 9:02;8,7
12.10.2020 9:17;9
12.10.2020 9:32;9,3
12.10.2020 9:47;9,5
12.10.2020 10:02;9,7
12.10.2020 10:17;10
12.10.2020 10:32;10
12.10.2020 10:47;10,6
12.10.2020 11:02;10,3
12.10.2020 11:17;9,9
12.10.2020 11:32;10
12.10.2020 11:47;10,4
12.10.2020 12:02;10,3
12.10.2020 12:17;10,4
12.10.2020 12:32;10,5
12.10.2020 12:47;10,3
12.10.2020 13:02;10,2
12.10.2020 13:17;10,1
12.10.2020 13:32;10
12.10.2020 13:47;9,8
12.10.2020 14:02;9,6
12.10.2020 14:17;9,5
12.10.2020 14:32;9,3
12.10.2020 14:47;8,9
12.10.2020 15:02;8,9
12.10.2020 15:17;8,7
12.10.2020 15:32;8,7
12.10.2020 15:47;8,5
12.10.2020 16:02;8,3
12.10.2020 16:17;8,1
12.10.2020 16:32;8
12.10.2020 16:47;7,9
12.10.2020 17:02;7,8
12.10.2020 17:17;7,8
12.10.2020 17:32;7,5
12.10.2020 17:47;7,5
12.10.2020 18:02;7,3
12.10.2020 18:17;6,7
12.10.2020 18:32;6,5
12.10.2020 18:47;7
12.10.2020 19:02;6,6
12.10.2020 19:17;6,1
12.10.2020 19:32;6,6
12.10.2020 19:47;7,4
12.10.2020 20:02;7,6
12.10.2020 20:17;7,5
12.10.2020 20:32;7,4
12.10.2020 20:47;7,3
12.10.2020 21:02;7,3
12.10.2020 21:17;7,4
12.10.2020 21:32;7,5
12.10.2020 21:47;7,3
12.10.2020 22:02;7,1
12.10.2020 22:17;7,3
12.10.2020 22:32;7,2
12.10.2020 22:47;7,4
12.10.2020 23:02;7,4
12.10.2020 23:17;7,3
12.10.2020 23:32;7,4
12.10.2020 23:47;7,3
13.10.2020 0:02;7,5
13.10.2020 0:17;6,9
13.10.2020 0:32;7,1
13.10.2020 0:47;7,2
13.10.2020 1:02;7,3
13.10.2020 1:17;7,4
13.10.2020 1:32;7,5
13.10.2020 1:47;7,5
13.10.2020 2:02;7,4
13.10.2020 2:17;7,2
13.10.2020 2:32;7
13.10.2020 2:47;7,2
13.10.2020 3:02;7,3
13.10.2020 3:17;7,4
13.10.2020 3:32;6,8
13.10.2020 3:47;6,8
13.10.2020 4:02;6,7
13.10.2020 4:17;6,4
13.10.2020 4:32;6,2
13.10.2020 4:47;6,5
13.10.2020 5:02;6
13.10.2020 5:17;6,6
13.10.2020 5:32;6,6
13.10.2020 5:47;7,1
13.10.2020 6:02;7
13.10.2020 6:17;7
13.10.2020 6:32;7,1
13.10.2020 6:47;7,1
13.10.2020 7:02;7,1
13.10.2020 7:17;7,3
13.10.2020 7:32;7,4
13.10.2020 7:47;7,9
13.10.2020 8:02;8
13.10.2020 8:17;8,4
13.10.2020 8:32;8,4
13.10.2020 8:47;8,6
13.10.2020 9:02;8,7
13.10.2020 9:17;8,6
13.10.2020 9:32;8,7
13.10.2020 9:47;8,8
13.10.2020 10:02;8,8
13.10.2020 10:17;8,9
13.10.2020 10:32;9,2
13.10.2020 10:47;9,1
13.10.2020 11:02;9,2
13.10.2020 11:17;9,6
13.10.2020 11:32;9,8
13.10.2020 11:47;9,1
13.10.2020 12:02;8,5
13.10.2020 12:17;10,1
13.10.2020 12:32;9,8
13.10.2020 12:47;9,3
13.10.2020 13:02;9,2
13.10.2020 13:17;8,9
13.10.2020 13:32;8,9
13.10.2020 13:47;8,9
13.10.2020 14:02;9
13.10.2020 14:17;8,7
13.10.2020 14:32;8,5
13.10.2020 14:47;8,2
13.10.2020 15:02;8,1
13.10.2020 15:17;6,2
13.10.2020 15:32;6,7
13.10.2020 15:47;6,6
13.10.2020 16:02;6,4
13.10.2020 16:17;6,3
13.10.2020 16:32;5,8
13.10.2020 16:47;6,4
13.10.2020 17:02;6,3
13.10.2020 17:17;5,8
13.10.2020 17:32;6,3
13.10.2020 17:47;4,9
13.10.2020 18:02;3,9
13.10.2020 18:17;4,3
13.10.2020 18:32;6,2
13.10.2020 18:47;6,6
13.10.2020 19:02;6,5
13.10.2020 19:17;6,4
13.10.2020 19:32;6,3
13.10.2020 19:47;6,3
13.10.2020 20:02;5,7
13.10.2020 20:17;6
13.10.2020 20:32;6
13.10.2020 20:47;6
13.10.2020 21:02;6,1
13.10.2020 21:17;5,2
13.10.2020 21:32;4,7
13.10.2020 21:47;5,9
13.10.2020 22:02;5,7
13.10.2020 22:17;3,5
13.10.2020 22:32;4,9
13.10.2020 22:47;5,1
13.10.2020 23:02;5,1
13.10.2020 23:17;5,2
13.10.2020 23:32;5,3
13.10.2020 23:47;4,8
14.10.2020 0:02;5
14.10.2020 0:17;2,7
14.10.2020 0:32;2,9
14.10.2020 0:47;2,3
14.10.2020 1:02;2,2
14.10.2020 1:17;4,5
14.10.2020 1:32;4,1
14.10.2020 1:47;4
14.10.2020 2:02;4
14.10.2020 2:17;4
14.10.2020 2:32;4
14.10.2020 2:47;4,2
14.10.2020 3:02;4,1
14.10.2020 3:17;4,2
14.10.2020 3:32;4,2
14.10.2020 3:47;4,3
14.10.2020 4:02;4,5
14.10.2020 4:17;5,4
14.10.2020 4:32;5,6
14.10.2020 4:47;5,9
14.10.2020 5:02;6,2
14.10.2020 5:17;6,4
14.10.2020 5:32;6,4
14.10.2020 5:47;6,7
14.10.2020 6:02;6,9
14.10.2020 6:17;7,1
14.10.2020 6:32;7,2
14.10.2020 6:47;7,5
14.10.2020 7:02;7,5
14.10.2020 7:17;7,6
14.10.2020 7:32;7,8
14.10.2020 7:47;7,9
14.10.2020 8:02;7,9
14.10.2020 8:17;8,3
14.10.2020 8:32;8,3
14.10.2020 8:47;8,3
14.10.2020 9:02;8,4
14.10.2020 9:17;9,3
14.10.2020 9:32;8,7
14.10.2020 9:47;9,4
14.10.2020 10:02;9,1
14.10.2020 10:17;9
14.10.2020 10:32;9
14.10.2020 10:47;9,1
14.10.2020 11:02;9,1
14.10.2020 11:17;9,3
14.10.2020 11:32;9,6
14.10.2020 11:47;9,3
14.10.2020 12:02;9,2
14.10.2020 12:17;9,1
14.10.2020 12:32;9,1
14.10.2020 12:47;9
14.10.2020 13:02;8,9
14.10.2020 13:17;8,9
14.10.2020 13:32;8,9
14.10.2020 13:47;8,8
14.10.2020 14:02;8,7
14.10.2020 14:17;8,6
14.10.2020 14:32;8,6
14.10.2020 14:47;8,4
14.10.2020 15:02;8,3
14.10.2020 15:17;8,4
14.10.2020 15:32;8,2
14.10.2020 15:47;8,1
14.10.2020 16:02;8
14.10.2020 16:17;8,1
14.10.2020 16:32;8,1
14.10.2020 16:47;7,8
14.10.2020 17:02;7,7
14.10.2020 17:17;7,6
14.10.2020 17:32;7,6
14.10.2020 17:47;7,5
14.10.2020 18:02;7,5
14.10.2020 18:17;7,3
14.10.2020 18:32;7,4
14.10.2020 18:47;7,5
14.10.2020 19:02;7,4
14.10.2020 19:17;7,4
14.10.2020 19:32;7,3
14.10.2020 19:47;7,3
14.10.2020 20:02;7,3
14.10.2020 20:17;7,3
14.10.2020 20:32;7,2
14.10.2020 20:47;7,1
14.10.2020 21:02;7,1
14.10.2020 21:17;7,2
14.10.2020 21:32;7,2
14.10.2020 21:47;7,1
14.10.2020 22:02;7
14.10.2020 22:17;7
14.10.2020 22:32;6,9
14.10.2020 22:47;6,8
14.10.2020 23:02;6,8
14.10.2020 23:17;6,8
14.10.2020 23:32;6,8
14.10.2020 23:47;6,7
15.10.2020 0:02;6,7
15.10.2020 0:17;6,5
15.10.2020 0:32;6,4
15.10.2020 0:47;6,5
15.10.2020 1:02;6,4
15.10.2020 1:17;6,1
15.10.2020 1:32;5,9
15.10.2020 1:47;5,7
15.10.2020 2:02;5,6
15.10.2020 2:17;5,5
15.10.2020 2:32;5,5
15.10.2020 2:47;5,5
15.10.2020 3:02;5,4
15.10.2020 3:17;5,2
15.10.2020 3:32;5,2
15.10.2020 3:47;5
15.10.2020 4:02;4,8
15.10.2020 4:17;4,5
15.10.2020 4:32;4,4
15.10.2020 4:47;3,9
15.10.2020 5:02;3,7
15.10.2020 5:17;3,5
15.10.2020 5:32;3,5
15.10.2020 5:47;3,5
15.10.2020 6:02;3,6
15.10.2020 6:17;2,9
15.10.2020 6:32;2,9
15.10.2020 6:47;2,5
15.10.2020 7:02;2,6
15.10.2020 7:17;3,3
15.10.2020 7:32;3,5
15.10.2020 7:47;3,8
15.10.2020 8:02;3,9
15.10.2020 8:17;4,2
15.10.2020 8:32;4,2
15.10.2020 8:47;4,8
15.10.2020 9:02;4,4
15.10.2020 9:17;5
15.10.2020 9:32;5
15.10.2020 9:47;5,2
15.10.2020 10:02;5,2
15.10.2020 10:17;5,3
15.10.2020 10:32;5,4
15.10.2020 10:47;5,6
15.10.2020 11:02;5,8
15.10.2020 11:17;5,6
15.10.2020 11:32;5,5
15.10.2020 11:47;5,3
15.10.2020 12:02;5,4
15.10.2020 12:17;5,6
15.10.2020 12:32;5,6
15.10.2020 12:47;5,7
15.10.2020 13:02;5,8
15.10.2020 13:17;5,6
15.10.2020 13:32;5,6
15.10.2020 13:47;5,6
15.10.2020 14:02;5,2
15.10.2020 14:17;5,4
15.10.2020 14:32;5,4
15.10.2020 14:47;5,4
15.10.2020 15:02;5,3
15.10.2020 15:17;4,6
15.10.2020 15:32;3,9
15.10.2020 15:47;4,3
15.10.2020 16:02;4,3
15.10.2020 16:17;4,2
15.10.2020 16:32;4,1
15.10.2020 16:47;4,1
15.10.2020 17:02;4,3
15.10.2020 17:17;4,3
15.10.2020 17:32;4,5
15.10.2020 17:47;4,4
15.10.2020 18:02;4,1
15.10.2020 18:17;3
15.10.2020 18:32;3,2
15.10.2020 18:47;3,6
15.10.2020 19:02;3,7
15.10.2020 19:17;3,7
15.10.2020 19:32;3,6
15.10.2020 19:47;3,5
15.10.2020 20:02;3,4
15.10.2020 20:17;3,4
15.10.2020 20:32;3,4
15.10.2020 20:47;3,5
15.10.2020 21:02;3,5
15.10.2020 21:17;3,4
15.10.2020 21:32;3,4
15.10.2020 21:47;3,4
15.10.2020 22:02;3,4
15.10.2020 22:17;3,4
15.10.2020 22:32;3,4
15.10.2020 22:47;3,6
15.10.2020 23:02;3,6
15.10.2020 23:17;3,5
15.10.2020 23:32;3,6
15.10.2020 23:47;3,6
16.10.2020 0:02;3,8
16.10.2020 0:17;3,7
16.10.2020 0:32;3,7
16.10.2020 0:47;3,7
16.10.2020 1:02;3,5
16.10.2020 1:17;3,6
16.10.2020 1:32;3,5
16.10.2020 1:47;3,5
16.10.2020 2:02;3,5
16.10.2020 2:17;3,5
16.10.2020 2:32;3,5
16.10.2020 2:47;3,6
16.10.2020 3:02;3,6
16.10.2020 3:17;3,2
16.10.2020 3:32;3
16.10.2020 3:47;3
16.10.2020 4:02;3,2
16.10.2020 4:17;3,1
16.10.2020 4:32;3,1
16.10.2020 4:47;3,1
16.10.2020 5:02;3
16.10.2020 5:17;3,2
16.10.2020 5:32;3,3
16.10.2020 5:47;3,1
16.10.2020 6:02;3,1
16.10.2020 6:17;2,9
16.10.2020 6:32;3,1
16.10.2020 6:47;3,1
16.10.2020 7:02;3,1
16.10.2020 7:17;3
16.10.2020 7:32;3
16.10.2020 7:47;2,7
16.10.2020 8:02;2,7
16.10.2020 8:17;2,8
16.10.2020 8:32;2,9
16.10.2020 8:47;3,2
16.10.2020 9:02;3,4
16.10.2020 9:17;3,6
16.10.2020 9:32;3,7
16.10.2020 9:47;4
16.10.2020 10:02;3,9
16.10.2020 10:17;4
16.10.2020 10:32;4
16.10.2020 10:47;4
16.10.2020 11:02;4
16.10.2020 11:17;4,1
16.10.2020 11:32;4,4
16.10.2020 11:47;4,1
16.10.2020 12:02;4,2
16.10.2020 12:17;4,3
16.10.2020 12:32;4,4
16.10.2020 12:47;4,4
16.10.2020 13:02;4,6
16.10.2020 13:17;4,4
16.10.2020 13:32;4,5
16.10.2020 13:47;4,6
16.10.2020 14:02;4,5
16.10.2020 14:17;4,4
16.10.2020 14:32;4,4
16.10.2020 14:47;4,3
16.10.2020 15:02;4,3
16.10.2020 15:17;3,9
16.10.2020 15:32;3,7
16.10.2020 15:47;2,7
16.10.2020 16:02;2,6
16.10.2020 16:17;2,6
16.10.2020 16:32;2,9
16.10.2020 16:47;2,9
16.10.2020 17:02;3
16.10.2020 17:17;3,3
16.10.2020 17:32;3,2
16.10.2020 17:47;2,4
16.10.2020 18:02;2,2
16.10.2020 18:17;1,6
16.10.2020 18:32;1,3
16.10.2020 18:47;2
16.10.2020 19:02;2
16.10.2020 19:17;2,1
16.10.2020 19:32;1,8
16.10.2020 19:47;-0,4
16.10.2020 20:02;-0,8
16.10.2020 20:17;-0,4
16.10.2020 20:32;-0,5
16.10.2020 20:47;0,7
16.10.2020 21:02;1
16.10.2020 21:17;-0,9
16.10.2020 21:32;-0,9
16.10.2020 21:47;-1,2
16.10.2020 22:02;-1,2
16.10.2020 22:17;-0,9
16.10.2020 22:32;-0,6
16.10.2020 22:47;-0,8
16.10.2020 23:02;-1,5
16.10.2020 23:17;-1,8
16.10.2020 23:32;-0,7
16.10.2020 23:47;-2,6
17.10.2020 0:02;-1,3
17.10.2020 0:17;-2,9
17.10.2020 0:32;-2
17.10.2020 0:47;-2,7
17.10.2020 1:02;-2,2
17.10.2020 1:17;-2,4
17.10.2020 1:32;-2,6
17.10.2020 1:47;-2,4
17.10.2020 2:02;-2,2
17.10.2020 2:17;-2,3
17.10.2020 2:32;-2,2
17.10.2020 2:47;-2,2
17.10.2020 3:02;-2,3
17.10.2020 3:17;-2,5
17.10.2020 3:32;-2,6
17.10.2020 3:47;-2,5
17.10.2020 4:02;-2,5
17.10.2020 4:17;-2,6
17.10.2020 4:32;-2,5
17.10.2020 4:47;-2,2
17.10.2020 5:02;-2,2
17.10.2020 5:17;-2
17.10.2020 5:32;-1,8
17.10.2020 5:47;-1,4
17.10.2020 6:02;-1,4
17.10.2020 6:17;-1
17.10.2020 6:32;-0,7
17.10.2020 6:47;-0,6
17.10.2020 7:02;-0,4
17.10.2020 7:17;0,2
17.10.2020 7:32;0,7
17.10.2020 7:47;1,5
17.10.2020 8:02;1,8
17.10.2020 8:17;2,2
17.10.2020 8:32;2,5
17.10.2020 8:47;3
17.10.2020 9:02;3,2
17.10.2020 9:17;4,3
17.10.2020 9:32;4,7
17.10.2020 9:47;5,1
17.10.2020 10:02;5
17.10.2020 10:17;5,4
17.10.2020 10:32;5,8
17.10.2020 10:47;6,4
17.10.2020 11:02;6,2
17.10.2020 11:17;5,9
17.10.2020 11:32;6,1
17.10.2020 11:47;6,1
17.10.2020 12:02;6
17.10.2020 12:17;6,2
17.10.2020 12:32;6,5
17.10.2020 12:47;7,6
17.10.2020 13:02;7,3
17.10.2020 13:17;7,1
17.10.2020 13:32;7,1
17.10.2020 13:47;7,2
17.10.2020 14:02;7
17.10.2020 14:17;6,9
17.10.2020 14:32;6,8
17.10.2020 14:47;6,7
17.10.2020 15:02;6,4
17.10.2020 15:17;6,2
17.10.2020 15:32;6,2
17.10.2020 15:47;6,1
17.10.2020 16:02;5,8
17.10.2020 16:17;5,6
17.10.2020 16:32;5,7
17.10.2020 16:47;5,9
17.10.2020 17:02;6
17.10.2020 17:17;6
17.10.2020 17:32;6,1
17.10.2020 17:47;6
17.10.2020 18:02;5,9
17.10.2020 18:17;6
17.10.2020 18:32;5,8
17.10.2020 18:47;5,8
17.10.2020 19:02;5,8
17.10.2020 19:17;5,8
17.10.2020 19:32;5,7
17.10.2020 19:47;5,7
17.10.2020 20:02;5,5
17.10.2020 20:17;5,5
17.10.2020 20:32;5,6
17.10.2020 20:47;5,6
17.10.2020 21:02;5,6
17.10.2020 21:17;5,8
17.10.2020 21:32;5,9
17.10.2020 21:47;6,2
17.10.2020 22:02;6,3
17.10.2020 22:17;6,3
17.10.2020 22:32;6,4
17.10.2020 22:47;6,5
17.10.2020 23:02;6,5
17.10.2020 23:17;6,6
17.10.2020 23:32;6,6
17.10.2020 23:47;6,7
18.10.2020 0:02;6,6
18.10.2020 0:17;6,6
18.10.2020 0:32;6,5
18.10.2020 0:47;6,5
18.10.2020 1:02;6,3
18.10.2020 1:17;6,3
18.10.2020 1:32;6,3
18.10.2020 1:47;6,3
18.10.2020 2:02;6,2
18.10.2020 2:17;6,3
18.10.2020 2:32;6,3
18.10.2020 2:47;6,2
18.10.2020 3:02;6,2
18.10.2020 3:17;6,2
18.10.2020 3:32;6,2
18.10.2020 3:47;6,2
18.10.2020 4:02;6,2
18.10.2020 4:17;6,1
18.10.2020 4:32;6,1
18.10.2020 4:47;6,1
18.10.2020 5:02;6,1
18.10.2020 5:17;6,1
18.10.2020 5:32;6,2
18.10.2020 5:47;6,2
18.10.2020 6:02;6,3
18.10.2020 6:17;6,2
18.10.2020 6:32;6,1
18.10.2020 6:47;6,2
18.10.2020 7:02;4,9
18.10.2020 7:17;3,4
18.10.2020 7:32;3,3
18.10.2020 7:47;2,7
18.10.2020 8:02;2,5
18.10.2020 8:17;2,4
18.10.2020 8:32;2,3
18.10.2020 8:47;2,4
18.10.2020 9:02;2,5
18.10.2020 9:17;2,6
18.10.2020 9:32;2,7
18.10.2020 9:47;2,9
18.10.2020 10:02;3
18.10.2020 10:17;3,1
18.10.2020 10:32;3,2
18.10.2020 10:47;3,3
18.10.2020 11:02;3,6
18.10.2020 11:17;3,5
18.10.2020 11:32;3,4
18.10.2020 11:47;3,3
18.10.2020 12:02;3,2
18.10.2020 12:17;3,5
18.10.2020 12:32;3,3
18.10.2020 12:47;3,1
18.10.2020 13:02;3
18.10.2020 13:17;3
18.10.2020 13:32;3
18.10.2020 13:47;3
18.10.2020 14:02;2,7
18.10.2020 14:17;2,6
18.10.2020 14:32;2,6
18.10.2020 14:47;2,4
18.10.2020 15:02;2,3
18.10.2020 15:17;2,1
18.10.2020 15:32;1,8
18.10.2020 15:47;1,8
18.10.2020 16:02;1,7
18.10.2020 16:17;1,5
18.10.2020 16:32;1,6
18.10.2020 16:47;2
18.10.2020 17:02;2
18.10.2020 17:17;1,6
18.10.2020 17:32;1,4
18.10.2020 17:47;1,4
18.10.2020 18:02;0,8
18.10.2020 18:17;0,5
18.10.2020 18:32;-0,1
18.10.2020 18:47;0,2
18.10.2020 19:02;0
18.10.2020 19:17;-0,3
18.10.2020 19:32;-0,5
18.10.2020 19:47;-0,8
18.10.2020 20:02;-1,7
18.10.2020 20:17;-1,2
18.10.2020 20:32;-1,4
18.10.2020 20:47;-1,7
18.10.2020 21:02;-1,9
18.10.2020 21:17;-1,7
18.10.2020 21:32;-1,8
18.10.2020 21:47;-1,9
18.10.2020 22:02;-1,9
18.10.2020 22:17;-1,7
18.10.2020 22:32;-1,5
18.10.2020 22:47;-1,2
18.10.2020 23:02;-1
18.10.2020 23:17;-0,8
18.10.2020 23:32;-0,6
18.10.2020 23:47;-0,4
19.10.2020 0:02;-0,4
19.10.2020 0:17;-0,7
19.10.2020 0:32;-0,7
19.10.2020 0:47;-1,1
19.10.2020 1:02;-1,1
19.10.2020 1:17;-1,3
19.10.2020 1:32;-1,5
19.10.2020 1:47;-1,5
19.10.2020 2:02;-1,6
19.10.2020 2:17;-1,9
19.10.2020 2:32;-1,5
19.10.2020 2:47;-1,4
19.10.2020 3:02;-1,3
19.10.2020 3:17;-1,3
19.10.2020 3:32;-1,3
19.10.2020 3:47;-1,3
19.10.2020 4:02;-1,3
19.10.2020 4:17;-1,6
19.10.2020 4:32;-1,7
19.10.2020 4:47;-1,9
19.10.2020 5:02;-2,5
19.10.2020 5:17;-2,1
19.10.2020 5:32;-2,1
19.10.2020 5:47;-2,1
19.10.2020 6:02;-2,1
19.10.2020 6:17;-2
19.10.2020 6:32;-1,7
19.10.2020 6:47;-1,4
19.10.2020 7:02;-0,6
19.10.2020 7:17;-1,3
19.10.2020 7:32;-1,2
19.10.2020 7:47;-1,1
19.10.2020 8:02;-1,1
19.10.2020 8:17;-0,8
19.10.2020 8:32;-0,8
19.10.2020 8:47;-0,3
19.10.2020 9:02;-0,6
19.10.2020 9:17;-0,2
19.10.2020 9:32;-0,4
19.10.2020 9:47;0,3
19.10.2020 10:02;1,1
19.10.2020 10:17;1
19.10.2020 10:32;1,5
19.10.2020 10:47;1,5
19.10.2020 11:02;1,8
19.10.2020 11:17;2,2
19.10.2020 11:32;2,2
19.10.2020 11:47;2,1
19.10.2020 12:02;2,4
19.10.2020 12:17;2,3
19.10.2020 12:32;2,3
19.10.2020 12:47;2,6
19.10.2020 13:02;2,4
19.10.2020 13:17;2,3
19.10.2020 13:32;2,3
19.10.2020 13:47;2,2
19.10.2020 14:02;2,2
19.10.2020 14:17;2,2
19.10.2020 14:32;2,2
19.10.2020 14:47;2
19.10.2020 15:02;1,9
19.10.2020 15:17;1,3
19.10.2020 15:32;0,9
19.10.2020 15:47;1,4
19.10.2020 16:02;1,3
19.10.2020 16:17;1,6
19.10.2020 16:32;1,7
19.10.2020 16:47;1,8
19.10.2020 17:02;1,5
19.10.2020 17:17;1,5
19.10.2020 17:32;1,5
19.10.2020 17:47;1,2
19.10.2020 18:02;0,9
19.10.2020 18:17;0,9
19.10.2020 18:32;0,9
19.10.2020 18:47;1
19.10.2020 19:02;1,1
19.10.2020 19:17;1,1
19.10.2020 19:32;1,1
19.10.2020 19:47;1,1
19.10.2020 20:02;1
19.10.2020 20:17;1,2
19.10.2020 20:32;1
19.10.2020 20:47;1,2
19.10.2020 21:02;1,4
19.10.2020 21:17;1,3
19.10.2020 21:32;1,4
19.10.2020 21:47;1,4
19.10.2020 22:02;1,5
19.10.2020 22:17;1,4
19.10.2020 22:32;1,4
19.10.2020 22:47;1,1
19.10.2020 23:02;1,2
19.10.2020 23:17;1,3
19.10.2020 23:32;1,4
19.10.2020 23:47;1,6
20.10.2020 0:02;1,8
20.10.2020 0:17;1,7
20.10.2020 0:32;1,7
20.10.2020 0:47;1,9
20.10.2020 1:02;1,9
20.10.2020 1:17;2
20.10.2020 1:32;2
20.10.2020 1:47;2
20.10.2020 2:02;2
20.10.2020 2:17;1,9
20.10.2020 2:32;1,8
20.10.2020 2:47;1,6
20.10.2020 3:02;1,8
20.10.2020 3:17;1,8
20.10.2020 3:32;1,7
20.10.2020 3:47;1,5
20.10.2020 4:02;1,5
20.10.2020 4:17;1,6
20.10.2020 4:32;1,6
20.10.2020 4:47;1,7
20.10.2020 5:02;1,8
20.10.2020 5:17;1,7
20.10.2020 5:32;1,8
20.10.2020 5:47;1,8
20.10.2020 6:02;1,9
20.10.2020 6:17;1,9
20.10.2020 6:32;1,8
20.10.2020 6:47;1,6
20.10.2020 7:02;1,4
20.10.2020 7:17;1,8
20.10.2020 7:32;1,2
20.10.2020 7:47;1,1
20.10.2020 8:02;1,5
20.10.2020 8:17;1,4
20.10.2020 8:32;1,4
20.10.2020 8:47;1,4
20.10.2020 9:02;1,3
20.10.2020 9:17;1,7
20.10.2020 9:32;1,1
20.10.2020 9:47;1,4
20.10.2020 10:02;1,7
20.10.2020 10:17;2
20.10.2020 10:32;2
20.10.2020 10:47;2
20.10.2020 11:02;1,4
20.10.2020 11:17;2
20.10.2020 11:32;2,1
20.10.2020 11:47;2,8
20.10.2020 12:02;2,1
20.10.2020 12:17;2,3
20.10.2020 12:32;2,3
20.10.2020 12:47;1,7
20.10.2020 13:02;1,9
20.10.2020 13:17;1,7
20.10.2020 13:32;1,6
20.10.2020 13:47;1,7
20.10.2020 14:02;1,6
20.10.2020 14:17;1,5
20.10.2020 14:32;1,4
20.10.2020 14:47;1,2
20.10.2020 15:02;1,3
20.10.2020 15:17;1,2
20.10.2020 15:32;1,1
20.10.2020 15:47;1
20.10.2020 16:02;1,1
20.10.2020 16:17;0,6
20.10.2020 16:32;0,6
20.10.2020 16:47;0,6
20.10.2020 17:02;0,5
20.10.2020 17:17;0,2
20.10.2020 17:32;0,2
20.10.2020 17:47;0
20.10.2020 18:02;-0,1
20.10.2020 18:17;-0,1
20.10.2020 18:32;0
20.10.2020 18:47;-0,1
20.10.2020 19:02;-0,2
20.10.2020 19:17;-0,4
20.10.2020 19:32;-0,5
20.10.2020 19:47;-1,1
20.10.2020 20:02;-1,4
20.10.2020 20:17;-1,5
20.10.2020 20:32;-1,6
20.10.2020 20:47;-1,6
20.10.2020 21:02;-1,9
20.10.2020 21:17;-2,7
20.10.2020 21:32;-2,8
20.10.2020 21:47;-3
20.10.2020 22:02;-2,9
20.10.2020 22:17;-3,3
20.10.2020 22:32;-3,3
20.10.2020 22:47;-3,8
20.10.2020 23:02;-3,8
20.10.2020 23:17;-3,8
20.10.2020 23:32;-3,9
20.10.2020 23:47;-3,6
21.10.2020 0:02;-3,6
21.10.2020 0:17;-3,5
21.10.2020 0:32;-3,6
21.10.2020 0:47;-3,5
21.10.2020 1:02;-3,9
21.10.2020 1:17;-3,7
21.10.2020 1:32;-3,7
21.10.2020 1:47;-3,7
21.10.2020 2:02;-3,9
21.10.2020 2:17;-3,7
21.10.2020 2:32;-3,5
21.10.2020 2:47;-2,2
21.10.2020 3:02;-2,1
21.10.2020 3:17;-1,8
21.10.2020 3:32;-1,7
21.10.2020 3:47;-1,9
21.10.2020 4:02;-1,9
21.10.2020 4:17;-1,7
21.10.2020 4:32;-1,7
21.10.2020 4:47;-1,6
21.10.2020 5:02;-1,7
21.10.2020 5:17;-1,6
21.10.2020 5:32;-1,6
21.10.2020 5:47;-1,4
21.10.2020 6:02;-1,4
21.10.2020 6:17;-1,2
21.10.2020 6:32;-1,2
21.10.2020 6:47;-1
21.10.2020 7:02;-0,9
21.10.2020 7:17;-0,7
21.10.2020 7:32;-0,6
21.10.2020 7:47;-0,4
21.10.2020 8:02;-0,3
21.10.2020 8:17;-0,2
21.10.2020 8:32;-0,1
21.10.2020 8:47;0,2
21.10.2020 9:02;0,2
21.10.2020 9:17;0,4
21.10.2020 9:32;0,5
21.10.2020 9:47;0,7
21.10.2020 10:02;1
21.10.2020 10:17;1,3
21.10.2020 10:32;1,6
21.10.2020 10:47;1,8
21.10.2020 11:02;2
21.10.2020 11:17;2,1
21.10.2020 11:32;2,4
21.10.2020 11:47;2,5
21.10.2020 12:02;2,5
21.10.2020 12:17;2,7
21.10.2020 12:32;2,7
21.10.2020 12:47;2,7
21.10.2020 13:02;2,7
21.10.2020 13:17;2,7
21.10.2020 13:32;2,7
21.10.2020 13:47;2,6
21.10.2020 14:02;2,6
21.10.2020 14:17;2,6
21.10.2020 14:32;2,6
21.10.2020 14:47;2,6
21.10.2020 15:02;2,6
21.10.2020 15:17;2,5
21.10.2020 15:32;2,4
21.10.2020 15:47;2,4
21.10.2020 16:02;2,3
21.10.2020 16:17;2,3
21.10.2020 16:32;2,3
21.10.2020 16:47;2,3
21.10.2020 17:02;2,3
21.10.2020 17:17;2,3
21.10.2020 17:32;2,2
21.10.2020 17:47;2,2
21.10.2020 18:02;2,2
21.10.2020 18:17;2,2
21.10.2020 18:32;2,2
21.10.2020 18:47;2,1
21.10.2020 19:02;2,1
21.10.2020 19:17;2,1
21.10.2020 19:32;2,1
21.10.2020 19:47;2,2
21.10.2020 20:02;2,2
21.10.2020 20:17;2,3
21.10.2020 20:32;2,4
21.10.2020 20:47;2,6
21.10.2020 21:02;2,7
21.10.2020 21:17;2,9
21.10.2020 21:32;2,9
21.10.2020 21:47;3
21.10.2020 22:02;3,1
21.10.2020 22:17;3,2
21.10.2020 22:32;3,2
21.10.2020 22:47;3,3
21.10.2020 23:02;3,3
21.10.2020 23:17;3,4
21.10.2020 23:32;3,4
21.10.2020 23:47;3,5
22.10.2020 0:02;3,5
22.10.2020 0:17;3,7
22.10.2020 0:32;3,8
22.10.2020 0:47;3,9
22.10.2020 1:02;3,9
22.10.2020 1:17;4
22.10.2020 1:32;4,1
22.10.2020 1:47;4,1
22.10.2020 2:02;4,1
22.10.2020 2:17;4,1
22.10.2020 2:32;4,1
22.10.2020 2:47;4,1
22.10.2020 3:02;4,2
22.10.2020 3:17;4,3
22.10.2020 3:32;4,3
22.10.2020 3:47;4,3
22.10.2020 4:02;4,4
22.10.2020 4:17;4,4
22.10.2020 4:32;4,4
22.10.2020 4:47;4,5
22.10.2020 5:02;4,5
22.10.2020 5:17;4,6
22.10.2020 5:32;4,7
22.10.2020 5:47;4,8
22.10.2020 6:02;4,7
22.10.2020 6:17;4,8
22.10.2020 6:32;4,8
22.10.2020 6:47;4,9
22.10.2020 7:02;4,9
22.10.2020 7:17;5
22.10.2020 7:32;5
22.10.2020 7:47;5
22.10.2020 8:02;5,1
22.10.2020 8:17;5,2
22.10.2020 8:32;5,3
22.10.2020 8:47;5,5
22.10.2020 9:02;5,5
22.10.2020 9:17;5,6
22.10.2020 9:32;5,6
22.10.2020 9:47;5,7
22.10.2020 10:02;5,7
22.10.2020 10:17;5,8
22.10.2020 10:32;5,8
22.10.2020 10:47;5,9
22.10.2020 11:02;6
22.10.2020 11:17;6
22.10.2020 11:32;6
22.10.2020 11:47;6,1
22.10.2020 12:02;6,1
22.10.2020 12:17;6,1
22.10.2020 12:32;6,1
22.10.2020 12:47;6,1
22.10.2020 13:02;6
22.10.2020 13:17;6
22.10.2020 13:32;6
22.10.2020 13:47;5,9
22.10.2020 14:02;5,9
22.10.2020 14:17;6
22.10.2020 14:32;6
22.10.2020 14:47;6
22.10.2020 15:02;6
22.10.2020 15:17;6
22.10.2020 15:32;6,1
22.10.2020 15:47;6,1
22.10.2020 16:02;6,1
22.10.2020 16:17;6,1
22.10.2020 16:32;6,1
22.10.2020 16:47;6,1
22.10.2020 17:02;6
22.10.2020 17:17;6
22.10.2020 17:32;6
22.10.2020 17:47;6
22.10.2020 18:02;6
22.10.2020 18:17;6,1
22.10.2020 18:32;6,1
22.10.2020 18:47;6,1
22.10.2020 19:02;6,1
22.10.2020 19:17;6,1
22.10.2020 19:32;6,2
22.10.2020 19:47;6,1
22.10.2020 20:02;6,1
22.10.2020 20:17;6,2
22.10.2020 20:32;6,3
22.10.2020 20:47;6,4
22.10.2020 21:02;6,4
22.10.2020 21:17;6,4
22.10.2020 21:32;6,5
22.10.2020 21:47;6,5
22.10.2020 22:02;6,4
22.10.2020 22:17;6,4
22.10.2020 22:32;6,4
22.10.2020 22:47;6,4
22.10.2020 23:02;6,4
22.10.2020 23:17;6,4
22.10.2020 23:32;6,4
22.10.2020 23:47;6,5
23.10.2020 0:02;6,5
23.10.2020 0:17;6,4
23.10.2020 0:32;6,5
23.10.2020 0:47;6,6
23.10.2020 1:02;6,7
23.10.2020 1:17;6,8
23.10.2020 1:32;6,9
23.10.2020 1:47;7,1
23.10.2020 2:02;7,1
23.10.2020 2:17;7,1
23.10.2020 2:32;7,1
23.10.2020 2:47;7,2
23.10.2020 3:02;7,2
23.10.2020 3:17;7,3
23.10.2020 3:32;7,3
23.10.2020 3:47;7,4
23.10.2020 4:02;7,4
23.10.2020 4:17;7,5
23.10.2020 4:32;7,5
23.10.2020 4:47;7,5
23.10.2020 5:02;7,5
23.10.2020 5:17;7,5
23.10.2020 5:32;7,5
23.10.2020 5:47;7,6
23.10.2020 6:02;7,6
23.10.2020 6:17;7,6
23.10.2020 6:32;7,6
23.10.2020 6:47;7,7
23.10.2020 7:02;7,7
23.10.2020 7:17;7,8
23.10.2020 7:32;7,9
23.10.2020 7:47;8,1
23.10.2020 8:02;8,2
23.10.2020 8:17;8,5
23.10.2020 8:32;8,7
23.10.2020 8:47;9,4
23.10.2020 9:02;9,7
23.10.2020 9:17;10,2
23.10.2020 9:32;10
23.10.2020 9:47;10,1
23.10.2020 10:02;10
23.10.2020 10:17;10
23.10.2020 10:32;9,9
23.10.2020 10:47;9,9
23.10.2020 11:02;10,1
23.10.2020 11:17;10
23.10.2020 11:32;10,1
23.10.2020 11:47;10,1
23.10.2020 12:02;9,9
23.10.2020 12:17;9,5
23.10.2020 12:32;9,3
23.10.2020 12:47;8,3
23.10.2020 13:02;7,3
23.10.2020 13:17;6,6
23.10.2020 13:32;6,4
23.10.2020 13:47;5,8
23.10.2020 14:02;5,4
23.10.2020 14:17;4,7
23.10.2020 14:32;4,5
23.10.2020 14:47;4,3
23.10.2020 15:02;4,1
23.10.2020 15:17;3,9
23.10.2020 15:32;3,7
23.10.2020 15:47;3,4
23.10.2020 16:02;3,3
23.10.2020 16:17;3,2
23.10.2020 16:32;3,3
23.10.2020 16:47;3,2
23.10.2020 17:02;3,1
23.10.2020 17:17;2,8
23.10.2020 17:32;2,9
23.10.2020 17:47;2,7
23.10.2020 18:02;2,3
23.10.2020 18:17;1,9
23.10.2020 18:32;1,7
23.10.2020 18:47;1,4
23.10.2020 19:02;1,6
23.10.2020 19:17;1,6
23.10.2020 19:32;1,5
23.10.2020 19:47;1,2
23.10.2020 20:02;1,1
23.10.2020 20:17;0,9
23.10.2020 20:32;0,7
23.10.2020 20:47;0,6
23.10.2020 21:02;0,6
23.10.2020 21:17;0,4
23.10.2020 21:32;0,3
23.10.2020 21:47;0,2
23.10.2020 22:02;0,2
23.10.2020 22:17;-0,2
23.10.2020 22:32;-0,3
23.10.2020 22:47;-0,7
23.10.2020 23:02;-0,9
23.10.2020 23:17;-1
23.10.2020 23:32;-1,1
23.10.2020 23:47;-1,2
24.10.2020 0:02;-1,2
24.10.2020 0:17;-1,1
24.10.2020 0:32;-1,1
24.10.2020 0:47;-1,5
24.10.2020 1:02;-1,5
24.10.2020 1:17;-1,8
24.10.2020 1:32;-1,9
24.10.2020 1:47;-2
24.10.2020 2:02;-1,9
24.10.2020 2:17;-2
24.10.2020 2:32;-2,1
24.10.2020 2:47;-1,9
24.10.2020 3:02;-1,9
24.10.2020 3:17;-1,8
24.10.2020 3:32;-1,6
24.10.2020 3:47;-1,8
24.10.2020 4:02;-2,3
24.10.2020 4:17;-2,4
24.10.2020 4:32;-2,2
24.10.2020 4:47;-2,1
24.10.2020 5:02;-2,1
24.10.2020 5:17;-1,9
24.10.2020 5:32;-1,8
24.10.2020 5:47;-1,5
24.10.2020 6:02;-1,5
24.10.2020 6:17;-1,5
24.10.2020 6:32;-1,4
24.10.2020 6:47;-1,3
24.10.2020 7:02;-1,3
24.10.2020 7:17;-1,2
24.10.2020 7:32;-1,1
24.10.2020 7:47;-0,8
24.10.2020 8:02;-0,6
24.10.2020 8:17;-0,4
24.10.2020 8:32;-0,2
24.10.2020 8:47;0
24.10.2020 9:02;0,1
24.10.2020 9:17;0,8
24.10.2020 9:32;0,9
24.10.2020 9:47;1,2
24.10.2020 10:02;1,4
24.10.2020 10:17;1,6
24.10.2020 10:32;1,7
24.10.2020 10:47;2,1
24.10.2020 11:02;2,3
24.10.2020 11:17;2,5
24.10.2020 11:32;2,6
24.10.2020 11:47;2,8
24.10.2020 12:02;2,8
24.10.2020 12:17;3
24.10.2020 12:32;2,9
24.10.2020 12:47;2,9
24.10.2020 13:02;2,9
24.10.2020 13:17;2,9
24.10.2020 13:32;2,8
24.10.2020 13:47;2,4
24.10.2020 14:02;2,4
24.10.2020 14:17;2,5
24.10.2020 14:32;2,1
24.10.2020 14:47;1,2
24.10.2020 15:02;0,2
24.10.2020 15:17;-0,8
24.10.2020 15:32;-0,3
24.10.2020 15:47;-0,4
24.10.2020 16:02;-0,6
24.10.2020 16:17;-0,6
24.10.2020 16:32;-1
24.10.2020 16:47;-1,1
24.10.2020 17:02;-1,6
24.10.2020 17:17;-1,4
24.10.2020 17:32;-1,2
24.10.2020 17:47;-1,3
24.10.2020 18:02;-1,2
24.10.2020 18:17;-1,6
24.10.2020 18:32;-1,4
24.10.2020 18:47;-1,2
24.10.2020 19:02;-1,5
24.10.2020 19:17;-0,9
24.10.2020 19:32;-0,6
24.10.2020 19:47;-0,9
24.10.2020 20:02;0,4
24.10.2020 20:17;-0,5
24.10.2020 20:32;1,8
24.10.2020 20:47;2,2
24.10.2020 21:02;0,7
24.10.2020 21:17;0,9
24.10.2020 21:32;0,2
24.10.2020 21:47;-0,7
24.10.2020 22:02;-1,3
24.10.2020 22:17;-0,8
24.10.2020 22:32;-1,6
24.10.2020 22:47;-1,1
24.10.2020 23:02;-0,5
24.10.2020 23:17;-1,7
24.10.2020 23:32;-1,8
24.10.2020 23:47;-1,4
25.10.2020 0:02;-1,4
25.10.2020 0:17;-2,5
25.10.2020 0:32;-2,1
25.10.2020 0:47;-2,4
25.10.2020 1:02;-1,4
25.10.2020 1:17;-1,3
25.10.2020 1:32;-0,7
25.10.2020 1:47;-0,6
25.10.2020 2:02;-0,6
25.10.2020 2:17;-0,7
25.10.2020 2:32;-0,8
25.10.2020 2:47;-1,1
25.10.2020 3:02;-1
25.10.2020 3:17;-1,6
25.10.2020 3:32;-1,7
25.10.2020 3:47;-2,2
25.10.2020 4:02;-2,5
25.10.2020 4:17;-2,6
25.10.2020 4:32;-2,2
25.10.2020 4:47;-3,2
25.10.2020 5:02;-3,4
25.10.2020 5:17;-3,2
25.10.2020 5:32;-2,4
25.10.2020 5:47;-1,5
25.10.2020 6:02;-0,5
25.10.2020 6:17;-2
25.10.2020 6:32;-1,9
25.10.2020 6:47;-0,1
25.10.2020 7:02;-0,1
25.10.2020 7:17;-0,4
25.10.2020 7:32;0,5
25.10.2020 7:47;2,1
25.10.2020 8:02;3,2
25.10.2020 8:17;4
25.10.2020 8:32;3,8
25.10.2020 8:47;4,3
25.10.2020 9:02;4,8
25.10.2020 9:17;4,2
25.10.2020 9:32;4,5
25.10.2020 9:47;4,9
25.10.2020 10:02;5,1
25.10.2020 10:17;5,1
25.10.2020 10:32;4,9
25.10.2020 10:47;5,2
25.10.2020 11:02;5
25.10.2020 11:17;5,5
25.10.2020 11:32;5,2
25.10.2020 11:47;4,6
25.10.2020 12:02;5,2
25.10.2020 12:17;5,2
25.10.2020 12:32;5
25.10.2020 12:47;4,9
25.10.2020 13:02;4,5
25.10.2020 13:17;4,3
25.10.2020 13:32;4,3
25.10.2020 13:47;4,2
25.10.2020 14:02;4,1
25.10.2020 14:17;3,8
25.10.2020 14:32;3,8
25.10.2020 14:47;3,3
25.10.2020 15:02;2,9
25.10.2020 15:17;3,2
25.10.2020 15:32;3,4
25.10.2020 15:47;3,3
25.10.2020 16:02;3,5
25.10.2020 16:17;3,4
25.10.2020 16:32;3,4
25.10.2020 16:47;3,5
25.10.2020 17:02;3,4
25.10.2020 17:17;3,6
25.10.2020 17:32;3,5
25.10.2020 17:47;3,7
25.10.2020 18:02;3,8
25.10.2020 18:17;3,7
25.10.2020 18:32;3,7
25.10.2020 18:47;3,9
25.10.2020 19:02;4
25.10.2020 19:17;4,1
25.10.2020 19:32;4,2
25.10.2020 19:47;4,3
25.10.2020 20:02;4,3
25.10.2020 20:17;3,9
25.10.2020 20:32;3,9
25.10.2020 20:47;4,3
25.10.2020 21:02;4,4
25.10.2020 21:17;4,7
25.10.2020 21:32;4,8
25.10.2020 21:47;5,2
25.10.2020 22:02;5,2
25.10.2020 22:17;5,2
25.10.2020 22:32;5,3
25.10.2020 22:47;5,4
25.10.2020 23:02;5,5
25.10.2020 23:17;5,4
25.10.2020 23:32;5,4
25.10.2020 23:47;5,5
